<?xml version="1.0" encoding="UTF-8"?><export xmlns:xsi="http://www.w3.org/2001/XMLSchema-instance" xmlns="http://zakupki.gov.ru/oos/export/1" xmlns:oos="http://zakupki.gov.ru/oos/types/1"><nsiDocRejectReasonList><nsiDocRejectReason><oos:code>IFI</oos:code><oos:reason>Выявление недостоверной информации, содержащейся в заявке на участие в закупке</oos:reason><oos:updateDate>2021-01-01T17:26:04.000000</oos:updateDate><oos:actual>true</oos:actual></nsiDocRejectReason><nsiDocRejectReason><oos:code>ABGD5156</oos:code><oos:reason>Непредставление информации и документов, предусмотренных п. 5 ч. 1 ст. 56 Закона № 44-ФЗ</oos:reason><oos:updateDate>2021-01-01T17:26:04.000000</oos:updateDate><oos:actual>true</oos:actual></nsiDocRejectReason><nsiDocRejectReason><oos:code>ABGDN5156</oos:code><oos:reason>Несоответствие информации и документов, предусмотренных п. 5 ч. 1 ст. 56 Закона № 44-ФЗ требованиям, установленным в приглашения принять участие в закупке</oos:reason><oos:updateDate>2021-01-01T17:26:04.000000</oos:updateDate><oos:actual>true</oos:actual></nsiDocRejectReason><nsiDocRejectReason><oos:code>NT12142</oos:code><oos:reason>Несоответствие участника закупки требованиям, указанным в приглашении принять участие в закупке и предусмотренным п. 12 ч. 1 ст. 42 Закона № 44-ФЗ</oos:reason><oos:updateDate>2021-01-01T17:26:04.000000</oos:updateDate><oos:actual>true</oos:actual></nsiDocRejectReason></nsiDocRejectReasonList></export>