<?xml version="1.0" encoding="UTF-8"?><export xmlns:xsi="http://www.w3.org/2001/XMLSchema-instance" xmlns="http://zakupki.gov.ru/oos/export/1" xmlns:oos="http://zakupki.gov.ru/oos/types/1"><nsiSpecialPurchases2020><nsiSpecialPurchase2020><oos:id>30492792</oos:id><oos:code>P7_2_83</oos:code><oos:fullName>Лекарственные препараты (п. 7 ч. 2 ст. 83, п. 3. ч. 2 ст. 83.1 Закона № 44-ФЗ)</oos:fullName><oos:shortName>Лекарственные препараты (п. 7 ч. 2 ст. 83, п. 3. ч. 2 ст. 83.1 Закона № 44-ФЗ)</oos:shortName><oos:actual>true</oos:actual></nsiSpecialPurchase2020><nsiSpecialPurchase2020><oos:id>30492793</oos:id><oos:code>P4_1_93</oos:code><oos:fullName>Закупки в соответствии с п. 4 ч. 1 ст. 93 Федерального закона № 44-ФЗ</oos:fullName><oos:shortName>Закупки в соответствии с п. 4 ч. 1 ст. 93 Федерального закона № 44-ФЗ</oos:shortName><oos:actual>true</oos:actual></nsiSpecialPurchase2020><nsiSpecialPurchase2020><oos:id>30492794</oos:id><oos:code>P5_1_93</oos:code><oos:fullName>Закупки в соответствии с п. 5 ч. 1 ст. 93 Федерального закона № 44-ФЗ</oos:fullName><oos:shortName>Закупки в соответствии с п. 5 ч. 1 ст. 93 Федерального закона № 44-ФЗ</oos:shortName><oos:actual>true</oos:actual></nsiSpecialPurchase2020><nsiSpecialPurchase2020><oos:id>30492795</oos:id><oos:code>P23_1_93</oos:code><oos:fullName>Услуги по содержанию и ремонту одного или нескольких нежилых помещений, переданных в безвозмездное пользование или оперативное управление заказчику, услуги по водо-, тепло-, газо- и энергоснабжению, услуги по охране, услуги по вывозу бытовых отходов в случае, если такие услуги оказываются другому лицу или другим лицам, пользующимся нежилыми помещениями, находящимися в здании, в котором расположены помещения, переданные заказчику в безвозмездное пользование или оперативное управление (п.23 ч.1 ст.93 Федерального закона №44-ФЗ)</oos:fullName><oos:shortName>Услуги по содержанию и ремонту нежилых помещений, а также по снабжению, охране и вывозу бытовых отходов (п.23 ч.1 ст.93 Федерального закона №44-ФЗ)</oos:shortName><oos:actual>true</oos:actual></nsiSpecialPurchase2020><nsiSpecialPurchase2020><oos:id>30492796</oos:id><oos:code>P26_1_93</oos:code><oos:fullName>Услуги, связанные с направлением работника в служебную командировку, а также связанные с участием в проведении фестивалей, концертов, представлений и подобных культурных мероприятий (в том числе гастролей) на основании приглашений на посещение указанных мероприятий (п.26 ч.1 ст.93 Федерального закона №44-ФЗ)</oos:fullName><oos:shortName>Служебные командировки, проведение культурных мероприятий (п.26 ч.1 ст.93 Федерального закона №44-ФЗ)</oos:shortName><oos:actual>true</oos:actual></nsiSpecialPurchase2020><nsiSpecialPurchase2020><oos:id>30492797</oos:id><oos:code>P33_1_93</oos:code><oos:fullName>Преподавательские услуги, а также услуги экскурсовода (гида), оказываемые физическими лицами (п.33 ч.1 ст.93 Федерального закона №44-ФЗ)</oos:fullName><oos:shortName>Преподавательские услуги, услуги экскурсовода (гида) (п.33 ч.1 ст.93 Федерального закона №44-ФЗ)</oos:shortName><oos:actual>true</oos:actual></nsiSpecialPurchase2020><nsiSpecialPurchase2020><oos:id>30492798</oos:id><oos:code>P42_1_93</oos:code><oos:fullName>Работы, связанные со сбором и обработкой первичных статистических данных при проведении на территории Российской Федерации федерального статистического наблюдения в соответствии с законодательством Российской Федерации об официальном статистическом учете, выполняемые физическими лицами (п.42 ч.1 ст.93 Федерального закона №44-ФЗ)</oos:fullName><oos:shortName>Работы по сбору и обработке первичных статистических данных (п.42 ч.1 ст.93 Федерального закона №44-ФЗ)</oos:shortName><oos:actual>true</oos:actual></nsiSpecialPurchase2020><nsiSpecialPurchase2020><oos:id>30492799</oos:id><oos:code>P44_1_93</oos:code><oos:fullName>Услуги по предоставлению права на доступ к информации, содержащейся в документальных, документографических, реферативных, полнотекстовых зарубежных базах данных и специализированных базах данных международных индексов научного цитирования (п.44 ч.1 ст.93 Федерального закона №44-ФЗ)</oos:fullName><oos:shortName>Услуги по предоставлению права на доступ к информации, содержащейся в базах данных международных индексов научного цитирования (п.44 ч.1 ст.93 Федерального закона №44-ФЗ)</oos:shortName><oos:actual>true</oos:actual></nsiSpecialPurchase2020><nsiSpecialPurchase2020><oos:id>45448859</oos:id><oos:code>P2_8_24</oos:code><oos:fullName>Лекарственные препараты (пп. «г» п. 2 ч. 8 ст. 24 Закона № 44-ФЗ)</oos:fullName><oos:shortName>Лекарственные препараты (пп. «г» п. 2 ч. 8 ст. 24 Закона № 44-ФЗ)</oos:shortName><oos:actual>false</oos:actual></nsiSpecialPurchase2020><nsiSpecialPurchase2020><oos:id>45448860</oos:id><oos:code>P12_93_44</oos:code><oos:fullName>Закупка товара у единственного поставщика на сумму, предусмотренную частью 12 статьи 93 Закона № 44-ФЗ</oos:fullName><oos:shortName>Закупка товара у единственного поставщика на сумму, предусмотренную частью 12 статьи 93 Закона № 44-ФЗ</oos:shortName><oos:actual>false</oos:actual></nsiSpecialPurchase2020></nsiSpecialPurchases2020></export>