<?xml version="1.0" encoding="UTF-8"?><export xmlns:xsi="http://www.w3.org/2001/XMLSchema-instance" xmlns="http://zakupki.gov.ru/oos/export/1" xmlns:oos="http://zakupki.gov.ru/oos/types/1"><nsiTRUAdmissionNPAs><nsiTRUAdmissionNPA><oos:NPACode>1</oos:NPACode><oos:typeCodes><oos:typeCode>3</oos:typeCode></oos:typeCodes><oos:shortName>Приказ Минфина от 04.06.2018 № 126н</oos:shortName><oos:name>Участникам, заявки или окончательные предложения которых содержат предложения о поставке товаров в соответствии с приказом Минфина России № 126н от 04.06.2018</oos:name><oos:isNPA155>false</oos:isNPA155><oos:startDate>2018-11-05</oos:startDate><oos:endDate>2023-11-05</oos:endDate><oos:actual>true</oos:actual><oos:orderNum>1</oos:orderNum><oos:updateDate>2021-01-01T17:25:47Z</oos:updateDate></nsiTRUAdmissionNPA><nsiTRUAdmissionNPA><oos:NPACode>2</oos:NPACode><oos:typeCodes><oos:typeCode>1</oos:typeCode></oos:typeCodes><oos:shortName>Постановление Правительства РФ от 16.11.2015 N 1236</oos:shortName><oos:name>Постановление Правительства РФ от 16.11.2015 N 1236 &quot;Об установлении запрета на допуск программного обеспечения, происходящего из иностранных государств, для целей осуществления закупок для обеспечения государственных и муниципальных нужд&quot;</oos:name><oos:isNPA155>false</oos:isNPA155><oos:startDate>2015-11-20</oos:startDate><oos:actual>true</oos:actual><oos:orderNum>42</oos:orderNum><oos:updateDate>2020-05-07T13:35:32Z</oos:updateDate></nsiTRUAdmissionNPA><nsiTRUAdmissionNPA><oos:NPACode>3</oos:NPACode><oos:shortName>Постановление Правительства РФ от 14.07.2014 N 656</oos:shortName><oos:name>Постановление Правительства РФ от 14.07.2014 N 656 &quot;Об установлении запрета на допуск отдельных видов товаров машиностроения, происходящих из иностранных государств, для целей осуществления закупок для обеспечения государственных и муниципальных нужд&quot;</oos:name><oos:isNPA155>false</oos:isNPA155><oos:startDate>2014-07-16</oos:startDate><oos:actual>false</oos:actual><oos:orderNum>43</oos:orderNum><oos:updateDate>2020-10-02T23:59:10Z</oos:updateDate></nsiTRUAdmissionNPA><nsiTRUAdmissionNPA><oos:NPACode>4</oos:NPACode><oos:shortName>Постановление Правительства РФ от 14.01.2017 N 9</oos:shortName><oos:name>Постановление Правительства РФ от 14.01.2017 N 9 &quot;Об установлении запрета на допуск товаров, происходящих из иностранных государств, работ (услуг), выполняемых (оказываемых) иностранными лицами, для целей осуществления закупок товаров, работ (услуг) для нужд обороны страны и безопасности государства&quot;</oos:name><oos:isNPA155>false</oos:isNPA155><oos:startDate>2017-01-16</oos:startDate><oos:actual>false</oos:actual><oos:orderNum>44</oos:orderNum><oos:updateDate>2020-07-10T23:22:31Z</oos:updateDate></nsiTRUAdmissionNPA><nsiTRUAdmissionNPA><oos:NPACode>5</oos:NPACode><oos:shortName>Постановление Правительства РФ от 11.08.2014 N 791</oos:shortName><oos:name>Постановление Правительства РФ от 11.08.2014 N 791 &quot;Об установлении запрета на допуск товаров легкой промышленности, происходящих из иностранных государств, и (или) услуг по прокату таких товаров в целях осуществления закупок для обеспечения федеральных нужд, нужд субъектов Российской Федерации и муниципальных нужд&quot;</oos:name><oos:isNPA155>false</oos:isNPA155><oos:startDate>2017-09-01</oos:startDate><oos:actual>false</oos:actual><oos:orderNum>45</oos:orderNum><oos:updateDate>2020-07-10T23:22:31Z</oos:updateDate></nsiTRUAdmissionNPA><nsiTRUAdmissionNPA><oos:NPACode>6</oos:NPACode><oos:typeCodes><oos:typeCode>1</oos:typeCode></oos:typeCodes><oos:shortName>Постановление Правительства РФ от 05.09.2017 N 1072</oos:shortName><oos:name>Постановление Правительства РФ от 05.09.2017 N 1072 &quot;Об установлении запрета на допуск отдельных видов товаров мебельной и деревообрабатывающей промышленности, происходящих из иностранных государств (за исключением государств - членов Евразийского экономического союза), для целей осуществления закупок для обеспечения государственных и муниципальных нужд&quot;</oos:name><oos:isNPA155>false</oos:isNPA155><oos:startDate>2017-09-21</oos:startDate><oos:endDate>2019-12-01</oos:endDate><oos:actual>false</oos:actual><oos:orderNum>31</oos:orderNum><oos:updateDate>2019-08-23T17:59:35Z</oos:updateDate></nsiTRUAdmissionNPA><nsiTRUAdmissionNPA><oos:NPACode>7</oos:NPACode><oos:shortName>Постановление Правительства РФ от 20.09.2018 N 1119</oos:shortName><oos:name>Постановление Правительства РФ от 20.09.2018 N 1119 &quot;Об ограничениях допуска оружия спортивного огнестрельного с нарезным стволом, патронов и боеприпасов прочих и их деталей, происходящих из иностранных государств, для целей осуществления закупок для обеспечения государственных и муниципальных нужд&quot;</oos:name><oos:isNPA155>false</oos:isNPA155><oos:startDate>2018-10-02</oos:startDate><oos:actual>false</oos:actual><oos:orderNum>46</oos:orderNum><oos:updateDate>2020-07-10T23:22:31Z</oos:updateDate></nsiTRUAdmissionNPA><nsiTRUAdmissionNPA><oos:NPACode>8</oos:NPACode><oos:typeCodes><oos:typeCode>4</oos:typeCode></oos:typeCodes><oos:shortName>Постановление Правительства РФ от 30.11.2015 N 1289</oos:shortName><oos:name>Постановление Правительства РФ от 30.11.2015 N 1289 &quot;Об ограничениях и условиях допуска происходящих из иностранных государств лекарственных препаратов, включенных в перечень жизненно необходимых и важнейших лекарственных препаратов, для целей осуществления закупок для обеспечения государственных и муниципальных нужд&quot;</oos:name><oos:isNPA155>false</oos:isNPA155><oos:startDate>2015-12-09</oos:startDate><oos:actual>true</oos:actual><oos:orderNum>47</oos:orderNum><oos:updateDate>2020-05-07T13:35:32Z</oos:updateDate></nsiTRUAdmissionNPA><nsiTRUAdmissionNPA><oos:NPACode>9</oos:NPACode><oos:typeCodes><oos:typeCode>4</oos:typeCode></oos:typeCodes><oos:shortName>Постановление Правительства РФ от 26.09.2016 N 968</oos:shortName><oos:name>Постановление Правительства РФ от 26.09.2016 N 968 &quot;Об ограничениях и условиях допуска отдельных видов радиоэлектронной продукции, происходящих из иностранных государств, для целей осуществления закупок для обеспечения государственных и муниципальных нужд&quot;</oos:name><oos:isNPA155>false</oos:isNPA155><oos:startDate>2016-09-30</oos:startDate><oos:endDate>2019-08-31</oos:endDate><oos:actual>false</oos:actual><oos:orderNum>34</oos:orderNum><oos:updateDate>2019-09-02T10:12:21Z</oos:updateDate></nsiTRUAdmissionNPA><nsiTRUAdmissionNPA><oos:NPACode>10</oos:NPACode><oos:typeCodes><oos:typeCode>2</oos:typeCode></oos:typeCodes><oos:shortName>Постановление Правительства РФ от 22.08.2016 N 832</oos:shortName><oos:name>Постановление Правительства РФ от 22.08.2016 N 832 &quot;Об ограничениях допуска отдельных видов пищевых продуктов, происходящих из иностранных государств, для целей осуществления закупок для обеспечения государственных и муниципальных нужд&quot;</oos:name><oos:isNPA155>false</oos:isNPA155><oos:startDate>2016-09-02</oos:startDate><oos:actual>true</oos:actual><oos:orderNum>48</oos:orderNum><oos:updateDate>2020-05-07T13:35:32Z</oos:updateDate></nsiTRUAdmissionNPA><nsiTRUAdmissionNPA><oos:NPACode>11</oos:NPACode><oos:typeCodes><oos:typeCode>4</oos:typeCode></oos:typeCodes><oos:shortName>Постановление Правительства РФ от 05.02.2015 N 102</oos:shortName><oos:name>Постановление Правительства РФ от 05.02.2015 N 102 &quot;Об ограничениях и условиях допуска отдельных видов медицинских изделий, происходящих из иностранных государств, для целей осуществления закупок для обеспечения государственных и муниципальных нужд&quot;</oos:name><oos:isNPA155>false</oos:isNPA155><oos:startDate>2015-02-13</oos:startDate><oos:actual>true</oos:actual><oos:orderNum>49</oos:orderNum><oos:updateDate>2020-05-07T13:35:32Z</oos:updateDate></nsiTRUAdmissionNPA><nsiTRUAdmissionNPA><oos:NPACode>12</oos:NPACode><oos:typeCodes><oos:typeCode>4</oos:typeCode></oos:typeCodes><oos:shortName>Постановление Правительства РФ от 04.12.2017 N 1469</oos:shortName><oos:name>Постановление Правительства РФ от 04.12.2017 N 1469 &quot;Об ограничениях и условиях допуска стентов для коронарных артерий металлических непокрытых, стентов для коронарных артерий, выделяющих лекарственное средство (в том числе с нерассасывающимся полимерным покрытием и с рассасывающимся полимерным покрытием), катетеров баллонных стандартных для коронарной ангиопластики, катетеров аспирационных для эмболэктомии (тромбэктомии), происходящих из иностранных государств, для целей осуществления закупок для обеспечения государственных и муниципальных нужд&quot;</oos:name><oos:isNPA155>false</oos:isNPA155><oos:startDate>2017-12-14</oos:startDate><oos:endDate>2019-12-14</oos:endDate><oos:actual>false</oos:actual><oos:orderNum>37</oos:orderNum><oos:updateDate>2019-08-23T17:59:35Z</oos:updateDate></nsiTRUAdmissionNPA><nsiTRUAdmissionNPA><oos:NPACode>13</oos:NPACode><oos:typeCodes><oos:typeCode>3</oos:typeCode></oos:typeCodes><oos:shortName>Приказ Минэкономразвития России от 25.03.2014 N 155</oos:shortName><oos:name>Приказ Минэкономразвития России от 25.03.2014 N 155 &quot;Об условиях допуска товаров, происходящих из иностранных государств, для целей осуществления закупок товаров, работ, услуг для обеспечения государственных и муниципальных нужд&quot;</oos:name><oos:isNPA155>true</oos:isNPA155><oos:startDate>2014-05-31</oos:startDate><oos:endDate>2018-11-04</oos:endDate><oos:actual>false</oos:actual><oos:orderNum>13</oos:orderNum><oos:updateDate>2019-01-05T17:40:18Z</oos:updateDate></nsiTRUAdmissionNPA><nsiTRUAdmissionNPA><oos:NPACode>14</oos:NPACode><oos:shortName>Постановление Правительства РФ от 07.03.2019 № 239</oos:shortName><oos:name>Постановление Правительства РФ от 07.03.2019 № 239 &quot;Об установлении запрета на допуск отдельных видов товаров станкоинструментальной промышленности, происходящих из иностранных государств, для целей осуществления закупок для нужд обороны страны и безопасности государства&quot;</oos:name><oos:isNPA155>false</oos:isNPA155><oos:startDate>2019-03-11</oos:startDate><oos:actual>false</oos:actual><oos:orderNum>50</oos:orderNum><oos:updateDate>2020-07-10T23:22:31Z</oos:updateDate></nsiTRUAdmissionNPA><nsiTRUAdmissionNPA><oos:NPACode>14</oos:NPACode><oos:shortName>Постановление Правительства РФ от 07.03.2019 № 239</oos:shortName><oos:name>Об установлении запрета на допуск товаров, происходящих из иностранных государств, работ (услуг), выполняемых (оказываемых) иностранными лицами, для целей осуществления закупок товаров, работ (услуг)</oos:name><oos:isNPA155>false</oos:isNPA155><oos:startDate>2019-03-11</oos:startDate><oos:actual>false</oos:actual><oos:orderNum>14</oos:orderNum><oos:updateDate>2020-05-06T15:52:47Z</oos:updateDate></nsiTRUAdmissionNPA><nsiTRUAdmissionNPA><oos:NPACode>15</oos:NPACode><oos:typeCodes><oos:typeCode>2</oos:typeCode></oos:typeCodes><oos:shortName>N 878 от 10.07.2019
</oos:shortName><oos:name>О мерах стимулирования производства радиоэлектронной продукции на территории Российской Федерации при осуществлении закупок товаров, работ, услуг для обеспечения государственных и муниципальных нужд, о внесении изменений в постановление Правительства Российской Федерации от 16 сентября 2016 г. N 925 и признании утратившими силу некоторых актов Правительства Российской Федерации</oos:name><oos:isNPA155>false</oos:isNPA155><oos:startDate>2019-07-27</oos:startDate><oos:actual>false</oos:actual><oos:orderNum>26</oos:orderNum><oos:updateDate>2019-08-22T11:40:29Z</oos:updateDate></nsiTRUAdmissionNPA><nsiTRUAdmissionNPA><oos:NPACode>15</oos:NPACode><oos:typeCodes><oos:typeCode>2</oos:typeCode></oos:typeCodes><oos:shortName>Постановление Правительства РФ N 878 от 10.07.2019
</oos:shortName><oos:name>О мерах стимулирования производства радиоэлектронной продукции на территории Российской Федерации при осуществлении закупок товаров, работ, услуг для обеспечения государственных и муниципальных нужд, о внесении изменений в постановление Правительства Российской Федерации от 16 сентября 2016 г. N 925 и признании утратившими силу некоторых актов Правительства Российской Федерации</oos:name><oos:isNPA155>false</oos:isNPA155><oos:startDate>2019-07-27</oos:startDate><oos:actual>false</oos:actual><oos:orderNum>26</oos:orderNum><oos:updateDate>2019-08-22T11:41:10Z</oos:updateDate></nsiTRUAdmissionNPA><nsiTRUAdmissionNPA><oos:NPACode>15</oos:NPACode><oos:typeCodes><oos:typeCode>2</oos:typeCode></oos:typeCodes><oos:shortName>Постановление Правительства РФ N 878 от 10.07.2019
</oos:shortName><oos:name>Постановление Правительства РФ N 878 от 10.07.2019
 О мерах стимулирования производства радиоэлектронной продукции на территории Российской Федерации при осуществлении закупок товаров, работ, услуг для обеспечения государственных и муниципальных нужд, о внесении изменений в постановление Правительства Российской Федерации от 16 сентября 2016 г. N 925 и признании утратившими силу некоторых актов Правительства Российской Федерации</oos:name><oos:isNPA155>false</oos:isNPA155><oos:startDate>2019-07-27</oos:startDate><oos:actual>false</oos:actual><oos:orderNum>26</oos:orderNum><oos:updateDate>2019-08-23T14:54:17Z</oos:updateDate></nsiTRUAdmissionNPA><nsiTRUAdmissionNPA><oos:NPACode>15</oos:NPACode><oos:typeCodes><oos:typeCode>2</oos:typeCode></oos:typeCodes><oos:shortName>Постановление Правительства РФ N 878 от 10.07.2019
</oos:shortName><oos:name>Постановление Правительства РФ N 878 от 10.07.2019
 &quot;О мерах стимулирования производства радиоэлектронной продукции на территории Российской Федерации при осуществлении закупок товаров, работ, услуг для обеспечения государственных и муниципальных нужд, о внесении изменений в постановление Правительства Российской Федерации от 16 сентября 2016 г. N 925 и признании утратившими силу некоторых актов Правительства Российской Федерации&quot;</oos:name><oos:isNPA155>false</oos:isNPA155><oos:startDate>2019-07-27</oos:startDate><oos:actual>true</oos:actual><oos:orderNum>26</oos:orderNum><oos:updateDate>2019-08-23T14:55:07Z</oos:updateDate></nsiTRUAdmissionNPA><nsiTRUAdmissionNPA><oos:NPACode>17</oos:NPACode><oos:typeCodes><oos:typeCode>1</oos:typeCode></oos:typeCodes><oos:shortName>Постановление Правительства РФ от 21.12.2019 № 1746</oos:shortName><oos:name>Постановление Правительства РФ от 21.12.2019 № 1746 «Об установлении запрета на допуск отдельных видов товаров, происходящих из иностранных государств, и внесении изменений в некоторые акты Правительства Российской Федерации</oos:name><oos:isNPA155>false</oos:isNPA155><oos:startDate>2019-12-26</oos:startDate><oos:actual>true</oos:actual><oos:orderNum>51</oos:orderNum><oos:updateDate>2020-05-07T13:35:32Z</oos:updateDate></nsiTRUAdmissionNPA><nsiTRUAdmissionNPA><oos:NPACode>18</oos:NPACode><oos:typeCodes><oos:typeCode>2</oos:typeCode></oos:typeCodes><oos:shortName>Постановление Правительства РФ от 30.04.2020 № 617</oos:shortName><oos:name>Постановление Правительства РФ от 30.04.2020 № 617 &quot;Об ограничениях допуска отдельных видов промышленных товаров, происходящих из иностранных государств для целей осуществления закупок для обеспечения государственных и муниципальных нужд&quot;</oos:name><oos:isNPA155>false</oos:isNPA155><oos:startDate>2020-05-06</oos:startDate><oos:actual>true</oos:actual><oos:orderNum>52</oos:orderNum><oos:updateDate>2020-05-13T16:16:45Z</oos:updateDate></nsiTRUAdmissionNPA><nsiTRUAdmissionNPA><oos:NPACode>16</oos:NPACode><oos:shortName>Постановление Правительства РФ от 30.04.2020 № 617</oos:shortName><oos:name>Об ограничениях допуска отдельных видов промышленных товаров, происходящих из иностранных государств для целей осуществления закупок для обеспечения государственных и муниципальных нужд</oos:name><oos:isNPA155>false</oos:isNPA155><oos:startDate>2020-05-03</oos:startDate><oos:actual>false</oos:actual><oos:orderNum>40</oos:orderNum><oos:updateDate>2020-05-06T15:52:48Z</oos:updateDate></nsiTRUAdmissionNPA><nsiTRUAdmissionNPA><oos:NPACode>19</oos:NPACode><oos:typeCodes><oos:typeCode>1</oos:typeCode></oos:typeCodes><oos:shortName>Постановление Правительства РФ от 30.04.2020 № 616</oos:shortName><oos:name>Постановление Правительства РФ от 30.04.2020 № 616 &quot;Об установлении запрета на допуск промышленных товаров, происходящих из иностранных государств, для целей осуществления закупок для государственных и муниципальных нужд, а также промышленных товаров, происходящих из иностранных государств, работ (услуг), выполняемых (оказываемых) иностранными лицами, для целей осуществления закупок для нужд обороны страны и безопасности государства&quot;</oos:name><oos:isNPA155>false</oos:isNPA155><oos:startDate>2020-05-06</oos:startDate><oos:actual>true</oos:actual><oos:orderNum>41</oos:orderNum><oos:updateDate>2020-05-13T16:16:45Z</oos:updateDate></nsiTRUAdmissionNPA></nsiTRUAdmissionNPAs></export>