<?xml version="1.0" encoding="UTF-8"?><export xmlns:xsi="http://www.w3.org/2001/XMLSchema-instance" xmlns="http://zakupki.gov.ru/oos/export/1" xmlns:oos="http://zakupki.gov.ru/oos/types/1"><nsiCalendarDayList><nsiCalendarDay><oos:startDate>2021-01-01T00:00:00</oos:startDate><oos:endDate>2021-03-21T00:00:00</oos:endDate><oos:days><oos:day><oos:dayDate>2021-01-01T00:00:00</oos:dayDate><oos:isWorkDay>false</oos:isWorkDay></oos:day><oos:day><oos:dayDate>2021-01-02T00:00:00</oos:dayDate><oos:isWorkDay>false</oos:isWorkDay></oos:day><oos:day><oos:dayDate>2021-01-03T00:00:00</oos:dayDate><oos:isWorkDay>false</oos:isWorkDay></oos:day><oos:day><oos:dayDate>2021-01-04T00:00:00</oos:dayDate><oos:isWorkDay>false</oos:isWorkDay></oos:day><oos:day><oos:dayDate>2021-01-05T00:00:00</oos:dayDate><oos:isWorkDay>false</oos:isWorkDay></oos:day><oos:day><oos:dayDate>2021-01-06T00:00:00</oos:dayDate><oos:isWorkDay>false</oos:isWorkDay></oos:day><oos:day><oos:dayDate>2021-01-07T00:00:00</oos:dayDate><oos:isWorkDay>false</oos:isWorkDay></oos:day><oos:day><oos:dayDate>2021-01-08T00:00:00</oos:dayDate><oos:isWorkDay>false</oos:isWorkDay></oos:day><oos:day><oos:dayDate>2021-01-09T00:00:00</oos:dayDate><oos:isWorkDay>false</oos:isWorkDay></oos:day><oos:day><oos:dayDate>2021-01-10T00:00:00</oos:dayDate><oos:isWorkDay>false</oos:isWorkDay></oos:day><oos:day><oos:dayDate>2021-01-16T00:00:00</oos:dayDate><oos:isWorkDay>false</oos:isWorkDay></oos:day><oos:day><oos:dayDate>2021-01-17T00:00:00</oos:dayDate><oos:isWorkDay>false</oos:isWorkDay></oos:day><oos:day><oos:dayDate>2021-01-23T00:00:00</oos:dayDate><oos:isWorkDay>false</oos:isWorkDay></oos:day><oos:day><oos:dayDate>2021-01-24T00:00:00</oos:dayDate><oos:isWorkDay>false</oos:isWorkDay></oos:day><oos:day><oos:dayDate>2021-01-30T00:00:00</oos:dayDate><oos:isWorkDay>false</oos:isWorkDay></oos:day><oos:day><oos:dayDate>2021-01-31T00:00:00</oos:dayDate><oos:isWorkDay>false</oos:isWorkDay></oos:day><oos:day><oos:dayDate>2021-02-06T00:00:00</oos:dayDate><oos:isWorkDay>false</oos:isWorkDay></oos:day><oos:day><oos:dayDate>2021-02-07T00:00:00</oos:dayDate><oos:isWorkDay>false</oos:isWorkDay></oos:day><oos:day><oos:dayDate>2021-02-13T00:00:00</oos:dayDate><oos:isWorkDay>false</oos:isWorkDay></oos:day><oos:day><oos:dayDate>2021-02-14T00:00:00</oos:dayDate><oos:isWorkDay>false</oos:isWorkDay></oos:day><oos:day><oos:dayDate>2021-02-20T00:00:00</oos:dayDate><oos:isWorkDay>true</oos:isWorkDay></oos:day><oos:day><oos:dayDate>2021-02-21T00:00:00</oos:dayDate><oos:isWorkDay>false</oos:isWorkDay></oos:day><oos:day><oos:dayDate>2021-02-27T00:00:00</oos:dayDate><oos:isWorkDay>false</oos:isWorkDay></oos:day><oos:day><oos:dayDate>2021-02-28T00:00:00</oos:dayDate><oos:isWorkDay>false</oos:isWorkDay></oos:day><oos:day><oos:dayDate>2021-02-22T00:00:00</oos:dayDate><oos:isWorkDay>false</oos:isWorkDay></oos:day><oos:day><oos:dayDate>2021-02-23T00:00:00</oos:dayDate><oos:isWorkDay>false</oos:isWorkDay></oos:day><oos:day><oos:dayDate>2021-03-06T00:00:00</oos:dayDate><oos:isWorkDay>false</oos:isWorkDay></oos:day><oos:day><oos:dayDate>2021-03-07T00:00:00</oos:dayDate><oos:isWorkDay>false</oos:isWorkDay></oos:day><oos:day><oos:dayDate>2021-03-08T00:00:00</oos:dayDate><oos:isWorkDay>false</oos:isWorkDay></oos:day><oos:day><oos:dayDate>2021-03-13T00:00:00</oos:dayDate><oos:isWorkDay>false</oos:isWorkDay></oos:day><oos:day><oos:dayDate>2021-03-14T00:00:00</oos:dayDate><oos:isWorkDay>false</oos:isWorkDay></oos:day><oos:day><oos:dayDate>2021-03-20T00:00:00</oos:dayDate><oos:isWorkDay>false</oos:isWorkDay></oos:day><oos:day><oos:dayDate>2021-03-21T00:00:00</oos:dayDate><oos:isWorkDay>false</oos:isWorkDay></oos:day><oos:day><oos:dayDate>2021-03-01T00:00:00</oos:dayDate><oos:regions><oos:region><oos:kladrType>R</oos:kladrType><oos:kladrCode>44000000000</oos:kladrCode><oos:fullName>Костромская обл</oos:fullName></oos:region></oos:regions><oos:isWorkDay>false</oos:isWorkDay></oos:day></oos:days></nsiCalendarDay></nsiCalendarDayList></export>