<?xml version="1.0" encoding="UTF-8"?><export xmlns:xsi="http://www.w3.org/2001/XMLSchema-instance" xmlns="http://zakupki.gov.ru/oos/export/1" xmlns:oos="http://zakupki.gov.ru/oos/types/1"><nsiEADocTypes><nsiEADocType><oos:id>1</oos:id><oos:code>1</oos:code><oos:name>Документ о приемке</oos:name><oos:fileTypeCode>A</oos:fileTypeCode><oos:orderNumber>1</oos:orderNumber><oos:updateDate>2020-04-11T00:31:15</oos:updateDate><oos:isActual>true</oos:isActual></nsiEADocType><nsiEADocType><oos:id>2</oos:id><oos:code>2</oos:code><oos:name>Протокол согласования цен</oos:name><oos:fileTypeCode>A</oos:fileTypeCode><oos:orderNumber>2</oos:orderNumber><oos:updateDate>2020-04-11T00:31:15</oos:updateDate><oos:isActual>true</oos:isActual></nsiEADocType><nsiEADocType><oos:id>3</oos:id><oos:code>3</oos:code><oos:name>Товарная накладная</oos:name><oos:fileTypeCode>A</oos:fileTypeCode><oos:orderNumber>3</oos:orderNumber><oos:updateDate>2020-04-11T00:31:15</oos:updateDate><oos:isActual>true</oos:isActual></nsiEADocType><nsiEADocType><oos:id>4</oos:id><oos:code>4</oos:code><oos:name>Регистрационное удостоверение лекарственного препарата</oos:name><oos:fileTypeCode>A</oos:fileTypeCode><oos:orderNumber>4</oos:orderNumber><oos:updateDate>2020-04-11T00:31:15</oos:updateDate><oos:isActual>true</oos:isActual></nsiEADocType><nsiEADocType><oos:id>5</oos:id><oos:code>5</oos:code><oos:name>Документ, подтверждающий соответствие Товара</oos:name><oos:fileTypeCode>A</oos:fileTypeCode><oos:orderNumber>5</oos:orderNumber><oos:updateDate>2020-04-11T00:31:15</oos:updateDate><oos:isActual>true</oos:isActual></nsiEADocType><nsiEADocType><oos:id>6</oos:id><oos:code>6</oos:code><oos:name>Инструкция по медицинскому применению Товара на русском языке</oos:name><oos:fileTypeCode>A</oos:fileTypeCode><oos:orderNumber>6</oos:orderNumber><oos:updateDate>2020-04-11T00:31:15</oos:updateDate><oos:isActual>true</oos:isActual></nsiEADocType><nsiEADocType><oos:id>7</oos:id><oos:code>7</oos:code><oos:name>Спецификация</oos:name><oos:fileTypeCode>A</oos:fileTypeCode><oos:orderNumber>7</oos:orderNumber><oos:updateDate>2020-04-11T00:31:15</oos:updateDate><oos:isActual>true</oos:isActual></nsiEADocType><nsiEADocType><oos:id>8</oos:id><oos:code>8</oos:code><oos:name>Технические характеристики</oos:name><oos:fileTypeCode>A</oos:fileTypeCode><oos:orderNumber>8</oos:orderNumber><oos:updateDate>2020-04-11T00:31:15</oos:updateDate><oos:isActual>true</oos:isActual></nsiEADocType><nsiEADocType><oos:id>9</oos:id><oos:code>9</oos:code><oos:name>Иные документы, предусмотренные п. 5.3 контракта</oos:name><oos:fileTypeCode>A</oos:fileTypeCode><oos:orderNumber>9</oos:orderNumber><oos:updateDate>2020-10-02T23:59:10</oos:updateDate><oos:isActual>true</oos:isActual></nsiEADocType><nsiEADocType><oos:id>10</oos:id><oos:code>10</oos:code><oos:name>Платежно-расчетный документ</oos:name><oos:fileTypeCode>E</oos:fileTypeCode><oos:orderNumber>10</oos:orderNumber><oos:updateDate>2020-04-11T00:31:15</oos:updateDate><oos:isActual>true</oos:isActual></nsiEADocType><nsiEADocType><oos:id>11</oos:id><oos:code>11</oos:code><oos:name>Прочие документы, предусмотренные контрактом</oos:name><oos:fileTypeCode>A</oos:fileTypeCode><oos:orderNumber>11</oos:orderNumber><oos:updateDate>2020-04-11T00:31:15</oos:updateDate><oos:isActual>true</oos:isActual></nsiEADocType><nsiEADocType><oos:id>12</oos:id><oos:code>12</oos:code><oos:name>Информация о стране происхождения или о производителе товара</oos:name><oos:fileTypeCode>O</oos:fileTypeCode><oos:orderNumber>12</oos:orderNumber><oos:updateDate>2020-04-11T00:31:15</oos:updateDate><oos:isActual>true</oos:isActual></nsiEADocType><nsiEADocType><oos:id>13</oos:id><oos:code>13</oos:code><oos:name>Документы, подтверждающие оплату контракта и документы о начислении неустоек (штрафов, пеней)</oos:name><oos:fileTypeCode>E</oos:fileTypeCode><oos:orderNumber>13</oos:orderNumber><oos:updateDate>2020-04-11T00:31:15</oos:updateDate><oos:isActual>true</oos:isActual></nsiEADocType><nsiEADocType><oos:id>14</oos:id><oos:code>14</oos:code><oos:name>Документ о расхождениях</oos:name><oos:fileTypeCode>A</oos:fileTypeCode><oos:orderNumber>14</oos:orderNumber><oos:updateDate>2020-04-11T00:31:15</oos:updateDate><oos:isActual>true</oos:isActual></nsiEADocType><nsiEADocType><oos:id>15</oos:id><oos:code>15</oos:code><oos:name>Документ о результатах проведенной экспертизы</oos:name><oos:fileTypeCode>ER</oos:fileTypeCode><oos:orderNumber>15</oos:orderNumber><oos:updateDate>2020-04-11T00:31:15</oos:updateDate><oos:isActual>true</oos:isActual></nsiEADocType><nsiEADocType><oos:id>16</oos:id><oos:code>17</oos:code><oos:name>Протокол разногласий</oos:name><oos:noInclude>1</oos:noInclude><oos:orderNumber>17</oos:orderNumber><oos:updateDate>2020-04-11T00:31:15</oos:updateDate><oos:isActual>true</oos:isActual></nsiEADocType><nsiEADocType><oos:id>17</oos:id><oos:code>18</oos:code><oos:name>Решение приемочной комиссии</oos:name><oos:fileTypeCode>A</oos:fileTypeCode><oos:orderNumber>18</oos:orderNumber><oos:updateDate>2020-04-11T00:31:15</oos:updateDate><oos:isActual>true</oos:isActual></nsiEADocType></nsiEADocTypes></export>