<?xml version="1.0" encoding="UTF-8"?><export xmlns:xsi="http://www.w3.org/2001/XMLSchema-instance" xmlns="http://zakupki.gov.ru/oos/export/1" xmlns:oos="http://zakupki.gov.ru/oos/types/1"><nsiContractPriceChangeReasonList><nsiContractPriceChangeReason><oos:id>1</oos:id><oos:name>Договор энергоснабжения или купли-продажи электрической энергии с гарантирующим поставщиком электрической энергии (часть 4.1 статьи 9 и пункт 2.1 части 2 статьи 55 Федерального закона №94-ФЗ от 21 июля 2005 года)</oos:name><oos:subsystemType>FZ94</oos:subsystemType><oos:actual>true</oos:actual></nsiContractPriceChangeReason><nsiContractPriceChangeReason><oos:id>2</oos:id><oos:name>Снижение по соглашению сторон без изменения предусмотренных контрактом количества товаров, объема работ, услуг и иных условий исполнения контракта (часть 4.1 статьи 9 Федерального закона №94-ФЗ от 21 июля 2005 года)</oos:name><oos:subsystemType>FZ94</oos:subsystemType><oos:actual>true</oos:actual></nsiContractPriceChangeReason><nsiContractPriceChangeReason><oos:id>3</oos:id><oos:name>Возможность изменения предусмотрена документацией об аукционе, конкурсной документацией или заказ размещается у единственного поставщика (пункт 16 части 2 статьи 55), при изменении потребности в товарах, на поставку которых заключен контракт (часть 6 статьи 9 Федерального закона №94-ФЗ от 21 июля 2005 года)</oos:name><oos:subsystemType>FZ94</oos:subsystemType><oos:actual>true</oos:actual></nsiContractPriceChangeReason><nsiContractPriceChangeReason><oos:id>4</oos:id><oos:name>Изменение, предусмотренное конкурсной документацией, в ходе исполнения контракта на выполнение научно-исследовательских, опытно-конструкторских или технологических работ, на выполнение аварийно-спасательных работ, реставрации объектов культурного наследия (памятников истории и культуры) народов Российской Федерации, музейных предметов и музейных коллекций, включенных в состав Музейного фонда Российской Федерации, документов Архивного фонда Российской Федерации, особо ценных и редких документов, входящих в состав библиотечных фондов, на оказание медицинских, аудиторских услуг при изменении потребности в таких работах, услугах или при выявлении потребности в дополнительном объеме работ, услуг, не предусмотренных контрактом, но связанных с такими работами, услугами, предусмотренными контрактом (часть 6 статьи 9 Федерального закона №94-ФЗ от 21 июля 2005 года)</oos:name><oos:subsystemType>FZ94</oos:subsystemType><oos:actual>true</oos:actual></nsiContractPriceChangeReason><nsiContractPriceChangeReason><oos:id>5</oos:id><oos:name>Решение Правительства Российской Федерации (часть 6.2 статьи 9 Федерального закона №94-ФЗ от 21 июля 2005 года)</oos:name><oos:subsystemType>FZ94</oos:subsystemType><oos:actual>true</oos:actual></nsiContractPriceChangeReason><nsiContractPriceChangeReason><oos:id>6</oos:id><oos:name>Закон субъекта Российской Федерации (часть 6.3 статьи 9 Федерального закона №94-ФЗ от 21 июля 2005 года)</oos:name><oos:subsystemType>FZ94</oos:subsystemType><oos:actual>true</oos:actual></nsiContractPriceChangeReason><nsiContractPriceChangeReason><oos:id>7</oos:id><oos:name>Решение представительного органа местного самоуправления (часть 6.3 статьи 9 Федерального закона №94-ФЗ от 21 июля 2005 года)</oos:name><oos:subsystemType>FZ94</oos:subsystemType><oos:actual>true</oos:actual></nsiContractPriceChangeReason><nsiContractPriceChangeReason><oos:id>8</oos:id><oos:name>Изменение в соответствии с законодательством Российской Федерации регулируемых государством цен (тарифов) на товары, работы, услуги субъектов естественных монополий, цен и тарифов в области газоснабжения, тарифов на товары и услуги организаций коммунального комплекса</oos:name><oos:subsystemType>FZ94</oos:subsystemType><oos:actual>true</oos:actual></nsiContractPriceChangeReason><nsiContractPriceChangeReason><oos:id>8340974</oos:id><oos:name>Контракт на выполнение работ по техническому обслуживанию и (или) ремонту оборудования, оказания услуг связи, юридических услуг (часть 4.2 статьи 9 Федерального закона №94-ФЗ от 21 июля 2005 года)</oos:name><oos:subsystemType>FZ94</oos:subsystemType><oos:actual>true</oos:actual></nsiContractPriceChangeReason><nsiContractPriceChangeReason><oos:id>8361015</oos:id><oos:name>Снижение цены контракта без изменения предусмотренных контрактом количества товара, объема работы или услуги, качества поставляемого товара, выполняемой работы, оказываемой услуги и иных условий контракта (часть 1 пункт 1 подпункт а) статьи 95 Федерального закона №44-ФЗ от 5 апреля 2013 года )</oos:name><oos:subsystemType>FZ44</oos:subsystemType><oos:actual>true</oos:actual></nsiContractPriceChangeReason><nsiContractPriceChangeReason><oos:id>8361016</oos:id><oos:name>По предложению заказчика увеличиваются предусмотренные контрактом количество товара, объем работы или услуги не более чем на десять процентов или уменьшаются предусмотренные контрактом количество поставляемого товара, объем выполняемой работы или оказываемой услуги не более чем на десять процентов (часть 1 пункт 1 подпункт б) статьи 95 Федерального закона №44-ФЗ от 5 апреля 2013 года )</oos:name><oos:subsystemType>FZ44</oos:subsystemType><oos:actual>true</oos:actual></nsiContractPriceChangeReason><nsiContractPriceChangeReason><oos:id>8361017</oos:id><oos:name>Изменение на основании решения Правительства Российской Федерации, когда цена заключенного для обеспечения федеральных нужд на срок не менее чем три года контракта составляет либо превышает размер цены, установленный Правительством Российской Федерации, и исполнение указанного контракта по независящим от сторон контракта обстоятельствам без изменения его условий невозможно (часть 1 пункт 2 статьи 95 Федерального закона №44-ФЗ от 5 апреля 2013 года)</oos:name><oos:subsystemType>FZ44</oos:subsystemType><oos:actual>true</oos:actual></nsiContractPriceChangeReason><nsiContractPriceChangeReason><oos:id>8361018</oos:id><oos:name>Изменение на основании решения высшего исполнительного органа государственной власти субъекта Российской Федерации, когда цена заключенного для обеспечения нужд субъекта Российской Федерации на срок не менее чем три года контракта составляет или превышает размер цены, установленный Правительством Российской Федерации, и исполнение указанного контракта по независящим от сторон контракта обстоятельствам без изменения его условий невозможно (часть 1 пункт 1 подпункт а статьи 95 Федерального закона №44-ФЗ от 5 апреля 2013 года ) (часть 1 пункт 3 статьи 95 Федерального закона №44-ФЗ от 5 апреля 2013 года )</oos:name><oos:subsystemType>FZ44</oos:subsystemType><oos:actual>true</oos:actual></nsiContractPriceChangeReason><nsiContractPriceChangeReason><oos:id>8361019</oos:id><oos:name>Изменение на основании решения местной администрации, когда цена заключенного для обеспечения муниципальных нужд на срок не менее одного года контракта составляет или превышает размер цены, установленный Правительством Российской Федерации, и исполнение указанного контракта по независящим от сторон контракта обстоятельствам без изменения его условий невозможно (часть 1 пункт 4 статьи 95 Федерального закона №44-ФЗ от 5 апреля 2013 года )</oos:name><oos:subsystemType>FZ44</oos:subsystemType><oos:actual>true</oos:actual></nsiContractPriceChangeReason><nsiContractPriceChangeReason><oos:id>8361020</oos:id><oos:name>Изменение в соответствии с законодательством Российской Федерации регулируемых цен (тарифов) на товары, работы, услуги (часть 1 пункт 5 статьи 95 Федерального закона №44-ФЗ от 5 апреля 2013 года )</oos:name><oos:subsystemType>FZ44</oos:subsystemType><oos:actual>true</oos:actual></nsiContractPriceChangeReason><nsiContractPriceChangeReason><oos:id>8361021</oos:id><oos:name>Изменение в случаях, предусмотренных пунктом 6 статьи 161 Бюджетного кодекса Российской Федерации, при уменьшении ранее доведенных до государственного или муниципального заказчика как получателя бюджетных средств лимитов бюджетных обязательств (часть 1 пункт 6 статьи 95 Федерального закона №44-ФЗ от 5 апреля 2013 года )</oos:name><oos:subsystemType>FZ44</oos:subsystemType><oos:actual>true</oos:actual></nsiContractPriceChangeReason><nsiContractPriceChangeReason><oos:id>8404974</oos:id><oos:name>Заключение контракта с иностранной организацией на лечение гражданина РФ за пределами территории РФ при увеличении или уменьшении по медицинским показаниям перечня услуг, связанных с лечением гражданина РФ (часть 1 пункт 7 статьи 95 Закона № 44-ФЗ)</oos:name><oos:subsystemType>FZ44</oos:subsystemType><oos:actual>true</oos:actual></nsiContractPriceChangeReason></nsiContractPriceChangeReasonList></export>