<?xml version="1.0" encoding="UTF-8"?><export xmlns:xsi="http://www.w3.org/2001/XMLSchema-instance" xmlns="http://zakupki.gov.ru/oos/export/1" xmlns:oos="http://zakupki.gov.ru/oos/types/1"><nsiWorldTimeZoneList><nsiWorldTimeZone><oos:name>MSK-03:00 (UTC+00:00)</oos:name><oos:differenceTime>0</oos:differenceTime><oos:isActual>true</oos:isActual></nsiWorldTimeZone><nsiWorldTimeZone><oos:name>MSK-04:00 (UTC-01:00)</oos:name><oos:differenceTime>-60</oos:differenceTime><oos:isActual>true</oos:isActual></nsiWorldTimeZone><nsiWorldTimeZone><oos:name>MSK-05:00 (UTC-02:00)</oos:name><oos:differenceTime>-120</oos:differenceTime><oos:isActual>true</oos:isActual></nsiWorldTimeZone><nsiWorldTimeZone><oos:name>MSK-06:00 (UTC-03:00)</oos:name><oos:differenceTime>-180</oos:differenceTime><oos:isActual>true</oos:isActual></nsiWorldTimeZone><nsiWorldTimeZone><oos:name>MSK-06:30 (UTC-03:30)</oos:name><oos:differenceTime>-210</oos:differenceTime><oos:isActual>true</oos:isActual></nsiWorldTimeZone><nsiWorldTimeZone><oos:name>MSK-07:00 (UTC-04:00)</oos:name><oos:differenceTime>-240</oos:differenceTime><oos:isActual>true</oos:isActual></nsiWorldTimeZone><nsiWorldTimeZone><oos:name>MSK-08:00 (UTC-05:00)</oos:name><oos:differenceTime>-300</oos:differenceTime><oos:isActual>true</oos:isActual></nsiWorldTimeZone><nsiWorldTimeZone><oos:name>MSK-09:00 (UTC-06:00)</oos:name><oos:differenceTime>-360</oos:differenceTime><oos:isActual>true</oos:isActual></nsiWorldTimeZone><nsiWorldTimeZone><oos:name>MSK-10:00 (UTC-07:00)</oos:name><oos:differenceTime>-420</oos:differenceTime><oos:isActual>true</oos:isActual></nsiWorldTimeZone><nsiWorldTimeZone><oos:name>MSK-11:00 (UTC-08:00)</oos:name><oos:differenceTime>-480</oos:differenceTime><oos:isActual>true</oos:isActual></nsiWorldTimeZone><nsiWorldTimeZone><oos:name>MSK-12:00 (UTC-09:00)</oos:name><oos:differenceTime>-540</oos:differenceTime><oos:isActual>true</oos:isActual></nsiWorldTimeZone><nsiWorldTimeZone><oos:name>MSK-12:30 (UTC-09:30)</oos:name><oos:differenceTime>-570</oos:differenceTime><oos:isActual>true</oos:isActual></nsiWorldTimeZone><nsiWorldTimeZone><oos:name>MSK-13:00 (UTC-10:00)</oos:name><oos:differenceTime>-600</oos:differenceTime><oos:isActual>true</oos:isActual></nsiWorldTimeZone><nsiWorldTimeZone><oos:name>MSK-14:00 (UTC-11:00)</oos:name><oos:differenceTime>-660</oos:differenceTime><oos:isActual>true</oos:isActual></nsiWorldTimeZone><nsiWorldTimeZone><oos:name>MSK-02:00 (UTC+01:00)</oos:name><oos:differenceTime>60</oos:differenceTime><oos:isActual>true</oos:isActual></nsiWorldTimeZone><nsiWorldTimeZone><oos:name>MSK-01:00 (UTC+02:00)</oos:name><oos:differenceTime>120</oos:differenceTime><oos:isActual>true</oos:isActual></nsiWorldTimeZone><nsiWorldTimeZone><oos:name>MSK+00:00 (UTC+03:00)</oos:name><oos:differenceTime>180</oos:differenceTime><oos:isActual>true</oos:isActual></nsiWorldTimeZone><nsiWorldTimeZone><oos:name>MSK+00:30 (UTC+03:30)</oos:name><oos:differenceTime>210</oos:differenceTime><oos:isActual>true</oos:isActual></nsiWorldTimeZone><nsiWorldTimeZone><oos:name>MSK+01:00 (UTC+04:00)</oos:name><oos:differenceTime>240</oos:differenceTime><oos:isActual>true</oos:isActual></nsiWorldTimeZone><nsiWorldTimeZone><oos:name>MSK+01:30 (UTC+04:30)</oos:name><oos:differenceTime>270</oos:differenceTime><oos:isActual>true</oos:isActual></nsiWorldTimeZone><nsiWorldTimeZone><oos:name>MSK+02:00 (UTC+05:00)</oos:name><oos:differenceTime>300</oos:differenceTime><oos:isActual>true</oos:isActual></nsiWorldTimeZone><nsiWorldTimeZone><oos:name>MSK+02:30 (UTC+05:30)</oos:name><oos:differenceTime>330</oos:differenceTime><oos:isActual>true</oos:isActual></nsiWorldTimeZone><nsiWorldTimeZone><oos:name>MSK+02:45 (UTC+05:45)</oos:name><oos:differenceTime>345</oos:differenceTime><oos:isActual>true</oos:isActual></nsiWorldTimeZone><nsiWorldTimeZone><oos:name>MSK+03:00 (UTC+06:00)</oos:name><oos:differenceTime>360</oos:differenceTime><oos:isActual>true</oos:isActual></nsiWorldTimeZone><nsiWorldTimeZone><oos:name>MSK+03:30 (UTC+06:30)</oos:name><oos:differenceTime>390</oos:differenceTime><oos:isActual>true</oos:isActual></nsiWorldTimeZone><nsiWorldTimeZone><oos:name>MSK+04:00 (UTC+07:00)</oos:name><oos:differenceTime>420</oos:differenceTime><oos:isActual>true</oos:isActual></nsiWorldTimeZone><nsiWorldTimeZone><oos:name>MSK+05:00 (UTC+08:00)</oos:name><oos:differenceTime>480</oos:differenceTime><oos:isActual>true</oos:isActual></nsiWorldTimeZone><nsiWorldTimeZone><oos:name>MSK+05:30 (UTC+08:30)</oos:name><oos:differenceTime>510</oos:differenceTime><oos:isActual>true</oos:isActual></nsiWorldTimeZone><nsiWorldTimeZone><oos:name>MSK+06:00 (UTC+09:00)</oos:name><oos:differenceTime>540</oos:differenceTime><oos:isActual>true</oos:isActual></nsiWorldTimeZone><nsiWorldTimeZone><oos:name>MSK+06:30 (UTC+09:30)</oos:name><oos:differenceTime>570</oos:differenceTime><oos:isActual>true</oos:isActual></nsiWorldTimeZone><nsiWorldTimeZone><oos:name>MSK+07:00 (UTC+10:00)</oos:name><oos:differenceTime>600</oos:differenceTime><oos:isActual>true</oos:isActual></nsiWorldTimeZone><nsiWorldTimeZone><oos:name>MSK+07:30 (UTC+10:30)</oos:name><oos:differenceTime>630</oos:differenceTime><oos:isActual>true</oos:isActual></nsiWorldTimeZone><nsiWorldTimeZone><oos:name>MSK+08:00 (UTC+11:00)</oos:name><oos:differenceTime>660</oos:differenceTime><oos:isActual>true</oos:isActual></nsiWorldTimeZone><nsiWorldTimeZone><oos:name>MSK+09:00 (UTC+12:00)</oos:name><oos:differenceTime>720</oos:differenceTime><oos:isActual>true</oos:isActual></nsiWorldTimeZone><nsiWorldTimeZone><oos:name>MSK+09:45 (UTC+12:45)</oos:name><oos:differenceTime>765</oos:differenceTime><oos:isActual>true</oos:isActual></nsiWorldTimeZone><nsiWorldTimeZone><oos:name>MSK+10:00 (UTC+13:00)</oos:name><oos:differenceTime>780</oos:differenceTime><oos:isActual>true</oos:isActual></nsiWorldTimeZone><nsiWorldTimeZone><oos:name>MSK+11:00 (UTC+14:00)</oos:name><oos:differenceTime>840</oos:differenceTime><oos:isActual>true</oos:isActual></nsiWorldTimeZone></nsiWorldTimeZoneList></export>