<?xml version="1.0" encoding="UTF-8"?><export xmlns:xsi="http://www.w3.org/2001/XMLSchema-instance" xmlns="http://zakupki.gov.ru/oos/export/1" xmlns:oos="http://zakupki.gov.ru/oos/types/1"><nsiContractRefusalReasonList><nsiContractRefusalReason><oos:id>600</oos:id><oos:code>11</oos:code><oos:name>Проведение ликвидации участника закупки – юридического лица (пункт 3 части 1 статьи 31 Закона 44-ФЗ)</oos:name><oos:actual>true</oos:actual></nsiContractRefusalReason><nsiContractRefusalReason><oos:id>601</oos:id><oos:code>12</oos:code><oos:name>Принятие решения арбитражного суда о признании участника закупки - юридического лица или индивидуального предпринимателя несостоятельным (банкротом) и об открытии конкурсного производства (пункт 3 части 1 статьи 31 Закона 44-ФЗ)</oos:name><oos:actual>true</oos:actual></nsiContractRefusalReason><nsiContractRefusalReason><oos:id>602</oos:id><oos:code>13</oos:code><oos:name>Приостановление деятельности участника закупки в порядке, установленном Кодексом Российской Федерации об административных правонарушениях, на дату подачи заявки на участие в закупке (пункт 4 части 1 статьи 31 Закона 44-ФЗ)</oos:name><oos:actual>true</oos:actual></nsiContractRefusalReason><nsiContractRefusalReason><oos:id>603</oos:id><oos:code>16</oos:code><oos:name>Предоставление участником недостоверной информации в отношении своего соответствия требованиям, установленным статьей 31 Закона 44-ФЗ (часть 9 статьи 31 Закона 44-ФЗ)</oos:name><oos:actual>true</oos:actual></nsiContractRefusalReason><nsiContractRefusalReason><oos:id>604</oos:id><oos:code>15</oos:code><oos:name>Несоответствие требованиям, установленным в соответствии с законодательством Российской Федерации к лицам, осуществляющим поставку товара, выполнение работы, оказание услуги, являющихся объектом закупки (пункт 1 части 1 статьи 31 Закона 44-ФЗ)</oos:name><oos:actual>true</oos:actual></nsiContractRefusalReason><nsiContractRefusalReason><oos:id>605</oos:id><oos:code>17</oos:code><oos:name>Наличие у участника закупки недоимки по налогам, сборам, задолженности по иным обязательным платежам в бюджеты бюджетной системы Российской Федерации (пункт 5 части 1 статьи 31 Закона 44-ФЗ)</oos:name><oos:actual>true</oos:actual></nsiContractRefusalReason><nsiContractRefusalReason><oos:id>606</oos:id><oos:code>14</oos:code><oos:name>Уклонение участника закупки от заключения контракта</oos:name><oos:actual>true</oos:actual></nsiContractRefusalReason><nsiContractRefusalReason><oos:id>6324831</oos:id><oos:code>28</oos:code><oos:name>Тестовое основание1</oos:name><oos:actual>false</oos:actual></nsiContractRefusalReason><nsiContractRefusalReason><oos:id>8405974</oos:id><oos:code>18</oos:code><oos:name>Неправомочность участника закупки заключать контракт (пункт 2 части 1 статьи 31 Закона 44-ФЗ)</oos:name><oos:actual>true</oos:actual></nsiContractRefusalReason><nsiContractRefusalReason><oos:id>8405975</oos:id><oos:code>19</oos:code><oos:name>Наличие у участника закупки - физического лица либо у руководителя, членов коллегиального исполнительного органа или главного бухгалтера юридического лица - участника закупки судимости за преступления в сфере экономики (п. 7 ч. 1 ст. 31 Закона 44-ФЗ)</oos:name><oos:actual>true</oos:actual></nsiContractRefusalReason><nsiContractRefusalReason><oos:id>8405976</oos:id><oos:code>20</oos:code><oos:name>Отсутствие у участника закупки исключительных прав на результаты интеллектуальной деятельности (пункт 8 части 1 статьи 31 Закона 44-ФЗ)</oos:name><oos:actual>true</oos:actual></nsiContractRefusalReason><nsiContractRefusalReason><oos:id>8405977</oos:id><oos:code>21</oos:code><oos:name>Наличие конфликта интересов между участником закупки и заказчиком (пункт 9 части 1 статьи 31 Закона 44-ФЗ)</oos:name><oos:actual>true</oos:actual></nsiContractRefusalReason><nsiContractRefusalReason><oos:id>8405978</oos:id><oos:code>22</oos:code><oos:name>Несоответствие требованиям, установленным Правительством Российской Федерации в соответствии с частью 2 статьи 31 Закона 44-ФЗ (часть 2 статьи 31 Закона 44-ФЗ)</oos:name><oos:actual>true</oos:actual></nsiContractRefusalReason><nsiContractRefusalReason><oos:id>8405979</oos:id><oos:code>23</oos:code><oos:name>Предельная отпускная цена жизненно необходимых и важнейших лекарственных препаратов, предлагаемых участником закупки, не зарегистрирована (пункт 1 части 10 статьи 31 Закона 44-ФЗ)</oos:name><oos:actual>true</oos:actual></nsiContractRefusalReason><nsiContractRefusalReason><oos:id>8405980</oos:id><oos:code>24</oos:code><oos:name>Предлагаемая участником закупки цена закупаемых жизненно необходимых и важнейших лекарственных препаратов превышает их предельную отпускную цену (пункт 2 части 10 статьи 31 Закона 44-ФЗ)</oos:name><oos:actual>true</oos:actual></nsiContractRefusalReason><nsiContractRefusalReason><oos:id>8443974</oos:id><oos:code>25</oos:code><oos:name>Отказ контролирующего органа в согласовании заключения контракта в соответствии с пунктом 25 части 1 статьи 93 Закона № 44-ФЗ</oos:name><oos:actual>true</oos:actual></nsiContractRefusalReason><nsiContractRefusalReason><oos:id>8448111</oos:id><oos:code>1</oos:code><oos:name>Участник не соответствует единым требованиям к участникам,  указанным в соответствии с частью 1 Статьи 31 Федерального закона № 44-ФЗ или предоставил недостоверную информацию в отношении своего соответствия указанным требованиям</oos:name><oos:actual>true</oos:actual></nsiContractRefusalReason><nsiContractRefusalReason><oos:id>8448112</oos:id><oos:code>2</oos:code><oos:name>Участник не соответствует требованию об отсутствии в реестре недобросовестных поставщиков (подрядчиков, исполнителей) информации об участнике закупки, в том числе информации об учредителях, о членах коллегиального исполнительного органа, лице, исполняющем функции единоличного исполнительного органа участника закупки - юридического лица, указанному в части 1.1 статьи 31 Федерального закона №44-ФЗ</oos:name><oos:actual>true</oos:actual></nsiContractRefusalReason><nsiContractRefusalReason><oos:id>8448113</oos:id><oos:code>3</oos:code><oos:name>Участник не соответствует дополнительному требованию о наличии финансовых ресурсов для исполнения контракта, указанному в пункте 1 части 2 Cтатьи 31 Федерального закона №44-ФЗ или предоставил недостоверную информацию в отношении своего соответствия указанному требованию</oos:name><oos:actual>true</oos:actual></nsiContractRefusalReason><nsiContractRefusalReason><oos:id>8448114</oos:id><oos:code>4</oos:code><oos:name>Участник не соответствует дополнительному требованию о наличии на праве собственности или ином законном основании оборудования и других материальных ресурсов для исполнения контракта, указанному в пункте 2 части 2 Cтатьи 31 Федерального закона №44-ФЗ или предоставил недостоверную информацию в отношении своего соответствия указанному требованию</oos:name><oos:actual>true</oos:actual></nsiContractRefusalReason><nsiContractRefusalReason><oos:id>8448115</oos:id><oos:code>5</oos:code><oos:name>Участник не соответствует дополнительному требованию о наличии опыта работы, связанного с предметом контракта, и деловой репутации, указанному в пункте 3 части 2 Cтатьи 31 Федерального закона №44-ФЗ или предоставил недостоверную информацию в отношении своего соответствия указанному требованию</oos:name><oos:actual>true</oos:actual></nsiContractRefusalReason><nsiContractRefusalReason><oos:id>8448116</oos:id><oos:code>6</oos:code><oos:name>Участник не соответствует дополнительному требованию о наличии необходимого количества специалистов и иных работников определенного уровня квалификации для исполнения, указанному в пункте 4 части 2 Cтатьи 31 Федерального закона №44-ФЗ или предоставил недостоверную информацию в отношении своего соответствия указанному требованию</oos:name><oos:actual>true</oos:actual></nsiContractRefusalReason><nsiContractRefusalReason><oos:id>8448117</oos:id><oos:code>7</oos:code><oos:name>Участник не соответствует иным дополнительным требованиям, указанным в части 2 Статьи 31 Федерального закона №44-ФЗ или предоставил недостоверную информацию в отношении своего соответствия указанным требованиям</oos:name><oos:actual>true</oos:actual></nsiContractRefusalReason><nsiContractRefusalReason><oos:id>8448118</oos:id><oos:code>8</oos:code><oos:name>Предельная отпускная цена лекарственных препаратов, предлагаемых участником закупки, не зарегистрирована (пункт 1 части 10 Статьи 31 Федерального закона №44-ФЗ)</oos:name><oos:actual>true</oos:actual></nsiContractRefusalReason><nsiContractRefusalReason><oos:id>8448119</oos:id><oos:code>9</oos:code><oos:name>Предлагаемая участником закупки цена закупаемых лекарственных препаратов превышает их предельную отпускную цену и от снижения предлагаемой цены при заключении контракта участник закупки отказывается</oos:name><oos:actual>true</oos:actual></nsiContractRefusalReason><nsiContractRefusalReason><oos:id>8448120</oos:id><oos:code>10</oos:code><oos:name>Предлагаемая участником закупки цена закупаемых лекарственных препаратов превышает их предельную отпускную цену и от снижения предлагаемой цены при заключении контракта участник закупки отказывается (пункт 2 части 10 Статьи 31 Федерального закона №44-ФЗ</oos:name><oos:actual>true</oos:actual></nsiContractRefusalReason><nsiContractRefusalReason><oos:id>45449176</oos:id><oos:code>29</oos:code><oos:name>Отстранение участника закупки (ч. 9 ст. 31 Закона № 44 ФЗ)</oos:name><oos:actual>true</oos:actual></nsiContractRefusalReason><nsiContractRefusalReason><oos:id>45449177</oos:id><oos:code>30</oos:code><oos:name>Отстранение участника закупки (п. 1 ч. 10 ст. 31 Закона № 44 ФЗ)</oos:name><oos:actual>true</oos:actual></nsiContractRefusalReason><nsiContractRefusalReason><oos:id>45449178</oos:id><oos:code>31</oos:code><oos:name>Отстранение участника закупки (п. 2 ч. 10 ст. 31 Закона № 44 ФЗ)</oos:name><oos:actual>true</oos:actual></nsiContractRefusalReason></nsiContractRefusalReasonList></export>