<?xml version="1.0" encoding="UTF-8"?><export xmlns:xsi="http://www.w3.org/2001/XMLSchema-instance" xmlns="http://zakupki.gov.ru/oos/export/1" xmlns:oos="http://zakupki.gov.ru/oos/types/1"><nsiTenderPlanPurchaseGroups><nsiTenderPlanPurchaseGroup><oos:id>9365963</oos:id><oos:code>Преимущество</oos:code><oos:shortName553>Преимущества, предоставляемые участникам закупки в соответствии со статьями 28 и 29 Федерального закона № 44-ФЗ</oos:shortName553><oos:shortName554>Преимущества, предоставляемые участникам закупки в соответствии со статьями 28 и 29 Федерального закона № 44-ФЗ</oos:shortName554><oos:isComment>false</oos:isComment><oos:actual>true</oos:actual></nsiTenderPlanPurchaseGroup><nsiTenderPlanPurchaseGroup><oos:id>9365964</oos:id><oos:code>Ограничение</oos:code><oos:shortName553>Осуществление закупки у субъектов малого предпринимательства и социально ориентированных некоммерческих организаций</oos:shortName553><oos:fullName553>Информация об участии в закупке только субъектов малого предпринимательства и социально ориентированных некоммерческих организаций в соответствии со статьей 30 Федерального закона (при наличии таких ограничений)</oos:fullName553><oos:shortName554>Проведение закупки у субъектов малого предпринимательства и социально ориентированных некоммерческих организаций</oos:shortName554><oos:fullName554>Информация об ограничениях, связанных с участием в закупке только субъектов малого предпринимательства и социально ориентированных некоммерческих организаций в соответствии со статьей 30 Федерального закона (при наличии таких ограничений)</oos:fullName554><oos:isComment>false</oos:isComment><oos:actual>true</oos:actual></nsiTenderPlanPurchaseGroup><nsiTenderPlanPurchaseGroup><oos:id>9365965</oos:id><oos:code>Запрет</oos:code><oos:shortName553>Применение национального режима при осуществлении закупки</oos:shortName553><oos:fullName553>Запреты на допуск товаров, работ, услуг при осуществлении закупок, а также ограничения и условия допуска в соответствии с требованиями, установленными статьей 14 Федерального закона</oos:fullName553><oos:shortName554>Применение национального режима при осуществлении закупки</oos:shortName554><oos:fullName554>Запреты на допуск товаров, работ, услуг при осуществлении закупок, а также ограничения и условия допуска в соответствии с требованиями, установленными статьей 14 Федерального закона</oos:fullName554><oos:isComment>true</oos:isComment><oos:actual>true</oos:actual></nsiTenderPlanPurchaseGroup><nsiTenderPlanPurchaseGroup><oos:id>9365966</oos:id><oos:code>Дополнительные требования</oos:code><oos:shortName553>Дополнительные требования к участникам закупки отдельных видов товаров, работ, услуг</oos:shortName553><oos:shortName554>Дополнительные требования к участникам закупки отдельных видов товаров, работ, услуг</oos:shortName554><oos:isComment>true</oos:isComment><oos:actual>true</oos:actual></nsiTenderPlanPurchaseGroup></nsiTenderPlanPurchaseGroups></export>