<?xml version="1.0" encoding="UTF-8"?><export xmlns:xsi="http://www.w3.org/2001/XMLSchema-instance" xmlns="http://zakupki.gov.ru/oos/export/1" xmlns:oos="http://zakupki.gov.ru/oos/types/1"><nsiOKFSList><nsiOKFS><oos:code>10</oos:code><oos:name>РОССИЙСКАЯ СОБСТВЕННОСТЬ</oos:name><oos:actual>true</oos:actual></nsiOKFS><nsiOKFS><oos:code>11</oos:code><oos:name>Государственная собственность</oos:name><oos:actual>true</oos:actual></nsiOKFS><nsiOKFS><oos:code>12</oos:code><oos:name>Федеральная собственность</oos:name><oos:actual>true</oos:actual></nsiOKFS><nsiOKFS><oos:code>13</oos:code><oos:name>Собственность субъектов Российской Федерации</oos:name><oos:actual>true</oos:actual></nsiOKFS><nsiOKFS><oos:code>14</oos:code><oos:name>Муниципальная собственность</oos:name><oos:actual>true</oos:actual></nsiOKFS><nsiOKFS><oos:code>16</oos:code><oos:name>Частная собственность</oos:name><oos:actual>true</oos:actual></nsiOKFS><nsiOKFS><oos:code>18</oos:code><oos:name>Собственность российских граждан, постоянно проживающих за границей</oos:name><oos:actual>true</oos:actual></nsiOKFS><nsiOKFS><oos:code>19</oos:code><oos:name>Собственность потребительской кооперации</oos:name><oos:actual>true</oos:actual></nsiOKFS><nsiOKFS><oos:code>15</oos:code><oos:name>Собственность общественных и религиозных организаций (объединений)</oos:name><oos:actual>true</oos:actual></nsiOKFS><nsiOKFS><oos:code>50</oos:code><oos:name>Собственность благотворительных организаций</oos:name><oos:actual>true</oos:actual></nsiOKFS><nsiOKFS><oos:code>51</oos:code><oos:name>Собственность политических общественных объединений</oos:name><oos:actual>true</oos:actual></nsiOKFS><nsiOKFS><oos:code>52</oos:code><oos:name>Собственность профессиональных союзов</oos:name><oos:actual>true</oos:actual></nsiOKFS><nsiOKFS><oos:code>53</oos:code><oos:name>Собственность общественных объединений</oos:name><oos:actual>true</oos:actual></nsiOKFS><nsiOKFS><oos:code>54</oos:code><oos:name>Собственность религиозных объединений</oos:name><oos:actual>true</oos:actual></nsiOKFS><nsiOKFS><oos:code>17</oos:code><oos:name>Смешанная российская собственность</oos:name><oos:actual>true</oos:actual></nsiOKFS><nsiOKFS><oos:code>40</oos:code><oos:name>Смешанная российская собственность с долей государственной собственности</oos:name><oos:actual>true</oos:actual></nsiOKFS><nsiOKFS><oos:code>41</oos:code><oos:name>Смешанная российская собственность с долей федеральной собственности</oos:name><oos:actual>true</oos:actual></nsiOKFS><nsiOKFS><oos:code>42</oos:code><oos:name>Смешанная российская собственность с долей собственности субъектов Российской Федерации</oos:name><oos:actual>true</oos:actual></nsiOKFS><nsiOKFS><oos:code>43</oos:code><oos:name>Смешанная российская собственность с долями федеральной собственности и собственности субъектов Российской Федерации</oos:name><oos:actual>true</oos:actual></nsiOKFS><nsiOKFS><oos:code>49</oos:code><oos:name>Иная смешанная российская собственность</oos:name><oos:actual>true</oos:actual></nsiOKFS><nsiOKFS><oos:code>20</oos:code><oos:name>ИНОСТРАННАЯ СОБСТВЕННОСТЬ</oos:name><oos:actual>true</oos:actual></nsiOKFS><nsiOKFS><oos:code>21</oos:code><oos:name>Собственность международных организаций</oos:name><oos:actual>true</oos:actual></nsiOKFS><nsiOKFS><oos:code>22</oos:code><oos:name>Собственность иностранных государств</oos:name><oos:actual>true</oos:actual></nsiOKFS><nsiOKFS><oos:code>23</oos:code><oos:name>Собственность иностранных юридических лиц</oos:name><oos:actual>true</oos:actual></nsiOKFS><nsiOKFS><oos:code>24</oos:code><oos:name>Собственность иностранных граждан и лиц без гражданства</oos:name><oos:actual>true</oos:actual></nsiOKFS><nsiOKFS><oos:code>27</oos:code><oos:name>Смешанная иностранная собственность</oos:name><oos:actual>true</oos:actual></nsiOKFS><nsiOKFS><oos:code>30</oos:code><oos:name>СОВМЕСТНАЯ РОССИЙСКАЯ И ИНОСТРАННАЯ СОБСТВЕННОСТЬ</oos:name><oos:actual>true</oos:actual></nsiOKFS><nsiOKFS><oos:code>31</oos:code><oos:name>Совместная федеральная и иностранная собственность</oos:name><oos:actual>true</oos:actual></nsiOKFS><nsiOKFS><oos:code>32</oos:code><oos:name>Совместная собственность субъектов Российской Федерации и иностранная собственность</oos:name><oos:actual>true</oos:actual></nsiOKFS><nsiOKFS><oos:code>33</oos:code><oos:name>Совместная муниципальная и иностранная собственность</oos:name><oos:actual>true</oos:actual></nsiOKFS><nsiOKFS><oos:code>34</oos:code><oos:name>Совместная частная и иностранная собственность</oos:name><oos:actual>true</oos:actual></nsiOKFS><nsiOKFS><oos:code>35</oos:code><oos:name>Совместная собственность общественных и религиозных организаций (объединений) и иностранная собственность</oos:name><oos:actual>true</oos:actual></nsiOKFS><nsiOKFS><oos:code>61</oos:code><oos:name>Собственность государственных корпораций</oos:name><oos:actual>true</oos:actual></nsiOKFS></nsiOKFSList></export>