<export xmlns:xsi="http://www.w3.org/2001/XMLSchema-instance" xmlns="http://zakupki.gov.ru/oos/export/1" xmlns:oos="http://zakupki.gov.ru/oos/types/1" xmlns:ns3="http://zakupki.gov.ru/oos/common/1"><nsiKTRUs><oos:position><oos:data><oos:code>17.12.14.121-00000002</oos:code><oos:version>1</oos:version><oos:inclusionDate>2021-04-05T09:36:42+03:00</oos:inclusionDate><oos:publishDate>2021-04-05T09:36:42+03:00</oos:publishDate><oos:name>Бумага для флипчарта</oos:name><oos:OKPD2><oos:code>17.12.14.121</oos:code><oos:name>Бумага писчая и тетрадная</oos:name></oos:OKPD2><oos:actual>false</oos:actual><oos:applicationDateStart>2021-06-15T00:00:00+03:00</oos:applicationDateStart><oos:OKEIs><oos:OKEI><oos:code>778</oos:code><oos:name>Упаковка</oos:name></oos:OKEI></oos:OKEIs><oos:NSI><oos:classifiers><oos:classifier><oos:name>Общероссийский классификатор продукции по видам экономической деятельности (ОКПД2)</oos:name><oos:values><oos:value><oos:code>17.12.14.121</oos:code><oos:name>Бумага писчая и тетрадная</oos:name></oos:value></oos:values></oos:classifier></oos:classifiers></oos:NSI><oos:characteristics><oos:characteristic><oos:code>1c9b54c3-f</oos:code><oos:name>Вид бумаги</oos:name><oos:type>1</oos:type><oos:kind>2</oos:kind><oos:actual>true</oos:actual><oos:isRequired>false</oos:isRequired><oos:choiceType>2</oos:choiceType><oos:values><oos:value><oos:qualityDescription>Нелинованая</oos:qualityDescription></oos:value><oos:value><oos:qualityDescription>Линованая</oos:qualityDescription></oos:value></oos:values></oos:characteristic><oos:characteristic><oos:code>3ebb5d2f-f</oos:code><oos:name>Масса бумаги площадью 1м2</oos:name><oos:type>2</oos:type><oos:kind>2</oos:kind><oos:actual>true</oos:actual><oos:isRequired>true</oos:isRequired><oos:choiceType>2</oos:choiceType><oos:values><oos:value><oos:OKEI><oos:code>163</oos:code><oos:name>Грамм</oos:name></oos:OKEI><oos:valueFormat>A</oos:valueFormat><oos:rangeSet><oos:valueRange><oos:minMathNotation>greaterOrEqual</oos:minMathNotation><oos:min>90.000</oos:min></oos:valueRange></oos:rangeSet></oos:value><oos:value><oos:OKEI><oos:code>163</oos:code><oos:name>Грамм</oos:name></oos:OKEI><oos:valueFormat>A</oos:valueFormat><oos:rangeSet><oos:valueRange><oos:minMathNotation>greaterOrEqual</oos:minMathNotation><oos:min>80.000</oos:min><oos:maxMathNotation>less</oos:maxMathNotation><oos:max>90.00</oos:max></oos:valueRange></oos:rangeSet></oos:value></oos:values></oos:characteristic><oos:characteristic><oos:code>4fd05d4a-0</oos:code><oos:name>Длина листа</oos:name><oos:type>2</oos:type><oos:kind>2</oos:kind><oos:actual>true</oos:actual><oos:isRequired>false</oos:isRequired><oos:choiceType>2</oos:choiceType><oos:values><oos:value><oos:OKEI><oos:code>003</oos:code><oos:name>Миллиметр</oos:name></oos:OKEI><oos:valueFormat>A</oos:valueFormat><oos:rangeSet><oos:valueRange><oos:minMathNotation>greaterOrEqual</oos:minMathNotation><oos:min>900.000</oos:min><oos:maxMathNotation>lessOrEqual</oos:maxMathNotation><oos:max>1000.00</oos:max></oos:valueRange></oos:rangeSet></oos:value><oos:value><oos:OKEI><oos:code>003</oos:code><oos:name>Миллиметр</oos:name></oos:OKEI><oos:valueFormat>A</oos:valueFormat><oos:rangeSet><oos:valueRange><oos:minMathNotation>greaterOrEqual</oos:minMathNotation><oos:min>800.000</oos:min><oos:maxMathNotation>less</oos:maxMathNotation><oos:max>900.00</oos:max></oos:valueRange></oos:rangeSet></oos:value><oos:value><oos:OKEI><oos:code>003</oos:code><oos:name>Миллиметр</oos:name></oos:OKEI><oos:valueFormat>A</oos:valueFormat><oos:rangeSet><oos:valueRange><oos:minMathNotation>greaterOrEqual</oos:minMathNotation><oos:min>600.000</oos:min><oos:maxMathNotation>less</oos:maxMathNotation><oos:max>800.00</oos:max></oos:valueRange></oos:rangeSet></oos:value></oos:values></oos:characteristic><oos:characteristic><oos:code>61a1e2f8-3</oos:code><oos:name>Ширина листа</oos:name><oos:type>2</oos:type><oos:kind>2</oos:kind><oos:actual>true</oos:actual><oos:isRequired>false</oos:isRequired><oos:choiceType>2</oos:choiceType><oos:values><oos:value><oos:OKEI><oos:code>003</oos:code><oos:name>Миллиметр</oos:name></oos:OKEI><oos:valueFormat>A</oos:valueFormat><oos:rangeSet><oos:valueRange><oos:minMathNotation>greaterOrEqual</oos:minMathNotation><oos:min>700.000</oos:min></oos:valueRange></oos:rangeSet></oos:value><oos:value><oos:OKEI><oos:code>003</oos:code><oos:name>Миллиметр</oos:name></oos:OKEI><oos:valueFormat>A</oos:valueFormat><oos:rangeSet><oos:valueRange><oos:minMathNotation>greaterOrEqual</oos:minMathNotation><oos:min>650.000</oos:min><oos:maxMathNotation>less</oos:maxMathNotation><oos:max>700.00</oos:max></oos:valueRange></oos:rangeSet></oos:value><oos:value><oos:OKEI><oos:code>003</oos:code><oos:name>Миллиметр</oos:name></oos:OKEI><oos:valueFormat>A</oos:valueFormat><oos:rangeSet><oos:valueRange><oos:minMathNotation>greaterOrEqual</oos:minMathNotation><oos:min>550.000</oos:min><oos:maxMathNotation>less</oos:maxMathNotation><oos:max>650.00</oos:max></oos:valueRange></oos:rangeSet></oos:value><oos:value><oos:OKEI><oos:code>003</oos:code><oos:name>Миллиметр</oos:name></oos:OKEI><oos:valueFormat>A</oos:valueFormat><oos:rangeSet><oos:valueRange><oos:minMathNotation>greaterOrEqual</oos:minMathNotation><oos:min>450.000</oos:min><oos:maxMathNotation>less</oos:maxMathNotation><oos:max>550.00</oos:max></oos:valueRange></oos:rangeSet></oos:value></oos:values></oos:characteristic><oos:characteristic><oos:code>f489d3aa-1</oos:code><oos:name>Количество листов в упаковке</oos:name><oos:type>2</oos:type><oos:kind>2</oos:kind><oos:actual>true</oos:actual><oos:isRequired>false</oos:isRequired><oos:choiceType>2</oos:choiceType><oos:values><oos:value><oos:OKEI><oos:code>796</oos:code><oos:name>Штука</oos:name></oos:OKEI><oos:valueFormat>A</oos:valueFormat><oos:rangeSet><oos:valueRange><oos:minMathNotation>greaterOrEqual</oos:minMathNotation><oos:min>50.000</oos:min></oos:valueRange></oos:rangeSet></oos:value><oos:value><oos:OKEI><oos:code>796</oos:code><oos:name>Штука</oos:name></oos:OKEI><oos:valueFormat>A</oos:valueFormat><oos:rangeSet><oos:valueRange><oos:minMathNotation>greaterOrEqual</oos:minMathNotation><oos:min>40.000</oos:min><oos:maxMathNotation>less</oos:maxMathNotation><oos:max>50.00</oos:max></oos:valueRange></oos:rangeSet></oos:value><oos:value><oos:OKEI><oos:code>796</oos:code><oos:name>Штука</oos:name></oos:OKEI><oos:valueFormat>A</oos:valueFormat><oos:rangeSet><oos:valueRange><oos:minMathNotation>greaterOrEqual</oos:minMathNotation><oos:min>30.000</oos:min><oos:maxMathNotation>less</oos:maxMathNotation><oos:max>40.00</oos:max></oos:valueRange></oos:rangeSet></oos:value><oos:value><oos:OKEI><oos:code>796</oos:code><oos:name>Штука</oos:name></oos:OKEI><oos:valueFormat>A</oos:valueFormat><oos:rangeSet><oos:valueRange><oos:minMathNotation>greaterOrEqual</oos:minMathNotation><oos:min>20.000</oos:min><oos:maxMathNotation>less</oos:maxMathNotation><oos:max>30.00</oos:max></oos:valueRange></oos:rangeSet></oos:value><oos:value><oos:OKEI><oos:code>796</oos:code><oos:name>Штука</oos:name></oos:OKEI><oos:valueFormat>A</oos:valueFormat><oos:rangeSet><oos:valueRange><oos:minMathNotation>greaterOrEqual</oos:minMathNotation><oos:min>10.000</oos:min><oos:maxMathNotation>less</oos:maxMathNotation><oos:max>20.00</oos:max></oos:valueRange></oos:rangeSet></oos:value></oos:values></oos:characteristic></oos:characteristics><oos:rubricators><oos:rubricatorInfo><oos:name>Бумага и канцелярские товары</oos:name></oos:rubricatorInfo></oos:rubricators><oos:isTemplate>true</oos:isTemplate><oos:noNewFeatures>false</oos:noNewFeatures></oos:data></oos:position><oos:position><oos:data><oos:code>17.12.14.121-00000002</oos:code><oos:version>2</oos:version><oos:inclusionDate>2021-04-05T09:36:42+03:00</oos:inclusionDate><oos:publishDate>2021-04-05T09:57:29+03:00</oos:publishDate><oos:name>Бумага для флипчарта</oos:name><oos:OKPD2><oos:code>17.12.14.121</oos:code><oos:name>Бумага писчая и тетрадная</oos:name></oos:OKPD2><oos:actual>true</oos:actual><oos:applicationDateStart>2021-06-15T00:00:00+03:00</oos:applicationDateStart><oos:OKEIs><oos:OKEI><oos:code>778</oos:code><oos:name>Упаковка</oos:name></oos:OKEI></oos:OKEIs><oos:NSI><oos:classifiers><oos:classifier><oos:name>Общероссийский классификатор продукции по видам экономической деятельности (ОКПД2)</oos:name><oos:values><oos:value><oos:code>17.12.14.121</oos:code><oos:name>Бумага писчая и тетрадная</oos:name></oos:value></oos:values></oos:classifier></oos:classifiers></oos:NSI><oos:characteristics><oos:characteristic><oos:code>1c9b54c3-f</oos:code><oos:name>Вид бумаги</oos:name><oos:type>1</oos:type><oos:kind>2</oos:kind><oos:actual>true</oos:actual><oos:isRequired>false</oos:isRequired><oos:choiceType>2</oos:choiceType><oos:values><oos:value><oos:qualityDescription>Нелинованная</oos:qualityDescription></oos:value><oos:value><oos:qualityDescription>Линованная</oos:qualityDescription></oos:value></oos:values></oos:characteristic><oos:characteristic><oos:code>3ebb5d2f-f</oos:code><oos:name>Масса бумаги площадью 1м2</oos:name><oos:type>2</oos:type><oos:kind>2</oos:kind><oos:actual>true</oos:actual><oos:isRequired>true</oos:isRequired><oos:choiceType>2</oos:choiceType><oos:values><oos:value><oos:OKEI><oos:code>163</oos:code><oos:name>Грамм</oos:name></oos:OKEI><oos:valueFormat>A</oos:valueFormat><oos:rangeSet><oos:valueRange><oos:minMathNotation>greaterOrEqual</oos:minMathNotation><oos:min>90.000</oos:min></oos:valueRange></oos:rangeSet></oos:value><oos:value><oos:OKEI><oos:code>163</oos:code><oos:name>Грамм</oos:name></oos:OKEI><oos:valueFormat>A</oos:valueFormat><oos:rangeSet><oos:valueRange><oos:minMathNotation>greaterOrEqual</oos:minMathNotation><oos:min>80.000</oos:min><oos:maxMathNotation>less</oos:maxMathNotation><oos:max>90.00</oos:max></oos:valueRange></oos:rangeSet></oos:value></oos:values></oos:characteristic><oos:characteristic><oos:code>4fd05d4a-0</oos:code><oos:name>Длина листа</oos:name><oos:type>2</oos:type><oos:kind>2</oos:kind><oos:actual>true</oos:actual><oos:isRequired>false</oos:isRequired><oos:choiceType>2</oos:choiceType><oos:values><oos:value><oos:OKEI><oos:code>003</oos:code><oos:name>Миллиметр</oos:name></oos:OKEI><oos:valueFormat>A</oos:valueFormat><oos:rangeSet><oos:valueRange><oos:minMathNotation>greaterOrEqual</oos:minMathNotation><oos:min>900.000</oos:min><oos:maxMathNotation>lessOrEqual</oos:maxMathNotation><oos:max>1000.00</oos:max></oos:valueRange></oos:rangeSet></oos:value><oos:value><oos:OKEI><oos:code>003</oos:code><oos:name>Миллиметр</oos:name></oos:OKEI><oos:valueFormat>A</oos:valueFormat><oos:rangeSet><oos:valueRange><oos:minMathNotation>greaterOrEqual</oos:minMathNotation><oos:min>800.000</oos:min><oos:maxMathNotation>less</oos:maxMathNotation><oos:max>900.00</oos:max></oos:valueRange></oos:rangeSet></oos:value><oos:value><oos:OKEI><oos:code>003</oos:code><oos:name>Миллиметр</oos:name></oos:OKEI><oos:valueFormat>A</oos:valueFormat><oos:rangeSet><oos:valueRange><oos:minMathNotation>greaterOrEqual</oos:minMathNotation><oos:min>600.000</oos:min><oos:maxMathNotation>less</oos:maxMathNotation><oos:max>800.00</oos:max></oos:valueRange></oos:rangeSet></oos:value></oos:values></oos:characteristic><oos:characteristic><oos:code>61a1e2f8-3</oos:code><oos:name>Ширина листа</oos:name><oos:type>2</oos:type><oos:kind>2</oos:kind><oos:actual>true</oos:actual><oos:isRequired>false</oos:isRequired><oos:choiceType>2</oos:choiceType><oos:values><oos:value><oos:OKEI><oos:code>003</oos:code><oos:name>Миллиметр</oos:name></oos:OKEI><oos:valueFormat>A</oos:valueFormat><oos:rangeSet><oos:valueRange><oos:minMathNotation>greaterOrEqual</oos:minMathNotation><oos:min>700.000</oos:min></oos:valueRange></oos:rangeSet></oos:value><oos:value><oos:OKEI><oos:code>003</oos:code><oos:name>Миллиметр</oos:name></oos:OKEI><oos:valueFormat>A</oos:valueFormat><oos:rangeSet><oos:valueRange><oos:minMathNotation>greaterOrEqual</oos:minMathNotation><oos:min>650.000</oos:min><oos:maxMathNotation>less</oos:maxMathNotation><oos:max>700.00</oos:max></oos:valueRange></oos:rangeSet></oos:value><oos:value><oos:OKEI><oos:code>003</oos:code><oos:name>Миллиметр</oos:name></oos:OKEI><oos:valueFormat>A</oos:valueFormat><oos:rangeSet><oos:valueRange><oos:minMathNotation>greaterOrEqual</oos:minMathNotation><oos:min>550.000</oos:min><oos:maxMathNotation>less</oos:maxMathNotation><oos:max>650.00</oos:max></oos:valueRange></oos:rangeSet></oos:value><oos:value><oos:OKEI><oos:code>003</oos:code><oos:name>Миллиметр</oos:name></oos:OKEI><oos:valueFormat>A</oos:valueFormat><oos:rangeSet><oos:valueRange><oos:minMathNotation>greaterOrEqual</oos:minMathNotation><oos:min>450.000</oos:min><oos:maxMathNotation>less</oos:maxMathNotation><oos:max>550.00</oos:max></oos:valueRange></oos:rangeSet></oos:value></oos:values></oos:characteristic><oos:characteristic><oos:code>f489d3aa-1</oos:code><oos:name>Количество листов в упаковке</oos:name><oos:type>2</oos:type><oos:kind>2</oos:kind><oos:actual>true</oos:actual><oos:isRequired>false</oos:isRequired><oos:choiceType>2</oos:choiceType><oos:values><oos:value><oos:OKEI><oos:code>796</oos:code><oos:name>Штука</oos:name></oos:OKEI><oos:valueFormat>A</oos:valueFormat><oos:rangeSet><oos:valueRange><oos:minMathNotation>greaterOrEqual</oos:minMathNotation><oos:min>50.000</oos:min></oos:valueRange></oos:rangeSet></oos:value><oos:value><oos:OKEI><oos:code>796</oos:code><oos:name>Штука</oos:name></oos:OKEI><oos:valueFormat>A</oos:valueFormat><oos:rangeSet><oos:valueRange><oos:minMathNotation>greaterOrEqual</oos:minMathNotation><oos:min>40.000</oos:min><oos:maxMathNotation>less</oos:maxMathNotation><oos:max>50.00</oos:max></oos:valueRange></oos:rangeSet></oos:value><oos:value><oos:OKEI><oos:code>796</oos:code><oos:name>Штука</oos:name></oos:OKEI><oos:valueFormat>A</oos:valueFormat><oos:rangeSet><oos:valueRange><oos:minMathNotation>greaterOrEqual</oos:minMathNotation><oos:min>30.000</oos:min><oos:maxMathNotation>less</oos:maxMathNotation><oos:max>40.00</oos:max></oos:valueRange></oos:rangeSet></oos:value><oos:value><oos:OKEI><oos:code>796</oos:code><oos:name>Штука</oos:name></oos:OKEI><oos:valueFormat>A</oos:valueFormat><oos:rangeSet><oos:valueRange><oos:minMathNotation>greaterOrEqual</oos:minMathNotation><oos:min>20.000</oos:min><oos:maxMathNotation>less</oos:maxMathNotation><oos:max>30.00</oos:max></oos:valueRange></oos:rangeSet></oos:value><oos:value><oos:OKEI><oos:code>796</oos:code><oos:name>Штука</oos:name></oos:OKEI><oos:valueFormat>A</oos:valueFormat><oos:rangeSet><oos:valueRange><oos:minMathNotation>greaterOrEqual</oos:minMathNotation><oos:min>10.000</oos:min><oos:maxMathNotation>less</oos:maxMathNotation><oos:max>20.00</oos:max></oos:valueRange></oos:rangeSet></oos:value></oos:values></oos:characteristic></oos:characteristics><oos:rubricators><oos:rubricatorInfo><oos:name>Бумага и канцелярские товары</oos:name></oos:rubricatorInfo></oos:rubricators><oos:isTemplate>true</oos:isTemplate><oos:noNewFeatures>false</oos:noNewFeatures></oos:data></oos:position><oos:position><oos:data><oos:code>17.12.14.121-00000001</oos:code><oos:version>1</oos:version><oos:inclusionDate>2021-04-05T09:33:07+03:00</oos:inclusionDate><oos:publishDate>2021-04-05T09:33:07+03:00</oos:publishDate><oos:name>Бумага для флипчарта</oos:name><oos:OKPD2><oos:code>17.12.14.121</oos:code><oos:name>Бумага писчая и тетрадная</oos:name></oos:OKPD2><oos:actual>true</oos:actual><oos:applicationDateStart>2021-06-15T00:00:00+03:00</oos:applicationDateStart><oos:OKEIs><oos:OKEI><oos:code>778</oos:code><oos:name>Упаковка</oos:name></oos:OKEI></oos:OKEIs><oos:NSI><oos:classifiers><oos:classifier><oos:name>Общероссийский классификатор продукции по видам экономической деятельности (ОКПД2)</oos:name><oos:values><oos:value><oos:code>17.12.14.121</oos:code><oos:name>Бумага писчая и тетрадная</oos:name></oos:value></oos:values></oos:classifier></oos:classifiers></oos:NSI><oos:characteristics><oos:characteristic><oos:code>1c9b54c3-f</oos:code><oos:name>Вид бумаги</oos:name><oos:type>1</oos:type><oos:kind>2</oos:kind><oos:actual>true</oos:actual><oos:isRequired>false</oos:isRequired><oos:choiceType>2</oos:choiceType><oos:values><oos:value><oos:qualityDescription>Нелинованая</oos:qualityDescription></oos:value><oos:value><oos:qualityDescription>Линованая</oos:qualityDescription></oos:value></oos:values></oos:characteristic><oos:characteristic><oos:code>3ebb5d2f-f</oos:code><oos:name>Масса бумаги площадью 1м2</oos:name><oos:type>2</oos:type><oos:kind>2</oos:kind><oos:actual>true</oos:actual><oos:isRequired>true</oos:isRequired><oos:choiceType>2</oos:choiceType><oos:values><oos:value><oos:OKEI><oos:code>163</oos:code><oos:name>Грамм</oos:name></oos:OKEI><oos:valueFormat>A</oos:valueFormat><oos:rangeSet><oos:valueRange><oos:minMathNotation>greaterOrEqual</oos:minMathNotation><oos:min>90.000</oos:min></oos:valueRange></oos:rangeSet></oos:value><oos:value><oos:OKEI><oos:code>163</oos:code><oos:name>Грамм</oos:name></oos:OKEI><oos:valueFormat>A</oos:valueFormat><oos:rangeSet><oos:valueRange><oos:minMathNotation>greaterOrEqual</oos:minMathNotation><oos:min>80.000</oos:min><oos:maxMathNotation>less</oos:maxMathNotation><oos:max>90.00</oos:max></oos:valueRange></oos:rangeSet></oos:value></oos:values></oos:characteristic><oos:characteristic><oos:code>4fd05d4a-0</oos:code><oos:name>Длина листа</oos:name><oos:type>2</oos:type><oos:kind>2</oos:kind><oos:actual>true</oos:actual><oos:isRequired>false</oos:isRequired><oos:choiceType>2</oos:choiceType><oos:values><oos:value><oos:OKEI><oos:code>003</oos:code><oos:name>Миллиметр</oos:name></oos:OKEI><oos:valueFormat>A</oos:valueFormat><oos:rangeSet><oos:valueRange><oos:minMathNotation>greaterOrEqual</oos:minMathNotation><oos:min>900.000</oos:min><oos:maxMathNotation>lessOrEqual</oos:maxMathNotation><oos:max>1000.00</oos:max></oos:valueRange></oos:rangeSet></oos:value><oos:value><oos:OKEI><oos:code>003</oos:code><oos:name>Миллиметр</oos:name></oos:OKEI><oos:valueFormat>A</oos:valueFormat><oos:rangeSet><oos:valueRange><oos:minMathNotation>greaterOrEqual</oos:minMathNotation><oos:min>800.000</oos:min><oos:maxMathNotation>less</oos:maxMathNotation><oos:max>900.00</oos:max></oos:valueRange></oos:rangeSet></oos:value><oos:value><oos:OKEI><oos:code>003</oos:code><oos:name>Миллиметр</oos:name></oos:OKEI><oos:valueFormat>A</oos:valueFormat><oos:rangeSet><oos:valueRange><oos:minMathNotation>greaterOrEqual</oos:minMathNotation><oos:min>600.000</oos:min><oos:maxMathNotation>less</oos:maxMathNotation><oos:max>800.00</oos:max></oos:valueRange></oos:rangeSet></oos:value></oos:values></oos:characteristic><oos:characteristic><oos:code>61a1e2f8-3</oos:code><oos:name>Ширина листа</oos:name><oos:type>2</oos:type><oos:kind>2</oos:kind><oos:actual>true</oos:actual><oos:isRequired>false</oos:isRequired><oos:choiceType>2</oos:choiceType><oos:values><oos:value><oos:OKEI><oos:code>003</oos:code><oos:name>Миллиметр</oos:name></oos:OKEI><oos:valueFormat>A</oos:valueFormat><oos:rangeSet><oos:valueRange><oos:minMathNotation>greaterOrEqual</oos:minMathNotation><oos:min>700.000</oos:min></oos:valueRange></oos:rangeSet></oos:value><oos:value><oos:OKEI><oos:code>003</oos:code><oos:name>Миллиметр</oos:name></oos:OKEI><oos:valueFormat>A</oos:valueFormat><oos:rangeSet><oos:valueRange><oos:minMathNotation>greaterOrEqual</oos:minMathNotation><oos:min>650.000</oos:min><oos:maxMathNotation>less</oos:maxMathNotation><oos:max>700.00</oos:max></oos:valueRange></oos:rangeSet></oos:value><oos:value><oos:OKEI><oos:code>003</oos:code><oos:name>Миллиметр</oos:name></oos:OKEI><oos:valueFormat>A</oos:valueFormat><oos:rangeSet><oos:valueRange><oos:minMathNotation>greaterOrEqual</oos:minMathNotation><oos:min>550.000</oos:min><oos:maxMathNotation>less</oos:maxMathNotation><oos:max>650.00</oos:max></oos:valueRange></oos:rangeSet></oos:value><oos:value><oos:OKEI><oos:code>003</oos:code><oos:name>Миллиметр</oos:name></oos:OKEI><oos:valueFormat>A</oos:valueFormat><oos:rangeSet><oos:valueRange><oos:minMathNotation>greaterOrEqual</oos:minMathNotation><oos:min>450.000</oos:min><oos:maxMathNotation>less</oos:maxMathNotation><oos:max>550.00</oos:max></oos:valueRange></oos:rangeSet></oos:value></oos:values></oos:characteristic><oos:characteristic><oos:code>f489d3aa-1</oos:code><oos:name>Количество листов в упаковке</oos:name><oos:type>2</oos:type><oos:kind>2</oos:kind><oos:actual>true</oos:actual><oos:isRequired>false</oos:isRequired><oos:choiceType>2</oos:choiceType><oos:values><oos:value><oos:OKEI><oos:code>796</oos:code><oos:name>Штука</oos:name></oos:OKEI><oos:valueFormat>A</oos:valueFormat><oos:rangeSet><oos:valueRange><oos:minMathNotation>greaterOrEqual</oos:minMathNotation><oos:min>50.000</oos:min></oos:valueRange></oos:rangeSet></oos:value><oos:value><oos:OKEI><oos:code>796</oos:code><oos:name>Штука</oos:name></oos:OKEI><oos:valueFormat>A</oos:valueFormat><oos:rangeSet><oos:valueRange><oos:minMathNotation>greaterOrEqual</oos:minMathNotation><oos:min>40.000</oos:min><oos:maxMathNotation>less</oos:maxMathNotation><oos:max>50.00</oos:max></oos:valueRange></oos:rangeSet></oos:value><oos:value><oos:OKEI><oos:code>796</oos:code><oos:name>Штука</oos:name></oos:OKEI><oos:valueFormat>A</oos:valueFormat><oos:rangeSet><oos:valueRange><oos:minMathNotation>greaterOrEqual</oos:minMathNotation><oos:min>30.000</oos:min><oos:maxMathNotation>less</oos:maxMathNotation><oos:max>40.00</oos:max></oos:valueRange></oos:rangeSet></oos:value><oos:value><oos:OKEI><oos:code>796</oos:code><oos:name>Штука</oos:name></oos:OKEI><oos:valueFormat>A</oos:valueFormat><oos:rangeSet><oos:valueRange><oos:minMathNotation>greaterOrEqual</oos:minMathNotation><oos:min>20.000</oos:min><oos:maxMathNotation>less</oos:maxMathNotation><oos:max>30.00</oos:max></oos:valueRange></oos:rangeSet></oos:value><oos:value><oos:OKEI><oos:code>796</oos:code><oos:name>Штука</oos:name></oos:OKEI><oos:valueFormat>A</oos:valueFormat><oos:rangeSet><oos:valueRange><oos:minMathNotation>greaterOrEqual</oos:minMathNotation><oos:min>10.000</oos:min><oos:maxMathNotation>less</oos:maxMathNotation><oos:max>20.00</oos:max></oos:valueRange></oos:rangeSet></oos:value></oos:values></oos:characteristic></oos:characteristics><oos:rubricators><oos:rubricatorInfo><oos:name>Бумага и канцелярские товары</oos:name></oos:rubricatorInfo></oos:rubricators><oos:isTemplate>false</oos:isTemplate><oos:parentPositionInfo><oos:code>17.12.14.121-00000002</oos:code><oos:version>1</oos:version></oos:parentPositionInfo><oos:noNewFeatures>false</oos:noNewFeatures></oos:data></oos:position><oos:position><oos:data><oos:code>17.12.14.121-00000004</oos:code><oos:version>1</oos:version><oos:inclusionDate>2021-04-05T09:52:46+03:00</oos:inclusionDate><oos:publishDate>2021-04-05T09:52:46+03:00</oos:publishDate><oos:name>Бумага писчая</oos:name><oos:OKPD2><oos:code>17.12.14.121</oos:code><oos:name>Бумага писчая и тетрадная</oos:name></oos:OKPD2><oos:actual>true</oos:actual><oos:applicationDateStart>2021-06-15T00:00:00+03:00</oos:applicationDateStart><oos:OKEIs><oos:OKEI><oos:code>728</oos:code><oos:name>Пачка</oos:name></oos:OKEI></oos:OKEIs><oos:NSI><oos:standarts><oos:standart><oos:docName>ГОСТ Р 58611-2019 Бумага писчая. Общие технические условия</oos:docName></oos:standart></oos:standarts><oos:classifiers><oos:classifier><oos:name>Общероссийский классификатор продукции по видам экономической деятельности (ОКПД2)</oos:name><oos:values><oos:value><oos:code>17.12.14.121</oos:code><oos:name>Бумага писчая и тетрадная</oos:name></oos:value></oos:values></oos:classifier></oos:classifiers></oos:NSI><oos:characteristics><oos:characteristic><oos:code>ad5eed1c-5</oos:code><oos:name>Марка бумаги, не ниже</oos:name><oos:type>1</oos:type><oos:kind>2</oos:kind><oos:actual>true</oos:actual><oos:isRequired>false</oos:isRequired><oos:choiceType>2</oos:choiceType><oos:values><oos:value><oos:qualityDescription>А</oos:qualityDescription></oos:value><oos:value><oos:qualityDescription>Г</oos:qualityDescription></oos:value><oos:value><oos:qualityDescription>В</oos:qualityDescription></oos:value><oos:value><oos:qualityDescription>Б</oos:qualityDescription></oos:value></oos:values></oos:characteristic><oos:characteristic><oos:code>c4f9a5dc-1</oos:code><oos:name>Номер бумаги</oos:name><oos:type>1</oos:type><oos:kind>2</oos:kind><oos:actual>true</oos:actual><oos:isRequired>false</oos:isRequired><oos:choiceType>2</oos:choiceType><oos:values><oos:value><oos:qualityDescription>2</oos:qualityDescription></oos:value><oos:value><oos:qualityDescription>1</oos:qualityDescription></oos:value><oos:value><oos:qualityDescription>0</oos:qualityDescription></oos:value></oos:values></oos:characteristic><oos:characteristic><oos:code>5954ee4c-3</oos:code><oos:name>Вид бумаги</oos:name><oos:type>1</oos:type><oos:kind>2</oos:kind><oos:actual>true</oos:actual><oos:isRequired>false</oos:isRequired><oos:choiceType>2</oos:choiceType><oos:values><oos:value><oos:qualityDescription>Нелинованная</oos:qualityDescription></oos:value><oos:value><oos:qualityDescription>Линованная</oos:qualityDescription></oos:value></oos:values></oos:characteristic><oos:characteristic><oos:code>5ca078d3-2</oos:code><oos:name>Масса бумаги площадью 1м2</oos:name><oos:type>2</oos:type><oos:kind>2</oos:kind><oos:actual>true</oos:actual><oos:isRequired>true</oos:isRequired><oos:choiceType>2</oos:choiceType><oos:values><oos:value><oos:OKEI><oos:code>163</oos:code><oos:name>Грамм</oos:name></oos:OKEI><oos:valueFormat>A</oos:valueFormat><oos:rangeSet><oos:valueRange><oos:minMathNotation>greaterOrEqual</oos:minMathNotation><oos:min>80.000</oos:min></oos:valueRange></oos:rangeSet></oos:value><oos:value><oos:OKEI><oos:code>163</oos:code><oos:name>Грамм</oos:name></oos:OKEI><oos:valueFormat>A</oos:valueFormat><oos:rangeSet><oos:valueRange><oos:minMathNotation>greaterOrEqual</oos:minMathNotation><oos:min>75.000</oos:min><oos:maxMathNotation>less</oos:maxMathNotation><oos:max>80.00</oos:max></oos:valueRange></oos:rangeSet></oos:value><oos:value><oos:OKEI><oos:code>163</oos:code><oos:name>Грамм</oos:name></oos:OKEI><oos:valueFormat>A</oos:valueFormat><oos:rangeSet><oos:valueRange><oos:minMathNotation>greaterOrEqual</oos:minMathNotation><oos:min>70.000</oos:min><oos:maxMathNotation>less</oos:maxMathNotation><oos:max>75.00</oos:max></oos:valueRange></oos:rangeSet></oos:value><oos:value><oos:OKEI><oos:code>163</oos:code><oos:name>Грамм</oos:name></oos:OKEI><oos:valueFormat>A</oos:valueFormat><oos:rangeSet><oos:valueRange><oos:minMathNotation>greaterOrEqual</oos:minMathNotation><oos:min>65.000</oos:min><oos:maxMathNotation>less</oos:maxMathNotation><oos:max>70.00</oos:max></oos:valueRange></oos:rangeSet></oos:value><oos:value><oos:OKEI><oos:code>163</oos:code><oos:name>Грамм</oos:name></oos:OKEI><oos:valueFormat>A</oos:valueFormat><oos:rangeSet><oos:valueRange><oos:minMathNotation>greaterOrEqual</oos:minMathNotation><oos:min>60.000</oos:min><oos:maxMathNotation>less</oos:maxMathNotation><oos:max>65.00</oos:max></oos:valueRange></oos:rangeSet></oos:value><oos:value><oos:OKEI><oos:code>163</oos:code><oos:name>Грамм</oos:name></oos:OKEI><oos:valueFormat>A</oos:valueFormat><oos:rangeSet><oos:valueRange><oos:minMathNotation>greaterOrEqual</oos:minMathNotation><oos:min>55.000</oos:min><oos:maxMathNotation>less</oos:maxMathNotation><oos:max>60.00</oos:max></oos:valueRange></oos:rangeSet></oos:value><oos:value><oos:OKEI><oos:code>163</oos:code><oos:name>Грамм</oos:name></oos:OKEI><oos:valueFormat>A</oos:valueFormat><oos:rangeSet><oos:valueRange><oos:minMathNotation>greaterOrEqual</oos:minMathNotation><oos:min>50.000</oos:min><oos:maxMathNotation>less</oos:maxMathNotation><oos:max>55.00</oos:max></oos:valueRange></oos:rangeSet></oos:value><oos:value><oos:OKEI><oos:code>163</oos:code><oos:name>Грамм</oos:name></oos:OKEI><oos:valueFormat>A</oos:valueFormat><oos:rangeSet><oos:valueRange><oos:minMathNotation>greaterOrEqual</oos:minMathNotation><oos:min>45.000</oos:min><oos:maxMathNotation>less</oos:maxMathNotation><oos:max>50.00</oos:max></oos:valueRange></oos:rangeSet></oos:value></oos:values></oos:characteristic><oos:characteristic><oos:code>9911de48-0</oos:code><oos:name>Формат</oos:name><oos:type>1</oos:type><oos:kind>2</oos:kind><oos:actual>true</oos:actual><oos:isRequired>false</oos:isRequired><oos:choiceType>2</oos:choiceType><oos:values><oos:value><oos:qualityDescription>А5</oos:qualityDescription></oos:value><oos:value><oos:qualityDescription>А4</oos:qualityDescription></oos:value><oos:value><oos:qualityDescription>А3</oos:qualityDescription></oos:value></oos:values></oos:characteristic><oos:characteristic><oos:code>a6990d6c-8</oos:code><oos:name>Количество листов в пачке</oos:name><oos:type>2</oos:type><oos:kind>2</oos:kind><oos:actual>true</oos:actual><oos:isRequired>false</oos:isRequired><oos:choiceType>2</oos:choiceType><oos:values><oos:value><oos:OKEI><oos:code>796</oos:code><oos:name>Штука</oos:name></oos:OKEI><oos:valueFormat>A</oos:valueFormat><oos:rangeSet><oos:valueRange><oos:minMathNotation>greaterOrEqual</oos:minMathNotation><oos:min>300.000</oos:min></oos:valueRange></oos:rangeSet></oos:value><oos:value><oos:OKEI><oos:code>796</oos:code><oos:name>Штука</oos:name></oos:OKEI><oos:valueFormat>A</oos:valueFormat><oos:rangeSet><oos:valueRange><oos:minMathNotation>greaterOrEqual</oos:minMathNotation><oos:min>200.000</oos:min></oos:valueRange></oos:rangeSet></oos:value><oos:value><oos:OKEI><oos:code>796</oos:code><oos:name>Штука</oos:name></oos:OKEI><oos:valueFormat>A</oos:valueFormat><oos:rangeSet><oos:valueRange><oos:minMathNotation>greaterOrEqual</oos:minMathNotation><oos:min>100.000</oos:min></oos:valueRange></oos:rangeSet></oos:value><oos:value><oos:OKEI><oos:code>796</oos:code><oos:name>Штука</oos:name></oos:OKEI><oos:valueFormat>A</oos:valueFormat><oos:rangeSet><oos:valueRange><oos:minMathNotation>greaterOrEqual</oos:minMathNotation><oos:min>400.000</oos:min></oos:valueRange></oos:rangeSet></oos:value><oos:value><oos:OKEI><oos:code>796</oos:code><oos:name>Штука</oos:name></oos:OKEI><oos:valueFormat>A</oos:valueFormat><oos:rangeSet><oos:valueRange><oos:minMathNotation>greaterOrEqual</oos:minMathNotation><oos:min>500.000</oos:min></oos:valueRange></oos:rangeSet></oos:value></oos:values></oos:characteristic></oos:characteristics><oos:rubricators><oos:rubricatorInfo><oos:name>Бумага и канцелярские товары</oos:name></oos:rubricatorInfo></oos:rubricators><oos:isTemplate>true</oos:isTemplate><oos:noNewFeatures>false</oos:noNewFeatures></oos:data></oos:position><oos:position><oos:data><oos:code>17.12.14.121-00000003</oos:code><oos:version>1</oos:version><oos:inclusionDate>2021-04-05T09:52:09+03:00</oos:inclusionDate><oos:publishDate>2021-04-05T09:52:09+03:00</oos:publishDate><oos:name>Бумага писчая</oos:name><oos:OKPD2><oos:code>17.12.14.121</oos:code><oos:name>Бумага писчая и тетрадная</oos:name></oos:OKPD2><oos:actual>true</oos:actual><oos:applicationDateStart>2021-06-15T00:00:00+03:00</oos:applicationDateStart><oos:OKEIs><oos:OKEI><oos:code>728</oos:code><oos:name>Пачка</oos:name></oos:OKEI></oos:OKEIs><oos:NSI><oos:standarts><oos:standart><oos:docName>ГОСТ Р 58611-2019 Бумага писчая. Общие технические условия</oos:docName></oos:standart></oos:standarts><oos:classifiers><oos:classifier><oos:name>Общероссийский классификатор продукции по видам экономической деятельности (ОКПД2)</oos:name><oos:values><oos:value><oos:code>17.12.14.121</oos:code><oos:name>Бумага писчая и тетрадная</oos:name></oos:value></oos:values></oos:classifier></oos:classifiers></oos:NSI><oos:characteristics><oos:characteristic><oos:code>ad5eed1c-5</oos:code><oos:name>Марка бумаги, не ниже</oos:name><oos:type>1</oos:type><oos:kind>2</oos:kind><oos:actual>true</oos:actual><oos:isRequired>false</oos:isRequired><oos:choiceType>2</oos:choiceType><oos:values><oos:value><oos:qualityDescription>Г</oos:qualityDescription></oos:value><oos:value><oos:qualityDescription>В</oos:qualityDescription></oos:value><oos:value><oos:qualityDescription>Б</oos:qualityDescription></oos:value><oos:value><oos:qualityDescription>А</oos:qualityDescription></oos:value></oos:values></oos:characteristic><oos:characteristic><oos:code>c4f9a5dc-1</oos:code><oos:name>Номер бумаги</oos:name><oos:type>1</oos:type><oos:kind>2</oos:kind><oos:actual>true</oos:actual><oos:isRequired>false</oos:isRequired><oos:choiceType>2</oos:choiceType><oos:values><oos:value><oos:qualityDescription>2</oos:qualityDescription></oos:value><oos:value><oos:qualityDescription>1</oos:qualityDescription></oos:value><oos:value><oos:qualityDescription>0</oos:qualityDescription></oos:value></oos:values></oos:characteristic><oos:characteristic><oos:code>5954ee4c-3</oos:code><oos:name>Вид бумаги</oos:name><oos:type>1</oos:type><oos:kind>2</oos:kind><oos:actual>true</oos:actual><oos:isRequired>false</oos:isRequired><oos:choiceType>2</oos:choiceType><oos:values><oos:value><oos:qualityDescription>Нелинованная</oos:qualityDescription></oos:value><oos:value><oos:qualityDescription>Линованная</oos:qualityDescription></oos:value></oos:values></oos:characteristic><oos:characteristic><oos:code>5ca078d3-2</oos:code><oos:name>Масса бумаги площадью 1м2</oos:name><oos:type>2</oos:type><oos:kind>2</oos:kind><oos:actual>true</oos:actual><oos:isRequired>true</oos:isRequired><oos:choiceType>2</oos:choiceType><oos:values><oos:value><oos:OKEI><oos:code>163</oos:code><oos:name>Грамм</oos:name></oos:OKEI><oos:valueFormat>A</oos:valueFormat><oos:rangeSet><oos:valueRange><oos:minMathNotation>greaterOrEqual</oos:minMathNotation><oos:min>80.000</oos:min></oos:valueRange></oos:rangeSet></oos:value><oos:value><oos:OKEI><oos:code>163</oos:code><oos:name>Грамм</oos:name></oos:OKEI><oos:valueFormat>A</oos:valueFormat><oos:rangeSet><oos:valueRange><oos:minMathNotation>greaterOrEqual</oos:minMathNotation><oos:min>75.000</oos:min><oos:maxMathNotation>less</oos:maxMathNotation><oos:max>80.00</oos:max></oos:valueRange></oos:rangeSet></oos:value><oos:value><oos:OKEI><oos:code>163</oos:code><oos:name>Грамм</oos:name></oos:OKEI><oos:valueFormat>A</oos:valueFormat><oos:rangeSet><oos:valueRange><oos:minMathNotation>greaterOrEqual</oos:minMathNotation><oos:min>70.000</oos:min><oos:maxMathNotation>less</oos:maxMathNotation><oos:max>75.00</oos:max></oos:valueRange></oos:rangeSet></oos:value><oos:value><oos:OKEI><oos:code>163</oos:code><oos:name>Грамм</oos:name></oos:OKEI><oos:valueFormat>A</oos:valueFormat><oos:rangeSet><oos:valueRange><oos:minMathNotation>greaterOrEqual</oos:minMathNotation><oos:min>65.000</oos:min><oos:maxMathNotation>less</oos:maxMathNotation><oos:max>70.00</oos:max></oos:valueRange></oos:rangeSet></oos:value><oos:value><oos:OKEI><oos:code>163</oos:code><oos:name>Грамм</oos:name></oos:OKEI><oos:valueFormat>A</oos:valueFormat><oos:rangeSet><oos:valueRange><oos:minMathNotation>greaterOrEqual</oos:minMathNotation><oos:min>60.000</oos:min><oos:maxMathNotation>less</oos:maxMathNotation><oos:max>65.00</oos:max></oos:valueRange></oos:rangeSet></oos:value><oos:value><oos:OKEI><oos:code>163</oos:code><oos:name>Грамм</oos:name></oos:OKEI><oos:valueFormat>A</oos:valueFormat><oos:rangeSet><oos:valueRange><oos:minMathNotation>greaterOrEqual</oos:minMathNotation><oos:min>55.000</oos:min><oos:maxMathNotation>less</oos:maxMathNotation><oos:max>60.00</oos:max></oos:valueRange></oos:rangeSet></oos:value><oos:value><oos:OKEI><oos:code>163</oos:code><oos:name>Грамм</oos:name></oos:OKEI><oos:valueFormat>A</oos:valueFormat><oos:rangeSet><oos:valueRange><oos:minMathNotation>greaterOrEqual</oos:minMathNotation><oos:min>50.000</oos:min><oos:maxMathNotation>less</oos:maxMathNotation><oos:max>55.00</oos:max></oos:valueRange></oos:rangeSet></oos:value><oos:value><oos:OKEI><oos:code>163</oos:code><oos:name>Грамм</oos:name></oos:OKEI><oos:valueFormat>A</oos:valueFormat><oos:rangeSet><oos:valueRange><oos:minMathNotation>greaterOrEqual</oos:minMathNotation><oos:min>45.000</oos:min><oos:maxMathNotation>less</oos:maxMathNotation><oos:max>50.00</oos:max></oos:valueRange></oos:rangeSet></oos:value></oos:values></oos:characteristic><oos:characteristic><oos:code>9911de48-0</oos:code><oos:name>Формат</oos:name><oos:type>1</oos:type><oos:kind>2</oos:kind><oos:actual>true</oos:actual><oos:isRequired>false</oos:isRequired><oos:choiceType>2</oos:choiceType><oos:values><oos:value><oos:qualityDescription>А5</oos:qualityDescription></oos:value><oos:value><oos:qualityDescription>А4</oos:qualityDescription></oos:value><oos:value><oos:qualityDescription>А3</oos:qualityDescription></oos:value></oos:values></oos:characteristic><oos:characteristic><oos:code>a6990d6c-8</oos:code><oos:name>Количество листов в пачке</oos:name><oos:type>2</oos:type><oos:kind>2</oos:kind><oos:actual>true</oos:actual><oos:isRequired>false</oos:isRequired><oos:choiceType>2</oos:choiceType><oos:values><oos:value><oos:OKEI><oos:code>796</oos:code><oos:name>Штука</oos:name></oos:OKEI><oos:valueFormat>A</oos:valueFormat><oos:rangeSet><oos:valueRange><oos:minMathNotation>greaterOrEqual</oos:minMathNotation><oos:min>500.000</oos:min></oos:valueRange></oos:rangeSet></oos:value><oos:value><oos:OKEI><oos:code>796</oos:code><oos:name>Штука</oos:name></oos:OKEI><oos:valueFormat>A</oos:valueFormat><oos:rangeSet><oos:valueRange><oos:minMathNotation>greaterOrEqual</oos:minMathNotation><oos:min>300.000</oos:min></oos:valueRange></oos:rangeSet></oos:value><oos:value><oos:OKEI><oos:code>796</oos:code><oos:name>Штука</oos:name></oos:OKEI><oos:valueFormat>A</oos:valueFormat><oos:rangeSet><oos:valueRange><oos:minMathNotation>greaterOrEqual</oos:minMathNotation><oos:min>200.000</oos:min></oos:valueRange></oos:rangeSet></oos:value><oos:value><oos:OKEI><oos:code>796</oos:code><oos:name>Штука</oos:name></oos:OKEI><oos:valueFormat>A</oos:valueFormat><oos:rangeSet><oos:valueRange><oos:minMathNotation>greaterOrEqual</oos:minMathNotation><oos:min>100.000</oos:min></oos:valueRange></oos:rangeSet></oos:value><oos:value><oos:OKEI><oos:code>796</oos:code><oos:name>Штука</oos:name></oos:OKEI><oos:valueFormat>A</oos:valueFormat><oos:rangeSet><oos:valueRange><oos:minMathNotation>greaterOrEqual</oos:minMathNotation><oos:min>400.000</oos:min></oos:valueRange></oos:rangeSet></oos:value></oos:values></oos:characteristic></oos:characteristics><oos:rubricators><oos:rubricatorInfo><oos:name>Бумага и канцелярские товары</oos:name></oos:rubricatorInfo></oos:rubricators><oos:isTemplate>false</oos:isTemplate><oos:parentPositionInfo><oos:code>17.12.14.121-00000004</oos:code><oos:version>1</oos:version></oos:parentPositionInfo><oos:noNewFeatures>false</oos:noNewFeatures></oos:data></oos:position></nsiKTRUs></export>