<export xmlns:xsi="http://www.w3.org/2001/XMLSchema-instance" xmlns="http://zakupki.gov.ru/oos/export/1" xmlns:oos="http://zakupki.gov.ru/oos/types/1" xmlns:ns3="http://zakupki.gov.ru/oos/common/1"><nsiKTRUs><oos:position><oos:data><oos:code>27.32.13.111-00000004</oos:code><oos:version>1</oos:version><oos:inclusionDate>2020-10-15T11:26:10+03:00</oos:inclusionDate><oos:publishDate>2020-10-15T11:26:10+03:00</oos:publishDate><oos:name>Кабель силовой с пластмассовой изоляцией низкого напряжения</oos:name><oos:OKPD2><oos:code>27.32.13.111</oos:code><oos:name>Кабели силовые с медной жилой на напряжение до 1 кВ</oos:name></oos:OKPD2><oos:actual>false</oos:actual><oos:applicationDateStart>2021-01-11T00:00:00+03:00</oos:applicationDateStart><oos:OKEIs><oos:OKEI><oos:code>008</oos:code><oos:name>Километр;^тысяча метров</oos:name></oos:OKEI></oos:OKEIs><oos:NSI><oos:classifiers><oos:classifier><oos:name>Общероссийский классификатор продукции по видам экономической деятельности (ОКПД2)</oos:name><oos:values><oos:value><oos:code>27.32.13.111</oos:code><oos:name>Кабели силовые с медной жилой на напряжение до 1 кВ</oos:name></oos:value></oos:values></oos:classifier><oos:classifier><oos:name>Общероссийский классификатор продукции по видам экономической деятельности (ОКПД2)</oos:name><oos:values><oos:value><oos:code>27.32.13.112</oos:code><oos:name>Кабели силовые с алюминиевой жилой на напряжение до 1 кВ</oos:name></oos:value></oos:values></oos:classifier><oos:classifier><oos:name>Общероссийский классификатор продукции по видам экономической деятельности (ОКПД2)</oos:name><oos:values><oos:value><oos:code>27.32.14.111</oos:code><oos:name>Кабели силовые с медной жилой на напряжение более 1 кВ</oos:name></oos:value></oos:values></oos:classifier><oos:classifier><oos:name>Общероссийский классификатор продукции по видам экономической деятельности (ОКПД2)</oos:name><oos:values><oos:value><oos:code>27.32.14.112</oos:code><oos:name>Кабели силовые с алюминиевой жилой на напряжение более 1 кВ</oos:name></oos:value></oos:values></oos:classifier></oos:classifiers></oos:NSI><oos:characteristics><oos:characteristic><oos:code>6e7a0f81-c</oos:code><oos:name>Номинальное переменное напряжение</oos:name><oos:type>2</oos:type><oos:kind>1</oos:kind><oos:actual>true</oos:actual><oos:isRequired>true</oos:isRequired><oos:choiceType>1</oos:choiceType><oos:values><oos:value><oos:OKEI><oos:code>223</oos:code><oos:name>Киловольт</oos:name></oos:OKEI><oos:valueFormat>A</oos:valueFormat><oos:valueSet><oos:concreteValue>3.00</oos:concreteValue></oos:valueSet></oos:value><oos:value><oos:OKEI><oos:code>223</oos:code><oos:name>Киловольт</oos:name></oos:OKEI><oos:valueFormat>A</oos:valueFormat><oos:valueSet><oos:concreteValue>1.00</oos:concreteValue></oos:valueSet></oos:value><oos:value><oos:OKEI><oos:code>223</oos:code><oos:name>Киловольт</oos:name></oos:OKEI><oos:valueFormat>A</oos:valueFormat><oos:valueSet><oos:concreteValue>0.66</oos:concreteValue></oos:valueSet></oos:value></oos:values></oos:characteristic><oos:characteristic><oos:code>0c738a1b-e</oos:code><oos:name>Материал токопроводящих жил</oos:name><oos:type>1</oos:type><oos:kind>2</oos:kind><oos:actual>true</oos:actual><oos:isRequired>true</oos:isRequired><oos:choiceType>2</oos:choiceType><oos:values><oos:value><oos:qualityDescription>Алюминиевые токопроводящие жилы (А)</oos:qualityDescription></oos:value><oos:value><oos:qualityDescription>Медные токопроводящие жилы	</oos:qualityDescription></oos:value></oos:values></oos:characteristic><oos:characteristic><oos:code>6b7464e3-b</oos:code><oos:name>Материал изоляции токопроводящих жил</oos:name><oos:type>1</oos:type><oos:kind>2</oos:kind><oos:actual>true</oos:actual><oos:isRequired>true</oos:isRequired><oos:choiceType>2</oos:choiceType><oos:values><oos:value><oos:qualityDescription>Изоляция из полимерных композиций, не содержащих галогенов (П)</oos:qualityDescription></oos:value><oos:value><oos:qualityDescription>Изоляция из сшитого полиэтилена (Пв)</oos:qualityDescription></oos:value><oos:value><oos:qualityDescription>Изоляция из поливинилхлоридного пластиката, в том числе пониженной пожарной опасности (В)</oos:qualityDescription></oos:value></oos:values></oos:characteristic><oos:characteristic><oos:code>a2302ccc-d</oos:code><oos:name>Наличие брони</oos:name><oos:type>1</oos:type><oos:kind>2</oos:kind><oos:actual>true</oos:actual><oos:isRequired>true</oos:isRequired><oos:choiceType>2</oos:choiceType><oos:values><oos:value><oos:qualityDescription>Бронированный</oos:qualityDescription></oos:value><oos:value><oos:qualityDescription>Небронированный (Г)</oos:qualityDescription></oos:value></oos:values></oos:characteristic><oos:characteristic><oos:code>65926777-9</oos:code><oos:name>Тип брони</oos:name><oos:type>1</oos:type><oos:kind>2</oos:kind><oos:actual>true</oos:actual><oos:isRequired>false</oos:isRequired><oos:choiceType>2</oos:choiceType><oos:values><oos:value><oos:qualityDescription>Броня из проволок из алюминия или алюминиевого сплава (Ка)</oos:qualityDescription></oos:value><oos:value><oos:qualityDescription>Броня из круглых стальных оцинкованных проволок (К)</oos:qualityDescription></oos:value><oos:value><oos:qualityDescription>Броня из лент из алюминия или алюминиевого сплава (Ба)</oos:qualityDescription></oos:value><oos:value><oos:qualityDescription>Броня из стальных оцинкованных лент (Б)</oos:qualityDescription></oos:value></oos:values></oos:characteristic><oos:characteristic><oos:code>c73c1d39-3</oos:code><oos:name>Материал наружной оболочки</oos:name><oos:type>1</oos:type><oos:kind>2</oos:kind><oos:actual>true</oos:actual><oos:isRequired>true</oos:isRequired><oos:choiceType>2</oos:choiceType><oos:values><oos:value><oos:qualityDescription>Из полимерных композиций, не содержащих галогенов</oos:qualityDescription></oos:value><oos:value><oos:qualityDescription>Из поливинилхлоридного пластиката, в том числе пониженной горючести или пониженной пожарной опасности</oos:qualityDescription></oos:value></oos:values></oos:characteristic><oos:characteristic><oos:code>6f9b0db8-6</oos:code><oos:name>Материал защитного шланга</oos:name><oos:type>1</oos:type><oos:kind>2</oos:kind><oos:actual>true</oos:actual><oos:isRequired>true</oos:isRequired><oos:choiceType>2</oos:choiceType><oos:values><oos:value><oos:qualityDescription>Из полиэтилена</oos:qualityDescription></oos:value><oos:value><oos:qualityDescription>Из поливинилхлоридного пластиката, в том числе пониженной горючести или пониженной пожарной опасности</oos:qualityDescription></oos:value></oos:values></oos:characteristic><oos:characteristic><oos:code>cd896c94-a</oos:code><oos:name>Наличие металлического экрана</oos:name><oos:type>1</oos:type><oos:kind>2</oos:kind><oos:actual>true</oos:actual><oos:isRequired>true</oos:isRequired><oos:choiceType>2</oos:choiceType><oos:values><oos:value><oos:qualityDescription>С экраном (Э)</oos:qualityDescription></oos:value><oos:value><oos:qualityDescription>Без экрана</oos:qualityDescription></oos:value></oos:values></oos:characteristic><oos:characteristic><oos:code>27a6149e-8</oos:code><oos:name>Класс пожарной опасности</oos:name><oos:type>1</oos:type><oos:kind>2</oos:kind><oos:actual>true</oos:actual><oos:isRequired>false</oos:isRequired><oos:choiceType>2</oos:choiceType><oos:values><oos:value><oos:qualityDescription>П2.1.1.2.1</oos:qualityDescription></oos:value><oos:value><oos:qualityDescription>П1б.1.1.2.1</oos:qualityDescription></oos:value><oos:value><oos:qualityDescription>П1а.1.1.2.1</oos:qualityDescription></oos:value><oos:value><oos:qualityDescription>П2.1.2.2.2</oos:qualityDescription></oos:value><oos:value><oos:qualityDescription>П1б.1.2.2.2</oos:qualityDescription></oos:value><oos:value><oos:qualityDescription>П1а.1.2.2.2</oos:qualityDescription></oos:value><oos:value><oos:qualityDescription>П2.8.1.2.1</oos:qualityDescription></oos:value><oos:value><oos:qualityDescription>П1б.8.1.2.1</oos:qualityDescription></oos:value><oos:value><oos:qualityDescription>П1а.8.1.2.1</oos:qualityDescription></oos:value><oos:value><oos:qualityDescription>П2.8.2.2.2</oos:qualityDescription></oos:value><oos:value><oos:qualityDescription>П1б.8.2.2.2</oos:qualityDescription></oos:value><oos:value><oos:qualityDescription>П1а.8.2.2.2</oos:qualityDescription></oos:value><oos:value><oos:qualityDescription>П2.8.2.5.4</oos:qualityDescription></oos:value><oos:value><oos:qualityDescription>П1б.8.2.5.4</oos:qualityDescription></oos:value><oos:value><oos:qualityDescription>П1а.8.2.5.4</oos:qualityDescription></oos:value><oos:value><oos:qualityDescription>О1.8.2.5.4</oos:qualityDescription></oos:value><oos:value><oos:qualityDescription>Отсутствует</oos:qualityDescription></oos:value></oos:values></oos:characteristic><oos:characteristic><oos:code>cb97d7ce-1</oos:code><oos:name>Форма поперечного сечения кабеля</oos:name><oos:type>1</oos:type><oos:kind>2</oos:kind><oos:actual>true</oos:actual><oos:isRequired>true</oos:isRequired><oos:choiceType>2</oos:choiceType><oos:values><oos:value><oos:qualityDescription>Плоская (П)</oos:qualityDescription></oos:value><oos:value><oos:qualityDescription>Круглая</oos:qualityDescription></oos:value></oos:values></oos:characteristic><oos:characteristic><oos:code>d4756800-0</oos:code><oos:name>Конструктивное исполнение токопроводящих жил(ы)</oos:name><oos:type>1</oos:type><oos:kind>2</oos:kind><oos:actual>true</oos:actual><oos:isRequired>true</oos:isRequired><oos:choiceType>2</oos:choiceType><oos:values><oos:value><oos:qualityDescription>мс-многопроволочная секторная (сегментная)</oos:qualityDescription></oos:value><oos:value><oos:qualityDescription>мк-многопроволочная круглая</oos:qualityDescription></oos:value><oos:value><oos:qualityDescription>ос-однопроволочная секторная (сегментная)</oos:qualityDescription></oos:value><oos:value><oos:qualityDescription>ок-однопроволочная круглая</oos:qualityDescription></oos:value></oos:values></oos:characteristic><oos:characteristic><oos:code>40d5c6af-0</oos:code><oos:name>Номинальное сечение токопроводящих жил</oos:name><oos:type>2</oos:type><oos:kind>2</oos:kind><oos:actual>true</oos:actual><oos:isRequired>true</oos:isRequired><oos:choiceType>2</oos:choiceType><oos:values><oos:value><oos:OKEI><oos:code>050</oos:code><oos:name>Квадратный миллиметр</oos:name></oos:OKEI><oos:valueFormat>A</oos:valueFormat><oos:valueSet><oos:concreteValue>1000.00</oos:concreteValue></oos:valueSet></oos:value><oos:value><oos:OKEI><oos:code>050</oos:code><oos:name>Квадратный миллиметр</oos:name></oos:OKEI><oos:valueFormat>A</oos:valueFormat><oos:valueSet><oos:concreteValue>800.00</oos:concreteValue></oos:valueSet></oos:value><oos:value><oos:OKEI><oos:code>050</oos:code><oos:name>Квадратный миллиметр</oos:name></oos:OKEI><oos:valueFormat>A</oos:valueFormat><oos:valueSet><oos:concreteValue>630.00</oos:concreteValue></oos:valueSet></oos:value><oos:value><oos:OKEI><oos:code>050</oos:code><oos:name>Квадратный миллиметр</oos:name></oos:OKEI><oos:valueFormat>A</oos:valueFormat><oos:valueSet><oos:concreteValue>625.00</oos:concreteValue></oos:valueSet></oos:value><oos:value><oos:OKEI><oos:code>050</oos:code><oos:name>Квадратный миллиметр</oos:name></oos:OKEI><oos:valueFormat>A</oos:valueFormat><oos:valueSet><oos:concreteValue>500.00</oos:concreteValue></oos:valueSet></oos:value><oos:value><oos:OKEI><oos:code>050</oos:code><oos:name>Квадратный миллиметр</oos:name></oos:OKEI><oos:valueFormat>A</oos:valueFormat><oos:valueSet><oos:concreteValue>400.00</oos:concreteValue></oos:valueSet></oos:value><oos:value><oos:OKEI><oos:code>050</oos:code><oos:name>Квадратный миллиметр</oos:name></oos:OKEI><oos:valueFormat>A</oos:valueFormat><oos:valueSet><oos:concreteValue>300.00</oos:concreteValue></oos:valueSet></oos:value><oos:value><oos:OKEI><oos:code>050</oos:code><oos:name>Квадратный миллиметр</oos:name></oos:OKEI><oos:valueFormat>A</oos:valueFormat><oos:valueSet><oos:concreteValue>240.00</oos:concreteValue></oos:valueSet></oos:value><oos:value><oos:OKEI><oos:code>050</oos:code><oos:name>Квадратный миллиметр</oos:name></oos:OKEI><oos:valueFormat>A</oos:valueFormat><oos:valueSet><oos:concreteValue>150.00</oos:concreteValue></oos:valueSet></oos:value><oos:value><oos:OKEI><oos:code>050</oos:code><oos:name>Квадратный миллиметр</oos:name></oos:OKEI><oos:valueFormat>A</oos:valueFormat><oos:valueSet><oos:concreteValue>185.00</oos:concreteValue></oos:valueSet></oos:value><oos:value><oos:OKEI><oos:code>050</oos:code><oos:name>Квадратный миллиметр</oos:name></oos:OKEI><oos:valueFormat>A</oos:valueFormat><oos:valueSet><oos:concreteValue>120.00</oos:concreteValue></oos:valueSet></oos:value><oos:value><oos:OKEI><oos:code>050</oos:code><oos:name>Квадратный миллиметр</oos:name></oos:OKEI><oos:valueFormat>A</oos:valueFormat><oos:valueSet><oos:concreteValue>95.00</oos:concreteValue></oos:valueSet></oos:value><oos:value><oos:OKEI><oos:code>050</oos:code><oos:name>Квадратный миллиметр</oos:name></oos:OKEI><oos:valueFormat>A</oos:valueFormat><oos:valueSet><oos:concreteValue>70.00</oos:concreteValue></oos:valueSet></oos:value><oos:value><oos:OKEI><oos:code>050</oos:code><oos:name>Квадратный миллиметр</oos:name></oos:OKEI><oos:valueFormat>A</oos:valueFormat><oos:valueSet><oos:concreteValue>50.00</oos:concreteValue></oos:valueSet></oos:value><oos:value><oos:OKEI><oos:code>050</oos:code><oos:name>Квадратный миллиметр</oos:name></oos:OKEI><oos:valueFormat>A</oos:valueFormat><oos:valueSet><oos:concreteValue>35.00</oos:concreteValue></oos:valueSet></oos:value><oos:value><oos:OKEI><oos:code>050</oos:code><oos:name>Квадратный миллиметр</oos:name></oos:OKEI><oos:valueFormat>A</oos:valueFormat><oos:valueSet><oos:concreteValue>25.00</oos:concreteValue></oos:valueSet></oos:value><oos:value><oos:OKEI><oos:code>050</oos:code><oos:name>Квадратный миллиметр</oos:name></oos:OKEI><oos:valueFormat>A</oos:valueFormat><oos:valueSet><oos:concreteValue>16.00</oos:concreteValue></oos:valueSet></oos:value><oos:value><oos:OKEI><oos:code>050</oos:code><oos:name>Квадратный миллиметр</oos:name></oos:OKEI><oos:valueFormat>A</oos:valueFormat><oos:valueSet><oos:concreteValue>10.00</oos:concreteValue></oos:valueSet></oos:value><oos:value><oos:OKEI><oos:code>050</oos:code><oos:name>Квадратный миллиметр</oos:name></oos:OKEI><oos:valueFormat>A</oos:valueFormat><oos:valueSet><oos:concreteValue>6.00</oos:concreteValue></oos:valueSet></oos:value><oos:value><oos:OKEI><oos:code>050</oos:code><oos:name>Квадратный миллиметр</oos:name></oos:OKEI><oos:valueFormat>A</oos:valueFormat><oos:valueSet><oos:concreteValue>4.00</oos:concreteValue></oos:valueSet></oos:value><oos:value><oos:OKEI><oos:code>050</oos:code><oos:name>Квадратный миллиметр</oos:name></oos:OKEI><oos:valueFormat>A</oos:valueFormat><oos:valueSet><oos:concreteValue>2.50</oos:concreteValue></oos:valueSet></oos:value><oos:value><oos:OKEI><oos:code>050</oos:code><oos:name>Квадратный миллиметр</oos:name></oos:OKEI><oos:valueFormat>A</oos:valueFormat><oos:valueSet><oos:concreteValue>1.50</oos:concreteValue></oos:valueSet></oos:value></oos:values></oos:characteristic><oos:characteristic><oos:code>702ae6aa-2</oos:code><oos:name>Число токопроводящих жил</oos:name><oos:type>2</oos:type><oos:kind>2</oos:kind><oos:actual>true</oos:actual><oos:isRequired>true</oos:isRequired><oos:choiceType>2</oos:choiceType><oos:values><oos:value><oos:valueFormat>A</oos:valueFormat><oos:valueSet><oos:concreteValue>5.00</oos:concreteValue></oos:valueSet></oos:value><oos:value><oos:valueFormat>A</oos:valueFormat><oos:valueSet><oos:concreteValue>4.00</oos:concreteValue></oos:valueSet></oos:value><oos:value><oos:valueFormat>A</oos:valueFormat><oos:valueSet><oos:concreteValue>3.00</oos:concreteValue></oos:valueSet></oos:value><oos:value><oos:valueFormat>A</oos:valueFormat><oos:valueSet><oos:concreteValue>2.00</oos:concreteValue></oos:valueSet></oos:value><oos:value><oos:valueFormat>A</oos:valueFormat><oos:valueSet><oos:concreteValue>1.00</oos:concreteValue></oos:valueSet></oos:value></oos:values></oos:characteristic></oos:characteristics><oos:rubricators><oos:rubricatorInfo><oos:name>Радиоэлектронная продукция и оптическое оборудование</oos:name></oos:rubricatorInfo></oos:rubricators><oos:isTemplate>true</oos:isTemplate><oos:noNewFeatures>false</oos:noNewFeatures></oos:data></oos:position><oos:position><oos:data><oos:code>27.32.13.111-00000004</oos:code><oos:version>2</oos:version><oos:inclusionDate>2020-10-15T11:26:10+03:00</oos:inclusionDate><oos:publishDate>2020-10-15T11:52:01+03:00</oos:publishDate><oos:name>Кабель силовой с пластмассовой изоляцией низкого напряжения</oos:name><oos:OKPD2><oos:code>27.32.13.111</oos:code><oos:name>Кабели силовые с медной жилой на напряжение до 1 кВ</oos:name></oos:OKPD2><oos:actual>false</oos:actual><oos:applicationDateStart>2021-01-11T00:00:00+03:00</oos:applicationDateStart><oos:OKEIs><oos:OKEI><oos:code>008</oos:code><oos:name>Километр;^тысяча метров</oos:name></oos:OKEI></oos:OKEIs><oos:NSI><oos:standarts><oos:standart><oos:docName>ГОСТ 31996-2012 &quot;Межгосударственный стандарт. Кабели силовые с пластмассовой изоляцией на номинальное напряжение 0,66; 1 и 3 кВ. Общие технические условия&quot;</oos:docName></oos:standart></oos:standarts><oos:classifiers><oos:classifier><oos:name>Общероссийский классификатор продукции по видам экономической деятельности (ОКПД2)</oos:name><oos:values><oos:value><oos:code>27.32.13.111</oos:code><oos:name>Кабели силовые с медной жилой на напряжение до 1 кВ</oos:name></oos:value></oos:values></oos:classifier><oos:classifier><oos:name>Общероссийский классификатор продукции по видам экономической деятельности (ОКПД2)</oos:name><oos:values><oos:value><oos:code>27.32.13.112</oos:code><oos:name>Кабели силовые с алюминиевой жилой на напряжение до 1 кВ</oos:name></oos:value></oos:values></oos:classifier><oos:classifier><oos:name>Общероссийский классификатор продукции по видам экономической деятельности (ОКПД2)</oos:name><oos:values><oos:value><oos:code>27.32.14.111</oos:code><oos:name>Кабели силовые с медной жилой на напряжение более 1 кВ</oos:name></oos:value></oos:values></oos:classifier><oos:classifier><oos:name>Общероссийский классификатор продукции по видам экономической деятельности (ОКПД2)</oos:name><oos:values><oos:value><oos:code>27.32.14.112</oos:code><oos:name>Кабели силовые с алюминиевой жилой на напряжение более 1 кВ</oos:name></oos:value></oos:values></oos:classifier></oos:classifiers></oos:NSI><oos:characteristics><oos:characteristic><oos:code>6e7a0f81-c</oos:code><oos:name>Номинальное переменное напряжение</oos:name><oos:type>2</oos:type><oos:kind>1</oos:kind><oos:actual>true</oos:actual><oos:isRequired>true</oos:isRequired><oos:choiceType>1</oos:choiceType><oos:values><oos:value><oos:OKEI><oos:code>223</oos:code><oos:name>Киловольт</oos:name></oos:OKEI><oos:valueFormat>A</oos:valueFormat><oos:valueSet><oos:concreteValue>3.00</oos:concreteValue></oos:valueSet></oos:value><oos:value><oos:OKEI><oos:code>223</oos:code><oos:name>Киловольт</oos:name></oos:OKEI><oos:valueFormat>A</oos:valueFormat><oos:valueSet><oos:concreteValue>1.00</oos:concreteValue></oos:valueSet></oos:value><oos:value><oos:OKEI><oos:code>223</oos:code><oos:name>Киловольт</oos:name></oos:OKEI><oos:valueFormat>A</oos:valueFormat><oos:valueSet><oos:concreteValue>0.66</oos:concreteValue></oos:valueSet></oos:value></oos:values></oos:characteristic><oos:characteristic><oos:code>0c738a1b-e</oos:code><oos:name>Материал токопроводящих жил</oos:name><oos:type>1</oos:type><oos:kind>2</oos:kind><oos:actual>true</oos:actual><oos:isRequired>true</oos:isRequired><oos:choiceType>2</oos:choiceType><oos:values><oos:value><oos:qualityDescription>Алюминиевые токопроводящие жилы (А)</oos:qualityDescription></oos:value><oos:value><oos:qualityDescription>Медные токопроводящие жилы	</oos:qualityDescription></oos:value></oos:values></oos:characteristic><oos:characteristic><oos:code>6b7464e3-b</oos:code><oos:name>Материал изоляции токопроводящих жил</oos:name><oos:type>1</oos:type><oos:kind>2</oos:kind><oos:actual>true</oos:actual><oos:isRequired>true</oos:isRequired><oos:choiceType>2</oos:choiceType><oos:values><oos:value><oos:qualityDescription>Изоляция из полимерных композиций, не содержащих галогенов (П)</oos:qualityDescription></oos:value><oos:value><oos:qualityDescription>Изоляция из сшитого полиэтилена (Пв)</oos:qualityDescription></oos:value><oos:value><oos:qualityDescription>Изоляция из поливинилхлоридного пластиката, в том числе пониженной пожарной опасности (В)</oos:qualityDescription></oos:value></oos:values></oos:characteristic><oos:characteristic><oos:code>a2302ccc-d</oos:code><oos:name>Наличие брони</oos:name><oos:type>1</oos:type><oos:kind>2</oos:kind><oos:actual>true</oos:actual><oos:isRequired>true</oos:isRequired><oos:choiceType>2</oos:choiceType><oos:values><oos:value><oos:qualityDescription>Бронированный</oos:qualityDescription></oos:value><oos:value><oos:qualityDescription>Небронированный (Г)</oos:qualityDescription></oos:value></oos:values></oos:characteristic><oos:characteristic><oos:code>65926777-9</oos:code><oos:name>Тип брони</oos:name><oos:type>1</oos:type><oos:kind>2</oos:kind><oos:actual>true</oos:actual><oos:isRequired>false</oos:isRequired><oos:choiceType>2</oos:choiceType><oos:values><oos:value><oos:qualityDescription>Броня из проволок из алюминия или алюминиевого сплава (Ка)</oos:qualityDescription></oos:value><oos:value><oos:qualityDescription>Броня из круглых стальных оцинкованных проволок (К)</oos:qualityDescription></oos:value><oos:value><oos:qualityDescription>Броня из лент из алюминия или алюминиевого сплава (Ба)</oos:qualityDescription></oos:value><oos:value><oos:qualityDescription>Броня из стальных оцинкованных лент (Б)</oos:qualityDescription></oos:value></oos:values></oos:characteristic><oos:characteristic><oos:code>c73c1d39-3</oos:code><oos:name>Материал наружной оболочки</oos:name><oos:type>1</oos:type><oos:kind>2</oos:kind><oos:actual>true</oos:actual><oos:isRequired>true</oos:isRequired><oos:choiceType>2</oos:choiceType><oos:values><oos:value><oos:qualityDescription>Из полимерных композиций, не содержащих галогенов</oos:qualityDescription></oos:value><oos:value><oos:qualityDescription>Из поливинилхлоридного пластиката, в том числе пониженной горючести или пониженной пожарной опасности</oos:qualityDescription></oos:value></oos:values></oos:characteristic><oos:characteristic><oos:code>6f9b0db8-6</oos:code><oos:name>Материал защитного шланга</oos:name><oos:type>1</oos:type><oos:kind>2</oos:kind><oos:actual>true</oos:actual><oos:isRequired>true</oos:isRequired><oos:choiceType>2</oos:choiceType><oos:values><oos:value><oos:qualityDescription>Из полиэтилена</oos:qualityDescription></oos:value><oos:value><oos:qualityDescription>Из поливинилхлоридного пластиката, в том числе пониженной горючести или пониженной пожарной опасности</oos:qualityDescription></oos:value></oos:values></oos:characteristic><oos:characteristic><oos:code>cd896c94-a</oos:code><oos:name>Наличие металлического экрана</oos:name><oos:type>1</oos:type><oos:kind>2</oos:kind><oos:actual>true</oos:actual><oos:isRequired>true</oos:isRequired><oos:choiceType>2</oos:choiceType><oos:values><oos:value><oos:qualityDescription>С экраном (Э)</oos:qualityDescription></oos:value><oos:value><oos:qualityDescription>Без экрана</oos:qualityDescription></oos:value></oos:values></oos:characteristic><oos:characteristic><oos:code>27a6149e-8</oos:code><oos:name>Класс пожарной опасности</oos:name><oos:type>1</oos:type><oos:kind>2</oos:kind><oos:actual>true</oos:actual><oos:isRequired>false</oos:isRequired><oos:choiceType>2</oos:choiceType><oos:values><oos:value><oos:qualityDescription>П2.1.1.2.1</oos:qualityDescription></oos:value><oos:value><oos:qualityDescription>П1б.1.1.2.1</oos:qualityDescription></oos:value><oos:value><oos:qualityDescription>П1а.1.1.2.1</oos:qualityDescription></oos:value><oos:value><oos:qualityDescription>П2.1.2.2.2</oos:qualityDescription></oos:value><oos:value><oos:qualityDescription>П1б.1.2.2.2</oos:qualityDescription></oos:value><oos:value><oos:qualityDescription>П1а.1.2.2.2</oos:qualityDescription></oos:value><oos:value><oos:qualityDescription>П2.8.1.2.1</oos:qualityDescription></oos:value><oos:value><oos:qualityDescription>П1б.8.1.2.1</oos:qualityDescription></oos:value><oos:value><oos:qualityDescription>П1а.8.1.2.1</oos:qualityDescription></oos:value><oos:value><oos:qualityDescription>П2.8.2.2.2</oos:qualityDescription></oos:value><oos:value><oos:qualityDescription>П1б.8.2.2.2</oos:qualityDescription></oos:value><oos:value><oos:qualityDescription>П1а.8.2.2.2</oos:qualityDescription></oos:value><oos:value><oos:qualityDescription>П2.8.2.5.4</oos:qualityDescription></oos:value><oos:value><oos:qualityDescription>П1б.8.2.5.4</oos:qualityDescription></oos:value><oos:value><oos:qualityDescription>П1а.8.2.5.4</oos:qualityDescription></oos:value><oos:value><oos:qualityDescription>О1.8.2.5.4</oos:qualityDescription></oos:value><oos:value><oos:qualityDescription>Отсутствует</oos:qualityDescription></oos:value></oos:values></oos:characteristic><oos:characteristic><oos:code>cb97d7ce-1</oos:code><oos:name>Форма поперечного сечения кабеля</oos:name><oos:type>1</oos:type><oos:kind>2</oos:kind><oos:actual>true</oos:actual><oos:isRequired>true</oos:isRequired><oos:choiceType>2</oos:choiceType><oos:values><oos:value><oos:qualityDescription>Плоская (П)</oos:qualityDescription></oos:value><oos:value><oos:qualityDescription>Круглая</oos:qualityDescription></oos:value></oos:values></oos:characteristic><oos:characteristic><oos:code>d4756800-0</oos:code><oos:name>Конструктивное исполнение токопроводящих жил(ы)</oos:name><oos:type>1</oos:type><oos:kind>2</oos:kind><oos:actual>true</oos:actual><oos:isRequired>true</oos:isRequired><oos:choiceType>2</oos:choiceType><oos:values><oos:value><oos:qualityDescription>мс-многопроволочная секторная (сегментная)</oos:qualityDescription></oos:value><oos:value><oos:qualityDescription>мк-многопроволочная круглая</oos:qualityDescription></oos:value><oos:value><oos:qualityDescription>ос-однопроволочная секторная (сегментная)</oos:qualityDescription></oos:value><oos:value><oos:qualityDescription>ок-однопроволочная круглая</oos:qualityDescription></oos:value></oos:values></oos:characteristic><oos:characteristic><oos:code>40d5c6af-0</oos:code><oos:name>Номинальное сечение токопроводящих жил</oos:name><oos:type>2</oos:type><oos:kind>2</oos:kind><oos:actual>true</oos:actual><oos:isRequired>true</oos:isRequired><oos:choiceType>2</oos:choiceType><oos:values><oos:value><oos:OKEI><oos:code>050</oos:code><oos:name>Квадратный миллиметр</oos:name></oos:OKEI><oos:valueFormat>A</oos:valueFormat><oos:valueSet><oos:concreteValue>1000.00</oos:concreteValue></oos:valueSet></oos:value><oos:value><oos:OKEI><oos:code>050</oos:code><oos:name>Квадратный миллиметр</oos:name></oos:OKEI><oos:valueFormat>A</oos:valueFormat><oos:valueSet><oos:concreteValue>800.00</oos:concreteValue></oos:valueSet></oos:value><oos:value><oos:OKEI><oos:code>050</oos:code><oos:name>Квадратный миллиметр</oos:name></oos:OKEI><oos:valueFormat>A</oos:valueFormat><oos:valueSet><oos:concreteValue>630.00</oos:concreteValue></oos:valueSet></oos:value><oos:value><oos:OKEI><oos:code>050</oos:code><oos:name>Квадратный миллиметр</oos:name></oos:OKEI><oos:valueFormat>A</oos:valueFormat><oos:valueSet><oos:concreteValue>625.00</oos:concreteValue></oos:valueSet></oos:value><oos:value><oos:OKEI><oos:code>050</oos:code><oos:name>Квадратный миллиметр</oos:name></oos:OKEI><oos:valueFormat>A</oos:valueFormat><oos:valueSet><oos:concreteValue>500.00</oos:concreteValue></oos:valueSet></oos:value><oos:value><oos:OKEI><oos:code>050</oos:code><oos:name>Квадратный миллиметр</oos:name></oos:OKEI><oos:valueFormat>A</oos:valueFormat><oos:valueSet><oos:concreteValue>400.00</oos:concreteValue></oos:valueSet></oos:value><oos:value><oos:OKEI><oos:code>050</oos:code><oos:name>Квадратный миллиметр</oos:name></oos:OKEI><oos:valueFormat>A</oos:valueFormat><oos:valueSet><oos:concreteValue>300.00</oos:concreteValue></oos:valueSet></oos:value><oos:value><oos:OKEI><oos:code>050</oos:code><oos:name>Квадратный миллиметр</oos:name></oos:OKEI><oos:valueFormat>A</oos:valueFormat><oos:valueSet><oos:concreteValue>240.00</oos:concreteValue></oos:valueSet></oos:value><oos:value><oos:OKEI><oos:code>050</oos:code><oos:name>Квадратный миллиметр</oos:name></oos:OKEI><oos:valueFormat>A</oos:valueFormat><oos:valueSet><oos:concreteValue>150.00</oos:concreteValue></oos:valueSet></oos:value><oos:value><oos:OKEI><oos:code>050</oos:code><oos:name>Квадратный миллиметр</oos:name></oos:OKEI><oos:valueFormat>A</oos:valueFormat><oos:valueSet><oos:concreteValue>185.00</oos:concreteValue></oos:valueSet></oos:value><oos:value><oos:OKEI><oos:code>050</oos:code><oos:name>Квадратный миллиметр</oos:name></oos:OKEI><oos:valueFormat>A</oos:valueFormat><oos:valueSet><oos:concreteValue>120.00</oos:concreteValue></oos:valueSet></oos:value><oos:value><oos:OKEI><oos:code>050</oos:code><oos:name>Квадратный миллиметр</oos:name></oos:OKEI><oos:valueFormat>A</oos:valueFormat><oos:valueSet><oos:concreteValue>95.00</oos:concreteValue></oos:valueSet></oos:value><oos:value><oos:OKEI><oos:code>050</oos:code><oos:name>Квадратный миллиметр</oos:name></oos:OKEI><oos:valueFormat>A</oos:valueFormat><oos:valueSet><oos:concreteValue>70.00</oos:concreteValue></oos:valueSet></oos:value><oos:value><oos:OKEI><oos:code>050</oos:code><oos:name>Квадратный миллиметр</oos:name></oos:OKEI><oos:valueFormat>A</oos:valueFormat><oos:valueSet><oos:concreteValue>50.00</oos:concreteValue></oos:valueSet></oos:value><oos:value><oos:OKEI><oos:code>050</oos:code><oos:name>Квадратный миллиметр</oos:name></oos:OKEI><oos:valueFormat>A</oos:valueFormat><oos:valueSet><oos:concreteValue>35.00</oos:concreteValue></oos:valueSet></oos:value><oos:value><oos:OKEI><oos:code>050</oos:code><oos:name>Квадратный миллиметр</oos:name></oos:OKEI><oos:valueFormat>A</oos:valueFormat><oos:valueSet><oos:concreteValue>25.00</oos:concreteValue></oos:valueSet></oos:value><oos:value><oos:OKEI><oos:code>050</oos:code><oos:name>Квадратный миллиметр</oos:name></oos:OKEI><oos:valueFormat>A</oos:valueFormat><oos:valueSet><oos:concreteValue>16.00</oos:concreteValue></oos:valueSet></oos:value><oos:value><oos:OKEI><oos:code>050</oos:code><oos:name>Квадратный миллиметр</oos:name></oos:OKEI><oos:valueFormat>A</oos:valueFormat><oos:valueSet><oos:concreteValue>10.00</oos:concreteValue></oos:valueSet></oos:value><oos:value><oos:OKEI><oos:code>050</oos:code><oos:name>Квадратный миллиметр</oos:name></oos:OKEI><oos:valueFormat>A</oos:valueFormat><oos:valueSet><oos:concreteValue>6.00</oos:concreteValue></oos:valueSet></oos:value><oos:value><oos:OKEI><oos:code>050</oos:code><oos:name>Квадратный миллиметр</oos:name></oos:OKEI><oos:valueFormat>A</oos:valueFormat><oos:valueSet><oos:concreteValue>4.00</oos:concreteValue></oos:valueSet></oos:value><oos:value><oos:OKEI><oos:code>050</oos:code><oos:name>Квадратный миллиметр</oos:name></oos:OKEI><oos:valueFormat>A</oos:valueFormat><oos:valueSet><oos:concreteValue>2.50</oos:concreteValue></oos:valueSet></oos:value><oos:value><oos:OKEI><oos:code>050</oos:code><oos:name>Квадратный миллиметр</oos:name></oos:OKEI><oos:valueFormat>A</oos:valueFormat><oos:valueSet><oos:concreteValue>1.50</oos:concreteValue></oos:valueSet></oos:value></oos:values></oos:characteristic><oos:characteristic><oos:code>702ae6aa-2</oos:code><oos:name>Число токопроводящих жил</oos:name><oos:type>2</oos:type><oos:kind>2</oos:kind><oos:actual>true</oos:actual><oos:isRequired>true</oos:isRequired><oos:choiceType>2</oos:choiceType><oos:values><oos:value><oos:valueFormat>A</oos:valueFormat><oos:valueSet><oos:concreteValue>5.00</oos:concreteValue></oos:valueSet></oos:value><oos:value><oos:valueFormat>A</oos:valueFormat><oos:valueSet><oos:concreteValue>4.00</oos:concreteValue></oos:valueSet></oos:value><oos:value><oos:valueFormat>A</oos:valueFormat><oos:valueSet><oos:concreteValue>3.00</oos:concreteValue></oos:valueSet></oos:value><oos:value><oos:valueFormat>A</oos:valueFormat><oos:valueSet><oos:concreteValue>2.00</oos:concreteValue></oos:valueSet></oos:value><oos:value><oos:valueFormat>A</oos:valueFormat><oos:valueSet><oos:concreteValue>1.00</oos:concreteValue></oos:valueSet></oos:value></oos:values></oos:characteristic></oos:characteristics><oos:rubricators><oos:rubricatorInfo><oos:name>Радиоэлектронная продукция и оптическое оборудование</oos:name></oos:rubricatorInfo></oos:rubricators><oos:isTemplate>true</oos:isTemplate><oos:noNewFeatures>false</oos:noNewFeatures></oos:data></oos:position><oos:position><oos:data><oos:code>27.32.13.111-00000004</oos:code><oos:version>3</oos:version><oos:inclusionDate>2020-10-15T11:26:10+03:00</oos:inclusionDate><oos:publishDate>2021-04-06T09:58:53+03:00</oos:publishDate><oos:name>Кабель силовой с пластмассовой изоляцией низкого напряжения</oos:name><oos:OKPD2><oos:code>27.32.13.111</oos:code><oos:name>Кабели силовые с медной жилой на напряжение до 1 кВ</oos:name></oos:OKPD2><oos:actual>true</oos:actual><oos:applicationDateStart>2021-05-06T00:00:00+03:00</oos:applicationDateStart><oos:OKEIs><oos:OKEI><oos:code>008</oos:code><oos:name>Километр;^тысяча метров</oos:name></oos:OKEI></oos:OKEIs><oos:NSI><oos:standarts><oos:standart><oos:docName>ГОСТ 31996-2012 &quot;Межгосударственный стандарт. Кабели силовые с пластмассовой изоляцией на номинальное напряжение 0,66; 1 и 3 кВ. Общие технические условия&quot;</oos:docName></oos:standart></oos:standarts><oos:classifiers><oos:classifier><oos:name>Общероссийский классификатор продукции по видам экономической деятельности (ОКПД2)</oos:name><oos:values><oos:value><oos:code>27.32.13.112</oos:code><oos:name>Кабели силовые с алюминиевой жилой на напряжение до 1 кВ</oos:name></oos:value></oos:values></oos:classifier><oos:classifier><oos:name>Общероссийский классификатор продукции по видам экономической деятельности (ОКПД2)</oos:name><oos:values><oos:value><oos:code>27.32.14.110</oos:code><oos:name>Кабели силовые для стационарной прокладки на напряжение более 1 кВ</oos:name></oos:value></oos:values></oos:classifier><oos:classifier><oos:name>Общероссийский классификатор продукции по видам экономической деятельности (ОКПД2)</oos:name><oos:values><oos:value><oos:code>27.32.14.111</oos:code><oos:name>Кабели силовые с медной жилой на напряжение более 1 кВ</oos:name></oos:value></oos:values></oos:classifier><oos:classifier><oos:name>Общероссийский классификатор продукции по видам экономической деятельности (ОКПД2)</oos:name><oos:values><oos:value><oos:code>27.32.13.110</oos:code><oos:name>Кабели силовые для стационарной прокладки на напряжение до 1 кВ</oos:name></oos:value></oos:values></oos:classifier><oos:classifier><oos:name>Общероссийский классификатор продукции по видам экономической деятельности (ОКПД2)</oos:name><oos:values><oos:value><oos:code>27.32.13.111</oos:code><oos:name>Кабели силовые с медной жилой на напряжение до 1 кВ</oos:name></oos:value></oos:values></oos:classifier><oos:classifier><oos:name>Общероссийский классификатор продукции по видам экономической деятельности (ОКПД2)</oos:name><oos:values><oos:value><oos:code>27.32.14.112</oos:code><oos:name>Кабели силовые с алюминиевой жилой на напряжение более 1 кВ</oos:name></oos:value></oos:values></oos:classifier></oos:classifiers></oos:NSI><oos:characteristics><oos:characteristic><oos:code>6e7a0f81-c</oos:code><oos:name>Номинальное переменное напряжение</oos:name><oos:type>2</oos:type><oos:kind>1</oos:kind><oos:actual>true</oos:actual><oos:isRequired>true</oos:isRequired><oos:choiceType>1</oos:choiceType><oos:values><oos:value><oos:OKEI><oos:code>223</oos:code><oos:name>Киловольт</oos:name></oos:OKEI><oos:valueFormat>A</oos:valueFormat><oos:valueSet><oos:concreteValue>3.00</oos:concreteValue></oos:valueSet></oos:value><oos:value><oos:OKEI><oos:code>223</oos:code><oos:name>Киловольт</oos:name></oos:OKEI><oos:valueFormat>A</oos:valueFormat><oos:valueSet><oos:concreteValue>1.00</oos:concreteValue></oos:valueSet></oos:value><oos:value><oos:OKEI><oos:code>223</oos:code><oos:name>Киловольт</oos:name></oos:OKEI><oos:valueFormat>A</oos:valueFormat><oos:valueSet><oos:concreteValue>0.66</oos:concreteValue></oos:valueSet></oos:value></oos:values></oos:characteristic><oos:characteristic><oos:code>0c738a1b-e</oos:code><oos:name>Материал токопроводящих жил</oos:name><oos:type>1</oos:type><oos:kind>1</oos:kind><oos:actual>true</oos:actual><oos:isRequired>true</oos:isRequired><oos:choiceType>1</oos:choiceType><oos:values><oos:value><oos:qualityDescription>Алюминиевые токопроводящие жилы (А)</oos:qualityDescription></oos:value><oos:value><oos:qualityDescription>Медные токопроводящие жилы	</oos:qualityDescription></oos:value></oos:values></oos:characteristic><oos:characteristic><oos:code>6b7464e3-b</oos:code><oos:name>Материал изоляции токопроводящих жил</oos:name><oos:type>1</oos:type><oos:kind>2</oos:kind><oos:actual>true</oos:actual><oos:isRequired>true</oos:isRequired><oos:choiceType>2</oos:choiceType><oos:values><oos:value><oos:qualityDescription>Изоляция из полимерных композиций, не содержащих галогенов (П)</oos:qualityDescription></oos:value><oos:value><oos:qualityDescription>Изоляция из сшитого полиэтилена (Пв)</oos:qualityDescription></oos:value><oos:value><oos:qualityDescription>Изоляция из поливинилхлоридного пластиката, в том числе пониженной пожарной опасности (В)</oos:qualityDescription></oos:value></oos:values></oos:characteristic><oos:characteristic><oos:code>a2302ccc-d</oos:code><oos:name>Наличие брони</oos:name><oos:type>1</oos:type><oos:kind>2</oos:kind><oos:actual>true</oos:actual><oos:isRequired>true</oos:isRequired><oos:choiceType>2</oos:choiceType><oos:values><oos:value><oos:qualityDescription>Бронированный</oos:qualityDescription></oos:value><oos:value><oos:qualityDescription>Небронированный (Г)</oos:qualityDescription></oos:value></oos:values></oos:characteristic><oos:characteristic><oos:code>65926777-9</oos:code><oos:name>Тип брони</oos:name><oos:type>1</oos:type><oos:kind>2</oos:kind><oos:actual>true</oos:actual><oos:isRequired>false</oos:isRequired><oos:choiceType>2</oos:choiceType><oos:values><oos:value><oos:qualityDescription>Броня из проволок из алюминия или алюминиевого сплава (Ка)</oos:qualityDescription></oos:value><oos:value><oos:qualityDescription>Броня из круглых стальных оцинкованных проволок (К)</oos:qualityDescription></oos:value><oos:value><oos:qualityDescription>Броня из лент из алюминия или алюминиевого сплава (Ба)</oos:qualityDescription></oos:value><oos:value><oos:qualityDescription>Броня из стальных оцинкованных лент (Б)</oos:qualityDescription></oos:value></oos:values></oos:characteristic><oos:characteristic><oos:code>c73c1d39-3</oos:code><oos:name>Материал наружной оболочки (при отсутствии брони)</oos:name><oos:type>1</oos:type><oos:kind>2</oos:kind><oos:actual>true</oos:actual><oos:isRequired>true</oos:isRequired><oos:choiceType>2</oos:choiceType><oos:values><oos:value><oos:qualityDescription>Из полимерных композиций, не содержащих галогенов</oos:qualityDescription></oos:value><oos:value><oos:qualityDescription>Из поливинилхлоридного пластиката, в том числе пониженной горючести или пониженной пожарной опасности</oos:qualityDescription></oos:value></oos:values></oos:characteristic><oos:characteristic><oos:code>6f9b0db8-6</oos:code><oos:name>Материал защитного шланга (при наличии брони)</oos:name><oos:type>1</oos:type><oos:kind>2</oos:kind><oos:actual>true</oos:actual><oos:isRequired>true</oos:isRequired><oos:choiceType>2</oos:choiceType><oos:values><oos:value><oos:qualityDescription>Из полиэтилена</oos:qualityDescription></oos:value><oos:value><oos:qualityDescription>Из поливинилхлоридного пластиката, в том числе пониженной горючести или пониженной пожарной опасности</oos:qualityDescription></oos:value></oos:values></oos:characteristic><oos:characteristic><oos:code>cd896c94-a</oos:code><oos:name>Наличие металлического экрана</oos:name><oos:type>1</oos:type><oos:kind>2</oos:kind><oos:actual>true</oos:actual><oos:isRequired>true</oos:isRequired><oos:choiceType>2</oos:choiceType><oos:values><oos:value><oos:qualityDescription>С экраном (Э)</oos:qualityDescription></oos:value><oos:value><oos:qualityDescription>Без экрана</oos:qualityDescription></oos:value></oos:values></oos:characteristic><oos:characteristic><oos:code>27a6149e-8</oos:code><oos:name>Класс пожарной опасности</oos:name><oos:type>1</oos:type><oos:kind>2</oos:kind><oos:actual>true</oos:actual><oos:isRequired>false</oos:isRequired><oos:choiceType>2</oos:choiceType><oos:values><oos:value><oos:qualityDescription>П2.1.1.2.1</oos:qualityDescription></oos:value><oos:value><oos:qualityDescription>П1б.1.1.2.1</oos:qualityDescription></oos:value><oos:value><oos:qualityDescription>П1а.1.1.2.1</oos:qualityDescription></oos:value><oos:value><oos:qualityDescription>П2.1.2.2.2</oos:qualityDescription></oos:value><oos:value><oos:qualityDescription>П1б.1.2.2.2</oos:qualityDescription></oos:value><oos:value><oos:qualityDescription>П1а.1.2.2.2</oos:qualityDescription></oos:value><oos:value><oos:qualityDescription>П2.8.1.2.1</oos:qualityDescription></oos:value><oos:value><oos:qualityDescription>П1б.8.1.2.1</oos:qualityDescription></oos:value><oos:value><oos:qualityDescription>П1а.8.1.2.1</oos:qualityDescription></oos:value><oos:value><oos:qualityDescription>П2.8.2.2.2</oos:qualityDescription></oos:value><oos:value><oos:qualityDescription>П1б.8.2.2.2</oos:qualityDescription></oos:value><oos:value><oos:qualityDescription>П1а.8.2.2.2</oos:qualityDescription></oos:value><oos:value><oos:qualityDescription>П2.8.2.5.4</oos:qualityDescription></oos:value><oos:value><oos:qualityDescription>П1б.8.2.5.4</oos:qualityDescription></oos:value><oos:value><oos:qualityDescription>П1а.8.2.5.4</oos:qualityDescription></oos:value><oos:value><oos:qualityDescription>О1.8.2.5.4</oos:qualityDescription></oos:value><oos:value><oos:qualityDescription>Отсутствует</oos:qualityDescription></oos:value></oos:values></oos:characteristic><oos:characteristic><oos:code>cb97d7ce-1</oos:code><oos:name>Форма поперечного сечения кабеля</oos:name><oos:type>1</oos:type><oos:kind>2</oos:kind><oos:actual>true</oos:actual><oos:isRequired>true</oos:isRequired><oos:choiceType>2</oos:choiceType><oos:values><oos:value><oos:qualityDescription>Плоская (П)</oos:qualityDescription></oos:value><oos:value><oos:qualityDescription>Круглая</oos:qualityDescription></oos:value></oos:values></oos:characteristic><oos:characteristic><oos:code>d4756800-0</oos:code><oos:name>Конструктивное исполнение токопроводящих жил(ы)</oos:name><oos:type>1</oos:type><oos:kind>2</oos:kind><oos:actual>true</oos:actual><oos:isRequired>true</oos:isRequired><oos:choiceType>2</oos:choiceType><oos:values><oos:value><oos:qualityDescription>мс-многопроволочная секторная (сегментная)</oos:qualityDescription></oos:value><oos:value><oos:qualityDescription>мк-многопроволочная круглая</oos:qualityDescription></oos:value><oos:value><oos:qualityDescription>ос-однопроволочная секторная (сегментная)</oos:qualityDescription></oos:value><oos:value><oos:qualityDescription>ок-однопроволочная круглая</oos:qualityDescription></oos:value></oos:values></oos:characteristic><oos:characteristic><oos:code>40d5c6af-0</oos:code><oos:name>Номинальное сечение токопроводящих жил</oos:name><oos:type>2</oos:type><oos:kind>2</oos:kind><oos:actual>true</oos:actual><oos:isRequired>true</oos:isRequired><oos:choiceType>2</oos:choiceType><oos:values><oos:value><oos:OKEI><oos:code>050</oos:code><oos:name>Квадратный миллиметр</oos:name></oos:OKEI><oos:valueFormat>A</oos:valueFormat><oos:valueSet><oos:concreteValue>1000.00</oos:concreteValue></oos:valueSet></oos:value><oos:value><oos:OKEI><oos:code>050</oos:code><oos:name>Квадратный миллиметр</oos:name></oos:OKEI><oos:valueFormat>A</oos:valueFormat><oos:valueSet><oos:concreteValue>800.00</oos:concreteValue></oos:valueSet></oos:value><oos:value><oos:OKEI><oos:code>050</oos:code><oos:name>Квадратный миллиметр</oos:name></oos:OKEI><oos:valueFormat>A</oos:valueFormat><oos:valueSet><oos:concreteValue>630.00</oos:concreteValue></oos:valueSet></oos:value><oos:value><oos:OKEI><oos:code>050</oos:code><oos:name>Квадратный миллиметр</oos:name></oos:OKEI><oos:valueFormat>A</oos:valueFormat><oos:valueSet><oos:concreteValue>625.00</oos:concreteValue></oos:valueSet></oos:value><oos:value><oos:OKEI><oos:code>050</oos:code><oos:name>Квадратный миллиметр</oos:name></oos:OKEI><oos:valueFormat>A</oos:valueFormat><oos:valueSet><oos:concreteValue>500.00</oos:concreteValue></oos:valueSet></oos:value><oos:value><oos:OKEI><oos:code>050</oos:code><oos:name>Квадратный миллиметр</oos:name></oos:OKEI><oos:valueFormat>A</oos:valueFormat><oos:valueSet><oos:concreteValue>400.00</oos:concreteValue></oos:valueSet></oos:value><oos:value><oos:OKEI><oos:code>050</oos:code><oos:name>Квадратный миллиметр</oos:name></oos:OKEI><oos:valueFormat>A</oos:valueFormat><oos:valueSet><oos:concreteValue>300.00</oos:concreteValue></oos:valueSet></oos:value><oos:value><oos:OKEI><oos:code>050</oos:code><oos:name>Квадратный миллиметр</oos:name></oos:OKEI><oos:valueFormat>A</oos:valueFormat><oos:valueSet><oos:concreteValue>240.00</oos:concreteValue></oos:valueSet></oos:value><oos:value><oos:OKEI><oos:code>050</oos:code><oos:name>Квадратный миллиметр</oos:name></oos:OKEI><oos:valueFormat>A</oos:valueFormat><oos:valueSet><oos:concreteValue>150.00</oos:concreteValue></oos:valueSet></oos:value><oos:value><oos:OKEI><oos:code>050</oos:code><oos:name>Квадратный миллиметр</oos:name></oos:OKEI><oos:valueFormat>A</oos:valueFormat><oos:valueSet><oos:concreteValue>185.00</oos:concreteValue></oos:valueSet></oos:value><oos:value><oos:OKEI><oos:code>050</oos:code><oos:name>Квадратный миллиметр</oos:name></oos:OKEI><oos:valueFormat>A</oos:valueFormat><oos:valueSet><oos:concreteValue>120.00</oos:concreteValue></oos:valueSet></oos:value><oos:value><oos:OKEI><oos:code>050</oos:code><oos:name>Квадратный миллиметр</oos:name></oos:OKEI><oos:valueFormat>A</oos:valueFormat><oos:valueSet><oos:concreteValue>95.00</oos:concreteValue></oos:valueSet></oos:value><oos:value><oos:OKEI><oos:code>050</oos:code><oos:name>Квадратный миллиметр</oos:name></oos:OKEI><oos:valueFormat>A</oos:valueFormat><oos:valueSet><oos:concreteValue>70.00</oos:concreteValue></oos:valueSet></oos:value><oos:value><oos:OKEI><oos:code>050</oos:code><oos:name>Квадратный миллиметр</oos:name></oos:OKEI><oos:valueFormat>A</oos:valueFormat><oos:valueSet><oos:concreteValue>50.00</oos:concreteValue></oos:valueSet></oos:value><oos:value><oos:OKEI><oos:code>050</oos:code><oos:name>Квадратный миллиметр</oos:name></oos:OKEI><oos:valueFormat>A</oos:valueFormat><oos:valueSet><oos:concreteValue>35.00</oos:concreteValue></oos:valueSet></oos:value><oos:value><oos:OKEI><oos:code>050</oos:code><oos:name>Квадратный миллиметр</oos:name></oos:OKEI><oos:valueFormat>A</oos:valueFormat><oos:valueSet><oos:concreteValue>25.00</oos:concreteValue></oos:valueSet></oos:value><oos:value><oos:OKEI><oos:code>050</oos:code><oos:name>Квадратный миллиметр</oos:name></oos:OKEI><oos:valueFormat>A</oos:valueFormat><oos:valueSet><oos:concreteValue>16.00</oos:concreteValue></oos:valueSet></oos:value><oos:value><oos:OKEI><oos:code>050</oos:code><oos:name>Квадратный миллиметр</oos:name></oos:OKEI><oos:valueFormat>A</oos:valueFormat><oos:valueSet><oos:concreteValue>10.00</oos:concreteValue></oos:valueSet></oos:value><oos:value><oos:OKEI><oos:code>050</oos:code><oos:name>Квадратный миллиметр</oos:name></oos:OKEI><oos:valueFormat>A</oos:valueFormat><oos:valueSet><oos:concreteValue>6.00</oos:concreteValue></oos:valueSet></oos:value><oos:value><oos:OKEI><oos:code>050</oos:code><oos:name>Квадратный миллиметр</oos:name></oos:OKEI><oos:valueFormat>A</oos:valueFormat><oos:valueSet><oos:concreteValue>4.00</oos:concreteValue></oos:valueSet></oos:value><oos:value><oos:OKEI><oos:code>050</oos:code><oos:name>Квадратный миллиметр</oos:name></oos:OKEI><oos:valueFormat>A</oos:valueFormat><oos:valueSet><oos:concreteValue>2.50</oos:concreteValue></oos:valueSet></oos:value><oos:value><oos:OKEI><oos:code>050</oos:code><oos:name>Квадратный миллиметр</oos:name></oos:OKEI><oos:valueFormat>A</oos:valueFormat><oos:valueSet><oos:concreteValue>1.50</oos:concreteValue></oos:valueSet></oos:value></oos:values></oos:characteristic><oos:characteristic><oos:code>702ae6aa-2</oos:code><oos:name>Число токопроводящих жил</oos:name><oos:type>2</oos:type><oos:kind>2</oos:kind><oos:actual>true</oos:actual><oos:isRequired>true</oos:isRequired><oos:choiceType>2</oos:choiceType><oos:values><oos:value><oos:valueFormat>A</oos:valueFormat><oos:valueSet><oos:concreteValue>5.00</oos:concreteValue></oos:valueSet></oos:value><oos:value><oos:valueFormat>A</oos:valueFormat><oos:valueSet><oos:concreteValue>4.00</oos:concreteValue></oos:valueSet></oos:value><oos:value><oos:valueFormat>A</oos:valueFormat><oos:valueSet><oos:concreteValue>3.00</oos:concreteValue></oos:valueSet></oos:value><oos:value><oos:valueFormat>A</oos:valueFormat><oos:valueSet><oos:concreteValue>2.00</oos:concreteValue></oos:valueSet></oos:value><oos:value><oos:valueFormat>A</oos:valueFormat><oos:valueSet><oos:concreteValue>1.00</oos:concreteValue></oos:valueSet></oos:value></oos:values></oos:characteristic></oos:characteristics><oos:rubricators><oos:rubricatorInfo><oos:name>Радиоэлектронная продукция и оптическое оборудование</oos:name></oos:rubricatorInfo></oos:rubricators><oos:isTemplate>true</oos:isTemplate><oos:noNewFeatures>false</oos:noNewFeatures></oos:data></oos:position></nsiKTRUs></export>