<?xml version="1.0" encoding="UTF-8"?><export xmlns:xsi="http://www.w3.org/2001/XMLSchema-instance" xmlns="http://zakupki.gov.ru/oos/export/1" xmlns:oos="http://zakupki.gov.ru/oos/types/1"><nsiEAESCountry><nsiEAESCountry><oos:name>Россия</oos:name><oos:OKSMCode>643</oos:OKSMCode><oos:code2>RU</oos:code2><oos:code3>RUS</oos:code3><oos:orderNumber>1</oos:orderNumber><oos:updateDate>2020-01-02T11:43:52</oos:updateDate><oos:isActual>true</oos:isActual></nsiEAESCountry><nsiEAESCountry><oos:name>Белорусия</oos:name><oos:OKSMCode>112</oos:OKSMCode><oos:code2>BY</oos:code2><oos:code3>BLR</oos:code3><oos:orderNumber>2</oos:orderNumber><oos:updateDate>2020-01-02T11:43:52</oos:updateDate><oos:isActual>true</oos:isActual></nsiEAESCountry><nsiEAESCountry><oos:name>Казахстан</oos:name><oos:OKSMCode>398</oos:OKSMCode><oos:code2>KZ</oos:code2><oos:code3>KAZ</oos:code3><oos:orderNumber>3</oos:orderNumber><oos:updateDate>2020-01-02T11:43:52</oos:updateDate><oos:isActual>true</oos:isActual></nsiEAESCountry><nsiEAESCountry><oos:name>Армения</oos:name><oos:OKSMCode>51</oos:OKSMCode><oos:code2>AM</oos:code2><oos:code3>ARM</oos:code3><oos:orderNumber>4</oos:orderNumber><oos:updateDate>2020-01-02T11:43:52</oos:updateDate><oos:isActual>true</oos:isActual></nsiEAESCountry><nsiEAESCountry><oos:name>Киргизия</oos:name><oos:OKSMCode>417</oos:OKSMCode><oos:code2>KG</oos:code2><oos:code3>KGZ</oos:code3><oos:orderNumber>5</oos:orderNumber><oos:updateDate>2020-01-02T11:43:52</oos:updateDate><oos:isActual>true</oos:isActual></nsiEAESCountry></nsiEAESCountry></export>