<?xml version="1.0" encoding="UTF-8"?><export xmlns:xsi="http://www.w3.org/2001/XMLSchema-instance" xmlns="http://zakupki.gov.ru/oos/export/1" xmlns:oos="http://zakupki.gov.ru/oos/types/1"><nsiKOSGUList><nsiKOSGU><oos:code>220</oos:code><oos:name>Оплата работ, услуг</oos:name><oos:parentCode>200</oos:parentCode><oos:actual>true</oos:actual></nsiKOSGU><nsiKOSGU><oos:code>540</oos:code><oos:name>Увеличение задолженности по бюджетным кредитам</oos:name><oos:parentCode>500</oos:parentCode><oos:actual>false</oos:actual></nsiKOSGU><nsiKOSGU><oos:code>440</oos:code><oos:name>Уменьшение стоимости материальных запасов</oos:name><oos:parentCode>400</oos:parentCode><oos:actual>false</oos:actual></nsiKOSGU><nsiKOSGU><oos:code>172</oos:code><oos:name>Доходы от реализации активов</oos:name><oos:parentCode>170</oos:parentCode><oos:actual>false</oos:actual></nsiKOSGU><nsiKOSGU><oos:code>171</oos:code><oos:name>Доходы от переоценки активов</oos:name><oos:parentCode>170</oos:parentCode><oos:actual>false</oos:actual></nsiKOSGU><nsiKOSGU><oos:code>630</oos:code><oos:name>Уменьшение стоимости акций и иных форм участия в капитале</oos:name><oos:parentCode>600</oos:parentCode><oos:actual>false</oos:actual></nsiKOSGU><nsiKOSGU><oos:code>260</oos:code><oos:name>Социальное обеспечение</oos:name><oos:parentCode>200</oos:parentCode><oos:actual>true</oos:actual></nsiKOSGU><nsiKOSGU><oos:code>300</oos:code><oos:name>Поступление нефинансовых активов</oos:name><oos:parentCode>000</oos:parentCode><oos:actual>true</oos:actual></nsiKOSGU><nsiKOSGU><oos:code>153</oos:code><oos:name>Поступления от международных финансовых организаций</oos:name><oos:parentCode>150</oos:parentCode><oos:actual>false</oos:actual></nsiKOSGU><nsiKOSGU><oos:code>510</oos:code><oos:name>Поступление на счета бюджетов</oos:name><oos:parentCode>500</oos:parentCode><oos:actual>false</oos:actual></nsiKOSGU><nsiKOSGU><oos:code>550</oos:code><oos:name>Увеличение стоимости иных финансовых активов</oos:name><oos:parentCode>500</oos:parentCode><oos:actual>false</oos:actual></nsiKOSGU><nsiKOSGU><oos:code>261</oos:code><oos:name>Пенсии, пособия и выплаты по пенсионному, социальному и медицинскому страхованию населения</oos:name><oos:parentCode>260</oos:parentCode><oos:actual>true</oos:actual></nsiKOSGU><nsiKOSGU><oos:code>263</oos:code><oos:name>Пенсии, пособия, выплачиваемые организациями сектора государственного управления</oos:name><oos:parentCode>260</oos:parentCode><oos:actual>true</oos:actual></nsiKOSGU><nsiKOSGU><oos:code>500</oos:code><oos:name>Поступление финансовых активов</oos:name><oos:parentCode>000</oos:parentCode><oos:actual>true</oos:actual></nsiKOSGU><nsiKOSGU><oos:code>330</oos:code><oos:name>Увеличение стоимости непроизведенных активов</oos:name><oos:parentCode>300</oos:parentCode><oos:actual>true</oos:actual></nsiKOSGU><nsiKOSGU><oos:code>410</oos:code><oos:name>Уменьшение стоимости основных средств</oos:name><oos:parentCode>400</oos:parentCode><oos:actual>false</oos:actual></nsiKOSGU><nsiKOSGU><oos:code>253</oos:code><oos:name>Перечисления международным организациям</oos:name><oos:parentCode>250</oos:parentCode><oos:actual>true</oos:actual></nsiKOSGU><nsiKOSGU><oos:code>150</oos:code><oos:name>Безвозмездные поступления от бюджетов</oos:name><oos:parentCode>100</oos:parentCode><oos:actual>false</oos:actual></nsiKOSGU><nsiKOSGU><oos:code>252</oos:code><oos:name>Перечисления наднациональным организациям и правительствам иностранных государств</oos:name><oos:parentCode>250</oos:parentCode><oos:actual>true</oos:actual></nsiKOSGU><nsiKOSGU><oos:code>620</oos:code><oos:name>Уменьшение стоимости ценных бумаг, кроме акций и иных форм участия в капитале</oos:name><oos:parentCode>600</oos:parentCode><oos:actual>false</oos:actual></nsiKOSGU><nsiKOSGU><oos:code>242</oos:code><oos:name>Безвозмездные перечисления организациям, за исключением государственных и муниципальных организаций</oos:name><oos:parentCode>240</oos:parentCode><oos:actual>true</oos:actual></nsiKOSGU><nsiKOSGU><oos:code>120</oos:code><oos:name>Доходы от собственности</oos:name><oos:parentCode>100</oos:parentCode><oos:actual>false</oos:actual></nsiKOSGU><nsiKOSGU><oos:code>430</oos:code><oos:name>Уменьшение стоимости непроизведенных активов</oos:name><oos:parentCode>400</oos:parentCode><oos:actual>false</oos:actual></nsiKOSGU><nsiKOSGU><oos:code>110</oos:code><oos:name>Налоговые доходы</oos:name><oos:parentCode>100</oos:parentCode><oos:actual>false</oos:actual></nsiKOSGU><nsiKOSGU><oos:code>270</oos:code><oos:name>Расходы по операциям с активами</oos:name><oos:parentCode>200</oos:parentCode><oos:actual>true</oos:actual></nsiKOSGU><nsiKOSGU><oos:code>241</oos:code><oos:name>Безвозмездные перечисления государственным и муниципальным организациям</oos:name><oos:parentCode>240</oos:parentCode><oos:actual>true</oos:actual></nsiKOSGU><nsiKOSGU><oos:code>100</oos:code><oos:name>Доходы</oos:name><oos:parentCode>000</oos:parentCode><oos:actual>false</oos:actual></nsiKOSGU><nsiKOSGU><oos:code>520</oos:code><oos:name>Увеличение стоимости ценных бумаг, кроме акций и иных форм участия в капитале</oos:name><oos:parentCode>500</oos:parentCode><oos:actual>false</oos:actual></nsiKOSGU><nsiKOSGU><oos:code>232</oos:code><oos:name>Обслуживание внешнего долга</oos:name><oos:parentCode>230</oos:parentCode><oos:actual>true</oos:actual></nsiKOSGU><nsiKOSGU><oos:code>400</oos:code><oos:name>Выбытие нефинансовых активов</oos:name><oos:parentCode>000</oos:parentCode><oos:actual>false</oos:actual></nsiKOSGU><nsiKOSGU><oos:code>000</oos:code><oos:name>Не определён</oos:name><oos:actual>true</oos:actual></nsiKOSGU><nsiKOSGU><oos:code>231</oos:code><oos:name>Обслуживание внутреннего долга</oos:name><oos:parentCode>230</oos:parentCode><oos:actual>true</oos:actual></nsiKOSGU><nsiKOSGU><oos:code>810</oos:code><oos:name>Уменьшение задолженности по внутреннему государственному (муниципальному) долгу</oos:name><oos:parentCode>800</oos:parentCode><oos:actual>true</oos:actual></nsiKOSGU><nsiKOSGU><oos:code>650</oos:code><oos:name>Уменьшение стоимости иных финансовых активов</oos:name><oos:parentCode>600</oos:parentCode><oos:actual>false</oos:actual></nsiKOSGU><nsiKOSGU><oos:code>560</oos:code><oos:name>Увеличение прочей дебиторской задолженности</oos:name><oos:parentCode>500</oos:parentCode><oos:actual>false</oos:actual></nsiKOSGU><nsiKOSGU><oos:code>271</oos:code><oos:name>Амортизация основных средств и нематериальных активов</oos:name><oos:parentCode>270</oos:parentCode><oos:actual>true</oos:actual></nsiKOSGU><nsiKOSGU><oos:code>160</oos:code><oos:name>Страховые взносы на обязательное социальное страхование</oos:name><oos:parentCode>100</oos:parentCode><oos:actual>false</oos:actual></nsiKOSGU><nsiKOSGU><oos:code>340</oos:code><oos:name>Увеличение стоимости материальных запасов</oos:name><oos:parentCode>300</oos:parentCode><oos:actual>true</oos:actual></nsiKOSGU><nsiKOSGU><oos:code>225</oos:code><oos:name>Работы, услуги по содержанию имущества</oos:name><oos:parentCode>220</oos:parentCode><oos:actual>true</oos:actual></nsiKOSGU><nsiKOSGU><oos:code>224</oos:code><oos:name>Арендная плата за пользование имуществом</oos:name><oos:parentCode>220</oos:parentCode><oos:actual>true</oos:actual></nsiKOSGU><nsiKOSGU><oos:code>223</oos:code><oos:name>Коммунальные услуги</oos:name><oos:parentCode>220</oos:parentCode><oos:actual>true</oos:actual></nsiKOSGU><nsiKOSGU><oos:code>221</oos:code><oos:name>Услуги связи</oos:name><oos:parentCode>220</oos:parentCode><oos:actual>true</oos:actual></nsiKOSGU><nsiKOSGU><oos:code>800</oos:code><oos:name>Уменьшение обязательств</oos:name><oos:parentCode>000</oos:parentCode><oos:actual>false</oos:actual></nsiKOSGU><nsiKOSGU><oos:code>213</oos:code><oos:name>Начисления на выплаты по оплате труда</oos:name><oos:parentCode>210</oos:parentCode><oos:actual>true</oos:actual></nsiKOSGU><nsiKOSGU><oos:code>730</oos:code><oos:name>Увеличение прочей кредиторской задолженности</oos:name><oos:parentCode>700</oos:parentCode><oos:actual>false</oos:actual></nsiKOSGU><nsiKOSGU><oos:code>720</oos:code><oos:name>Увеличение задолженности по внешнему государственному долгу</oos:name><oos:parentCode>700</oos:parentCode><oos:actual>false</oos:actual></nsiKOSGU><nsiKOSGU><oos:code>212</oos:code><oos:name>Прочие выплаты</oos:name><oos:parentCode>210</oos:parentCode><oos:actual>true</oos:actual></nsiKOSGU><nsiKOSGU><oos:code>230</oos:code><oos:name>Обслуживание государственного (муниципального) долга</oos:name><oos:parentCode>200</oos:parentCode><oos:actual>true</oos:actual></nsiKOSGU><nsiKOSGU><oos:code>700</oos:code><oos:name>Увеличение обязательств</oos:name><oos:parentCode>000</oos:parentCode><oos:actual>false</oos:actual></nsiKOSGU><nsiKOSGU><oos:code>660</oos:code><oos:name>Уменьшение прочей дебиторской задолженности</oos:name><oos:parentCode>600</oos:parentCode><oos:actual>false</oos:actual></nsiKOSGU><nsiKOSGU><oos:code>173</oos:code><oos:name>Чрезвычайные доходы от операций с активами</oos:name><oos:parentCode>170</oos:parentCode><oos:actual>false</oos:actual></nsiKOSGU><nsiKOSGU><oos:code>272</oos:code><oos:name>Расходование материальных запасов</oos:name><oos:parentCode>270</oos:parentCode><oos:actual>true</oos:actual></nsiKOSGU><nsiKOSGU><oos:code>210</oos:code><oos:name>Оплата труда и начисления на выплаты по оплате труда</oos:name><oos:parentCode>200</oos:parentCode><oos:actual>true</oos:actual></nsiKOSGU><nsiKOSGU><oos:code>530</oos:code><oos:name>Увеличение стоимости акций и иных форм участия в капитале</oos:name><oos:parentCode>500</oos:parentCode><oos:actual>true</oos:actual></nsiKOSGU><nsiKOSGU><oos:code>320</oos:code><oos:name>Увеличение стоимости нематериальных активов</oos:name><oos:parentCode>300</oos:parentCode><oos:actual>true</oos:actual></nsiKOSGU><nsiKOSGU><oos:code>170</oos:code><oos:name>Доходы от операций с активами</oos:name><oos:parentCode>100</oos:parentCode><oos:actual>false</oos:actual></nsiKOSGU><nsiKOSGU><oos:code>240</oos:code><oos:name>Безвозмездные перечисления организациям</oos:name><oos:parentCode>200</oos:parentCode><oos:actual>true</oos:actual></nsiKOSGU><nsiKOSGU><oos:code>262</oos:code><oos:name>Пособия по социальной помощи населению</oos:name><oos:parentCode>260</oos:parentCode><oos:actual>true</oos:actual></nsiKOSGU><nsiKOSGU><oos:code>151</oos:code><oos:name>Поступления от других бюджетов бюджетной системы Российской Федерации</oos:name><oos:parentCode>150</oos:parentCode><oos:actual>false</oos:actual></nsiKOSGU><nsiKOSGU><oos:code>420</oos:code><oos:name>Уменьшение стоимости нематериальных активов</oos:name><oos:parentCode>400</oos:parentCode><oos:actual>false</oos:actual></nsiKOSGU><nsiKOSGU><oos:code>222</oos:code><oos:name>Транспортные услуги</oos:name><oos:parentCode>220</oos:parentCode><oos:actual>true</oos:actual></nsiKOSGU><nsiKOSGU><oos:code>290</oos:code><oos:name>Прочие расходы</oos:name><oos:parentCode>200</oos:parentCode><oos:actual>true</oos:actual></nsiKOSGU><nsiKOSGU><oos:code>600</oos:code><oos:name>Выбытие финансовых активов</oos:name><oos:parentCode>000</oos:parentCode><oos:actual>false</oos:actual></nsiKOSGU><nsiKOSGU><oos:code>140</oos:code><oos:name>Суммы принудительного изъятия</oos:name><oos:parentCode>100</oos:parentCode><oos:actual>false</oos:actual></nsiKOSGU><nsiKOSGU><oos:code>640</oos:code><oos:name>Уменьшение задолженности по бюджетным ссудам и кредитам</oos:name><oos:parentCode>600</oos:parentCode><oos:actual>false</oos:actual></nsiKOSGU><nsiKOSGU><oos:code>130</oos:code><oos:name>Доходы от оказания платных услуг</oos:name><oos:parentCode>100</oos:parentCode><oos:actual>false</oos:actual></nsiKOSGU><nsiKOSGU><oos:code>610</oos:code><oos:name>Выбытие со счетов бюджетов</oos:name><oos:parentCode>600</oos:parentCode><oos:actual>false</oos:actual></nsiKOSGU><nsiKOSGU><oos:code>251</oos:code><oos:name>Перечисления другим бюджетам бюджетной системы Российской Федерации</oos:name><oos:parentCode>250</oos:parentCode><oos:actual>true</oos:actual></nsiKOSGU><nsiKOSGU><oos:code>273</oos:code><oos:name>Чрезвычайные расходы по операциям с активами</oos:name><oos:parentCode>270</oos:parentCode><oos:actual>true</oos:actual></nsiKOSGU><nsiKOSGU><oos:code>152</oos:code><oos:name>Поступления от наднациональных организаций и правительств иностранных государств</oos:name><oos:parentCode>150</oos:parentCode><oos:actual>false</oos:actual></nsiKOSGU><nsiKOSGU><oos:code>200</oos:code><oos:name>Расходы</oos:name><oos:parentCode>000</oos:parentCode><oos:actual>true</oos:actual></nsiKOSGU><nsiKOSGU><oos:code>310</oos:code><oos:name>Увеличение стоимости основных средств</oos:name><oos:parentCode>300</oos:parentCode><oos:actual>true</oos:actual></nsiKOSGU><nsiKOSGU><oos:code>226</oos:code><oos:name>Прочие работы, услуги</oos:name><oos:parentCode>220</oos:parentCode><oos:actual>true</oos:actual></nsiKOSGU><nsiKOSGU><oos:code>830</oos:code><oos:name>Уменьшение прочей кредиторской задолженности</oos:name><oos:parentCode>800</oos:parentCode><oos:actual>false</oos:actual></nsiKOSGU><nsiKOSGU><oos:code>820</oos:code><oos:name>Уменьшение задолженности по внешнему государственному долгу</oos:name><oos:parentCode>800</oos:parentCode><oos:actual>false</oos:actual></nsiKOSGU><nsiKOSGU><oos:code>211</oos:code><oos:name>Заработная плата</oos:name><oos:parentCode>210</oos:parentCode><oos:actual>true</oos:actual></nsiKOSGU><nsiKOSGU><oos:code>710</oos:code><oos:name>Увеличение задолженности по внутреннему государственному (муниципальному) долгу</oos:name><oos:parentCode>700</oos:parentCode><oos:actual>true</oos:actual></nsiKOSGU><nsiKOSGU><oos:code>250</oos:code><oos:name>Безвозмездные перечисления бюджетам</oos:name><oos:parentCode>200</oos:parentCode><oos:actual>true</oos:actual></nsiKOSGU><nsiKOSGU><oos:code>180</oos:code><oos:name>Прочие доходы</oos:name><oos:parentCode>100</oos:parentCode><oos:actual>false</oos:actual></nsiKOSGU><nsiKOSGU><oos:code>900</oos:code><oos:name>Итого</oos:name><oos:actual>true</oos:actual></nsiKOSGU></nsiKOSGUList></export>