<?xml version="1.0" encoding="UTF-8"?><export xmlns:xsi="http://www.w3.org/2001/XMLSchema-instance" xmlns="http://zakupki.gov.ru/oos/export/1" xmlns:oos="http://zakupki.gov.ru/oos/types/1"><nsiKVRList><nsiKVR><oos:code>100</oos:code><oos:name>Расходы на выплаты персоналу в целях обеспечения выполнения функций государственными (муниципальными) органами, казенными учреждениями, органами управления государственными внебюджетными фондами</oos:name><oos:actual>true</oos:actual></nsiKVR><nsiKVR><oos:code>110</oos:code><oos:name>Расходы на выплаты персоналу казенных учреждений</oos:name><oos:parentCode>100</oos:parentCode><oos:actual>true</oos:actual></nsiKVR><nsiKVR><oos:code>111</oos:code><oos:name>Фонд оплаты труда учреждений</oos:name><oos:parentCode>110</oos:parentCode><oos:actual>true</oos:actual></nsiKVR><nsiKVR><oos:code>112</oos:code><oos:name>Иные выплаты персоналу учреждений, за исключением фонда оплаты труда</oos:name><oos:parentCode>110</oos:parentCode><oos:actual>true</oos:actual></nsiKVR><nsiKVR><oos:code>113</oos:code><oos:name>Иные выплаты, за исключением фонда оплаты труда учреждений, лицам, привлекаемым согласно законодательству для выполнения отдельных полномочий</oos:name><oos:parentCode>110</oos:parentCode><oos:actual>true</oos:actual></nsiKVR><nsiKVR><oos:code>120</oos:code><oos:name>Расходы на выплаты персоналу государственных (муниципальных) органов</oos:name><oos:parentCode>100</oos:parentCode><oos:actual>true</oos:actual></nsiKVR><nsiKVR><oos:code>121</oos:code><oos:name>Фонд оплаты труда государственных (муниципальных) органов</oos:name><oos:parentCode>120</oos:parentCode><oos:actual>true</oos:actual></nsiKVR><nsiKVR><oos:code>122</oos:code><oos:name>Иные выплаты персоналу государственных (муниципальных) органов, за исключением фонда оплаты труда</oos:name><oos:parentCode>120</oos:parentCode><oos:actual>true</oos:actual></nsiKVR><nsiKVR><oos:code>123</oos:code><oos:name>Иные выплаты, за исключением фонда оплаты труда государственных (муниципальных) органов, лицам, привлекаемым согласно законодательству для выполнения отдельных полномочий</oos:name><oos:parentCode>120</oos:parentCode><oos:actual>true</oos:actual></nsiKVR><nsiKVR><oos:code>130</oos:code><oos:name>Расходы на выплаты персоналу в сфере национальной безопасности, правоохранительной деятельности и обороны</oos:name><oos:parentCode>100</oos:parentCode><oos:actual>true</oos:actual></nsiKVR><nsiKVR><oos:code>131</oos:code><oos:name>Денежное довольствие военнослужащих и сотрудников, имеющих специальные звания</oos:name><oos:parentCode>130</oos:parentCode><oos:actual>true</oos:actual></nsiKVR><nsiKVR><oos:code>133</oos:code><oos:name>Расходы на выплаты военнослужащим и сотрудникам, имеющим специальные звания, зависящие от размера денежного довольствия</oos:name><oos:parentCode>130</oos:parentCode><oos:actual>true</oos:actual></nsiKVR><nsiKVR><oos:code>134</oos:code><oos:name>Иные выплаты персоналу и сотрудникам, имеющим специальные звания</oos:name><oos:parentCode>130</oos:parentCode><oos:actual>false</oos:actual></nsiKVR><nsiKVR><oos:code>140</oos:code><oos:name>Расходы на выплаты персоналу государственных внебюджетных фондов</oos:name><oos:parentCode>100</oos:parentCode><oos:actual>true</oos:actual></nsiKVR><nsiKVR><oos:code>141</oos:code><oos:name>Фонд оплаты труда государственных внебюджетных фондов</oos:name><oos:parentCode>140</oos:parentCode><oos:actual>true</oos:actual></nsiKVR><nsiKVR><oos:code>142</oos:code><oos:name>Иные выплаты персоналу, за исключением фонда оплаты труда</oos:name><oos:parentCode>140</oos:parentCode><oos:actual>true</oos:actual></nsiKVR><nsiKVR><oos:code>200</oos:code><oos:name>Закупка товаров, работ и услуг для обеспечения государственных (муниципальных) нужд</oos:name><oos:actual>true</oos:actual></nsiKVR><nsiKVR><oos:code>210</oos:code><oos:name>Разработка, закупка и ремонт вооружений, военной и специальной техники, продукции производственно-технического назначения и имущества</oos:name><oos:parentCode>200</oos:parentCode><oos:actual>true</oos:actual></nsiKVR><nsiKVR><oos:code>211</oos:code><oos:name>Закупка вооружений, военной и специальной техники, продукции производственно-технического назначения и имущества в рамках государственного оборонного заказа в целях обеспечения государственной программы вооружения</oos:name><oos:parentCode>210</oos:parentCode><oos:actual>false</oos:actual></nsiKVR><nsiKVR><oos:code>212</oos:code><oos:name>Закупка вооружений, военной и специальной техники, продукции производственно-технического назначения и имущества в рамках государственного оборонного заказа вне рамок государственной программы вооружения</oos:name><oos:parentCode>210</oos:parentCode><oos:actual>false</oos:actual></nsiKVR><nsiKVR><oos:code>213</oos:code><oos:name>Закупка товаров, работ и услуг для обеспечения государственных нужд в области геодезии и картографии в рамках государственного оборонного заказа</oos:name><oos:parentCode>210</oos:parentCode><oos:actual>false</oos:actual></nsiKVR><nsiKVR><oos:code>214</oos:code><oos:name>Ремонт вооружений, военной и специальной техники, продукции производственно-технического назначения и имущества в рамках государственного оборонного заказа в целях обеспечения государственной программы вооружения</oos:name><oos:parentCode>210</oos:parentCode><oos:actual>false</oos:actual></nsiKVR><nsiKVR><oos:code>215</oos:code><oos:name>Ремонт вооружений, военной и специальной техники, продукции производственно-технического назначения и имущества в рамках государственного оборонного заказа вне рамок государственной программы вооружения</oos:name><oos:parentCode>210</oos:parentCode><oos:actual>false</oos:actual></nsiKVR><nsiKVR><oos:code>216</oos:code><oos:name>Фундаментальные исследования в интересах национальной обороны, национальной безопасности и правоохранительной деятельности в рамках государственного оборонного заказа в целях обеспечения государственной программы вооружения</oos:name><oos:parentCode>210</oos:parentCode><oos:actual>false</oos:actual></nsiKVR><nsiKVR><oos:code>217</oos:code><oos:name>Исследования в области разработки вооружений, военной и специальной техники, продукции производственно-технического назначения в рамках государственного оборонного заказа в целях обеспечения государственной программы вооружения</oos:name><oos:parentCode>210</oos:parentCode><oos:actual>false</oos:actual></nsiKVR><nsiKVR><oos:code>218</oos:code><oos:name>Исследования в области разработки вооружений, военной и специальной техники, продукции производственно-технического назначения в рамках государственного оборонного заказа вне рамок государственной программы вооружения</oos:name><oos:parentCode>210</oos:parentCode><oos:actual>false</oos:actual></nsiKVR><nsiKVR><oos:code>219</oos:code><oos:name>Закупка работ и услуг в целях обеспечения мероприятий в рамках государственного оборонного заказа</oos:name><oos:parentCode>210</oos:parentCode><oos:actual>false</oos:actual></nsiKVR><nsiKVR><oos:code>220</oos:code><oos:name>Закупка товаров, работ и услуг для обеспечения специальным топливом и горюче-смазочными материалами, продовольственного и вещевого обеспечения органов в сфере национальной безопасности, правоохранительной деятельности и обороны</oos:name><oos:parentCode>200</oos:parentCode><oos:actual>true</oos:actual></nsiKVR><nsiKVR><oos:code>221</oos:code><oos:name>Обеспечение специальным топливом и горюче-смазочными материалами в рамках государственного оборонного заказа</oos:name><oos:parentCode>220</oos:parentCode><oos:actual>false</oos:actual></nsiKVR><nsiKVR><oos:code>222</oos:code><oos:name>Обеспечение специальным топливом и горюче-смазочными материалами вне рамок государственного оборонного заказа</oos:name><oos:parentCode>220</oos:parentCode><oos:actual>false</oos:actual></nsiKVR><nsiKVR><oos:code>223</oos:code><oos:name>Продовольственное обеспечение в рамках государственного оборонного заказа</oos:name><oos:parentCode>220</oos:parentCode><oos:actual>true</oos:actual></nsiKVR><nsiKVR><oos:code>224</oos:code><oos:name>Продовольственное обеспечение вне рамок государственного оборонного заказа</oos:name><oos:parentCode>220</oos:parentCode><oos:actual>true</oos:actual></nsiKVR><nsiKVR><oos:code>225</oos:code><oos:name>Вещевое обеспечение в рамках государственного оборонного заказа</oos:name><oos:parentCode>220</oos:parentCode><oos:actual>true</oos:actual></nsiKVR><nsiKVR><oos:code>226</oos:code><oos:name>Вещевое обеспечение вне рамок государственного оборонного заказа</oos:name><oos:parentCode>220</oos:parentCode><oos:actual>false</oos:actual></nsiKVR><nsiKVR><oos:code>230</oos:code><oos:name>Закупка товаров, работ и услуг в целях формирования государственного материального резерва</oos:name><oos:parentCode>200</oos:parentCode><oos:actual>true</oos:actual></nsiKVR><nsiKVR><oos:code>231</oos:code><oos:name>Закупка товаров, работ, услуг в целях формирования государственного материального резерва в рамках государственного оборонного заказа</oos:name><oos:parentCode>230</oos:parentCode><oos:actual>true</oos:actual></nsiKVR><nsiKVR><oos:code>232</oos:code><oos:name>Закупка товаров, работ, услуг в целях обеспечения формирования государственного материального резерва, резервов материальных ресурсов</oos:name><oos:parentCode>230</oos:parentCode><oos:actual>true</oos:actual></nsiKVR><nsiKVR><oos:code>240</oos:code><oos:name>Иные закупки товаров, работ и услуг для обеспечения государственных (муниципальных) нужд</oos:name><oos:parentCode>200</oos:parentCode><oos:actual>true</oos:actual></nsiKVR><nsiKVR><oos:code>241</oos:code><oos:name>Научно-исследовательские и опытно-конструкторские работы</oos:name><oos:parentCode>240</oos:parentCode><oos:actual>true</oos:actual></nsiKVR><nsiKVR><oos:code>242</oos:code><oos:name>Закупка товаров, работ, услуг в сфере информационно-коммуникационных технологий</oos:name><oos:parentCode>240</oos:parentCode><oos:actual>true</oos:actual></nsiKVR><nsiKVR><oos:code>243</oos:code><oos:name>Закупка товаров, работ, услуг в целях капитального ремонта государственного (муниципального) имущества</oos:name><oos:parentCode>240</oos:parentCode><oos:actual>true</oos:actual></nsiKVR><nsiKVR><oos:code>245</oos:code><oos:name>Закупка товаров, работ и услуг для обеспечения государственных (муниципальных) нужд в области геодезии и картографии вне рамок государственного оборонного заказа</oos:name><oos:parentCode>240</oos:parentCode><oos:actual>true</oos:actual></nsiKVR><nsiKVR><oos:code>300</oos:code><oos:name>Социальное обеспечение и иные выплаты населению</oos:name><oos:actual>true</oos:actual></nsiKVR><nsiKVR><oos:code>310</oos:code><oos:name>Публичные нормативные социальные выплаты гражданам</oos:name><oos:parentCode>300</oos:parentCode><oos:actual>true</oos:actual></nsiKVR><nsiKVR><oos:code>311</oos:code><oos:name>Пенсии, выплачиваемые по пенсионному страхованию населения</oos:name><oos:parentCode>310</oos:parentCode><oos:actual>true</oos:actual></nsiKVR><nsiKVR><oos:code>312</oos:code><oos:name>Иные пенсии, социальные доплаты к пенсиям</oos:name><oos:parentCode>310</oos:parentCode><oos:actual>true</oos:actual></nsiKVR><nsiKVR><oos:code>313</oos:code><oos:name>Пособия, компенсации, меры социальной поддержки по публичным нормативным обязательствам</oos:name><oos:parentCode>310</oos:parentCode><oos:actual>true</oos:actual></nsiKVR><nsiKVR><oos:code>320</oos:code><oos:name>Социальные выплаты гражданам, кроме публичных нормативных социальных выплат</oos:name><oos:parentCode>300</oos:parentCode><oos:actual>true</oos:actual></nsiKVR><nsiKVR><oos:code>321</oos:code><oos:name>Пособия, компенсации и иные социальные выплаты гражданам, кроме публичных нормативных обязательств</oos:name><oos:parentCode>320</oos:parentCode><oos:actual>true</oos:actual></nsiKVR><nsiKVR><oos:code>322</oos:code><oos:name>Субсидии гражданам на приобретение жилья</oos:name><oos:parentCode>320</oos:parentCode><oos:actual>true</oos:actual></nsiKVR><nsiKVR><oos:code>323</oos:code><oos:name>Приобретение товаров, работ, услуг в пользу граждан в целях их социального обеспечения</oos:name><oos:parentCode>320</oos:parentCode><oos:actual>true</oos:actual></nsiKVR><nsiKVR><oos:code>330</oos:code><oos:name>Публичные нормативные выплаты гражданам несоциального характера</oos:name><oos:parentCode>300</oos:parentCode><oos:actual>true</oos:actual></nsiKVR><nsiKVR><oos:code>340</oos:code><oos:name>Стипендии</oos:name><oos:parentCode>300</oos:parentCode><oos:actual>true</oos:actual></nsiKVR><nsiKVR><oos:code>350</oos:code><oos:name>Премии и гранты</oos:name><oos:parentCode>300</oos:parentCode><oos:actual>true</oos:actual></nsiKVR><nsiKVR><oos:code>360</oos:code><oos:name>Иные выплаты населению</oos:name><oos:parentCode>300</oos:parentCode><oos:actual>true</oos:actual></nsiKVR><nsiKVR><oos:code>400</oos:code><oos:name>Капитальные вложения в объекты государственной (муниципальной) собственности</oos:name><oos:actual>true</oos:actual></nsiKVR><nsiKVR><oos:code>410</oos:code><oos:name>Бюджетные инвестиции</oos:name><oos:parentCode>400</oos:parentCode><oos:actual>true</oos:actual></nsiKVR><nsiKVR><oos:code>411</oos:code><oos:name>Бюджетные инвестиции на приобретение объектов недвижимого имущества в федеральную собственность в рамках государственного оборонного заказа</oos:name><oos:parentCode>410</oos:parentCode><oos:actual>true</oos:actual></nsiKVR><nsiKVR><oos:code>412</oos:code><oos:name>Бюджетные инвестиции на приобретение объектов недвижимого имущества в государственную (муниципальную) собственность</oos:name><oos:parentCode>410</oos:parentCode><oos:actual>true</oos:actual></nsiKVR><nsiKVR><oos:code>413</oos:code><oos:name>Бюджетные инвестиции в объекты капитального строительства в рамках государственного оборонного заказа</oos:name><oos:parentCode>410</oos:parentCode><oos:actual>true</oos:actual></nsiKVR><nsiKVR><oos:code>414</oos:code><oos:name>Бюджетные инвестиции в объекты капитального строительства государственной (муниципальной) собственности</oos:name><oos:parentCode>410</oos:parentCode><oos:actual>true</oos:actual></nsiKVR><nsiKVR><oos:code>415</oos:code><oos:name>Бюджетные инвестиции в соответствии с концессионными соглашениями</oos:name><oos:parentCode>410</oos:parentCode><oos:actual>true</oos:actual></nsiKVR><nsiKVR><oos:code>450</oos:code><oos:name>Бюджетные инвестиции иным юридическим лицам</oos:name><oos:parentCode>400</oos:parentCode><oos:actual>true</oos:actual></nsiKVR><nsiKVR><oos:code>451</oos:code><oos:name>Бюджетные инвестиции иным юридическим лицам в объекты капитального строительства</oos:name><oos:parentCode>450</oos:parentCode><oos:actual>true</oos:actual></nsiKVR><nsiKVR><oos:code>452</oos:code><oos:name>Бюджетные инвестиции иным юридическим лицам, за исключением бюджетных инвестиций в объекты капитального строительства</oos:name><oos:parentCode>450</oos:parentCode><oos:actual>true</oos:actual></nsiKVR><nsiKVR><oos:code>460</oos:code><oos:name>Субсидии бюджетным и автономным учреждениям, государственным (муниципальным) унитарным предприятиям на осуществление капитальных вложений в объекты капитального строительства государственной (муниципальной) собственности или приобретение объектов недвижимого имущества в государственную (муниципальную) собственности</oos:name><oos:parentCode>400</oos:parentCode><oos:actual>false</oos:actual></nsiKVR><nsiKVR><oos:code>461</oos:code><oos:name>Субсидии на приобретение объектов недвижимого имущества в государственную (муниципальную) собственность бюджетным учреждениям</oos:name><oos:parentCode>460</oos:parentCode><oos:actual>true</oos:actual></nsiKVR><nsiKVR><oos:code>462</oos:code><oos:name>Субсидии на приобретение объектов недвижимого имущества в государственную (муниципальную) собственность автономным учреждениям</oos:name><oos:parentCode>460</oos:parentCode><oos:actual>true</oos:actual></nsiKVR><nsiKVR><oos:code>463</oos:code><oos:name>Субсидии на приобретение объектов недвижимого имущества в государственную (муниципальную) собственность государственным (муниципальным) унитарным предприятиям</oos:name><oos:parentCode>460</oos:parentCode><oos:actual>true</oos:actual></nsiKVR><nsiKVR><oos:code>464</oos:code><oos:name>Субсидии на осуществление капитальных вложений в объекты капитального строительства государственной (муниципальной) собственности бюджетным учреждениям</oos:name><oos:parentCode>460</oos:parentCode><oos:actual>true</oos:actual></nsiKVR><nsiKVR><oos:code>465</oos:code><oos:name>Субсидии на осуществление капитальных вложений в объекты капитального строительства государственной (муниципальной) собственности автономным учреждениям</oos:name><oos:parentCode>460</oos:parentCode><oos:actual>true</oos:actual></nsiKVR><nsiKVR><oos:code>466</oos:code><oos:name>Субсидии на осуществление капитальных вложений в объекты капитального строительства государственной (муниципальной) собственности государственным (муниципальным) унитарным предприятиям</oos:name><oos:parentCode>460</oos:parentCode><oos:actual>true</oos:actual></nsiKVR><nsiKVR><oos:code>500</oos:code><oos:name>Межбюджетные трансферты</oos:name><oos:actual>true</oos:actual></nsiKVR><nsiKVR><oos:code>510</oos:code><oos:name>Дотации</oos:name><oos:parentCode>500</oos:parentCode><oos:actual>true</oos:actual></nsiKVR><nsiKVR><oos:code>511</oos:code><oos:name>Дотации на выравнивание бюджетной обеспеченности</oos:name><oos:parentCode>510</oos:parentCode><oos:actual>true</oos:actual></nsiKVR><nsiKVR><oos:code>512</oos:code><oos:name>Иные дотации</oos:name><oos:parentCode>510</oos:parentCode><oos:actual>true</oos:actual></nsiKVR><nsiKVR><oos:code>520</oos:code><oos:name>Субсидии</oos:name><oos:parentCode>500</oos:parentCode><oos:actual>true</oos:actual></nsiKVR><nsiKVR><oos:code>521</oos:code><oos:name>Субсидии, за исключением субсидий на софинансирование капитальных вложений в объекты государственной (муниципальной) собственности</oos:name><oos:parentCode>520</oos:parentCode><oos:actual>true</oos:actual></nsiKVR><nsiKVR><oos:code>522</oos:code><oos:name>Субсидии на софинансирование капитальных вложений в объекты государственной (муниципальной) собственности</oos:name><oos:parentCode>520</oos:parentCode><oos:actual>true</oos:actual></nsiKVR><nsiKVR><oos:code>530</oos:code><oos:name>Субвенции</oos:name><oos:parentCode>500</oos:parentCode><oos:actual>true</oos:actual></nsiKVR><nsiKVR><oos:code>540</oos:code><oos:name>Иные межбюджетные трансферты</oos:name><oos:parentCode>500</oos:parentCode><oos:actual>true</oos:actual></nsiKVR><nsiKVR><oos:code>550</oos:code><oos:name>Межбюджетные трансферты бюджету Фонда социального страхования Российской Федерации</oos:name><oos:parentCode>500</oos:parentCode><oos:actual>true</oos:actual></nsiKVR><nsiKVR><oos:code>560</oos:code><oos:name>Межбюджетные трансферты бюджету Федерального фонда обязательного медицинского страхования</oos:name><oos:parentCode>500</oos:parentCode><oos:actual>true</oos:actual></nsiKVR><nsiKVR><oos:code>570</oos:code><oos:name>Межбюджетные трансферты бюджету Пенсионного фонда Российской Федерации</oos:name><oos:parentCode>500</oos:parentCode><oos:actual>true</oos:actual></nsiKVR><nsiKVR><oos:code>580</oos:code><oos:name>Межбюджетные трансферты бюджетам территориальных фондов обязательного медицинского страхования</oos:name><oos:parentCode>500</oos:parentCode><oos:actual>true</oos:actual></nsiKVR><nsiKVR><oos:code>600</oos:code><oos:name>Предоставление субсидий бюджетным, автономным учреждениям и иным некоммерческим организациям</oos:name><oos:actual>true</oos:actual></nsiKVR><nsiKVR><oos:code>610</oos:code><oos:name>Субсидии бюджетным учреждениям</oos:name><oos:parentCode>600</oos:parentCode><oos:actual>true</oos:actual></nsiKVR><nsiKVR><oos:code>611</oos:code><oos:name>Субсидии бюджетным учреждениям на финансовое обеспечение государственного (муниципального) задания на оказание государственных (муниципальных) услуг (выполнение работ)</oos:name><oos:parentCode>610</oos:parentCode><oos:actual>true</oos:actual></nsiKVR><nsiKVR><oos:code>612</oos:code><oos:name>Субсидии бюджетным учреждениям на иные цели</oos:name><oos:parentCode>610</oos:parentCode><oos:actual>true</oos:actual></nsiKVR><nsiKVR><oos:code>613</oos:code><oos:name>Гранты в форме субсидии бюджетным учреждениям</oos:name><oos:parentCode>610</oos:parentCode><oos:actual>true</oos:actual></nsiKVR><nsiKVR><oos:code>620</oos:code><oos:name>Субсидии автономным учреждениям</oos:name><oos:parentCode>600</oos:parentCode><oos:actual>true</oos:actual></nsiKVR><nsiKVR><oos:code>621</oos:code><oos:name>Субсидии автономным учреждениям на финансовое обеспечение государственного (муниципального) задания на оказание государственных (муниципальных) услуг (выполнение работ)</oos:name><oos:parentCode>620</oos:parentCode><oos:actual>true</oos:actual></nsiKVR><nsiKVR><oos:code>622</oos:code><oos:name>Субсидии автономным учреждениям на иные цели</oos:name><oos:parentCode>620</oos:parentCode><oos:actual>true</oos:actual></nsiKVR><nsiKVR><oos:code>623</oos:code><oos:name>Гранты в форме субсидии автономным учреждениям</oos:name><oos:parentCode>620</oos:parentCode><oos:actual>true</oos:actual></nsiKVR><nsiKVR><oos:code>630</oos:code><oos:name>Субсидии некоммерческим организациям (за исключением государственных (муниципальных) учреждений)</oos:name><oos:parentCode>600</oos:parentCode><oos:actual>true</oos:actual></nsiKVR><nsiKVR><oos:code>700</oos:code><oos:name>Обслуживание государственного (муниципального) долга</oos:name><oos:actual>true</oos:actual></nsiKVR><nsiKVR><oos:code>710</oos:code><oos:name>Обслуживание государственного долга Российской Федерации</oos:name><oos:parentCode>700</oos:parentCode><oos:actual>true</oos:actual></nsiKVR><nsiKVR><oos:code>720</oos:code><oos:name>Обслуживание государственного долга субъекта Российской Федерации</oos:name><oos:parentCode>700</oos:parentCode><oos:actual>true</oos:actual></nsiKVR><nsiKVR><oos:code>730</oos:code><oos:name>Обслуживание муниципального долга</oos:name><oos:parentCode>700</oos:parentCode><oos:actual>true</oos:actual></nsiKVR><nsiKVR><oos:code>800</oos:code><oos:name>Иные бюджетные ассигнования</oos:name><oos:actual>true</oos:actual></nsiKVR><nsiKVR><oos:code>810</oos:code><oos:name>Субсидии юридическим лицам (кроме некоммерческих организаций), индивидуальным предпринимателям, физическим лицам - производителям товаров, работ, услуг</oos:name><oos:parentCode>800</oos:parentCode><oos:actual>true</oos:actual></nsiKVR><nsiKVR><oos:code>820</oos:code><oos:name>Субсидии государственным корпорациям (компаниям)</oos:name><oos:parentCode>800</oos:parentCode><oos:actual>false</oos:actual></nsiKVR><nsiKVR><oos:code>821</oos:code><oos:name>Субсидии государственным корпорациям (компаниям) в виде имущественного взноса на осуществление капитальных вложений</oos:name><oos:parentCode>820</oos:parentCode><oos:actual>false</oos:actual></nsiKVR><nsiKVR><oos:code>822</oos:code><oos:name>Субсидии государственным корпорациям (компаниям) в виде имущественного взноса на иные цели, не связанные с капитальными вложениями</oos:name><oos:parentCode>820</oos:parentCode><oos:actual>false</oos:actual></nsiKVR><nsiKVR><oos:code>823</oos:code><oos:name>Субсидии государственным корпорациям (компаниям) на иные цели</oos:name><oos:parentCode>820</oos:parentCode><oos:actual>false</oos:actual></nsiKVR><nsiKVR><oos:code>830</oos:code><oos:name>Исполнение судебных актов</oos:name><oos:parentCode>800</oos:parentCode><oos:actual>true</oos:actual></nsiKVR><nsiKVR><oos:code>831</oos:code><oos:name>Исполнение судебных актов Российской Федерации и мировых соглашений по возмещению вреда, причиненного в результате незаконных действий (бездействия) органов государственной власти (государственных органов), органов местного самоуправления либо должностных лиц этих органов, а также в результате деятельности казенных учреждений</oos:name><oos:parentCode>830</oos:parentCode><oos:actual>false</oos:actual></nsiKVR><nsiKVR><oos:code>832</oos:code><oos:name>Исполнение судебных актов судебных органов иностранных государств, международных судов и арбитражей, определяемых международными договорами Российской Федерации, в результате незаконных действий (бездействия) органов государственной власти (государственных органов) либо должностных лиц этих органов, мировых соглашений, заключенных в рамках судебных процессов в судебных органах иностранных государств, в международных судах и арбитражах</oos:name><oos:parentCode>830</oos:parentCode><oos:actual>false</oos:actual></nsiKVR><nsiKVR><oos:code>840</oos:code><oos:name>Исполнение государственных (муниципальных) гарантий без права регрессного требования гаранта к принципалу или уступки гаранту прав требования бенефициара к принципалу</oos:name><oos:parentCode>800</oos:parentCode><oos:actual>true</oos:actual></nsiKVR><nsiKVR><oos:code>841</oos:code><oos:name>Исполнение государственных гарантий Российской Федерации</oos:name><oos:parentCode>840</oos:parentCode><oos:actual>true</oos:actual></nsiKVR><nsiKVR><oos:code>842</oos:code><oos:name>Исполнение государственных гарантий субъекта Российской Федерации</oos:name><oos:parentCode>840</oos:parentCode><oos:actual>true</oos:actual></nsiKVR><nsiKVR><oos:code>843</oos:code><oos:name>Исполнение муниципальных гарантий</oos:name><oos:parentCode>840</oos:parentCode><oos:actual>true</oos:actual></nsiKVR><nsiKVR><oos:code>850</oos:code><oos:name>Уплата налогов, сборов и иных платежей</oos:name><oos:parentCode>800</oos:parentCode><oos:actual>true</oos:actual></nsiKVR><nsiKVR><oos:code>851</oos:code><oos:name>Уплата налога на имущество организаций и земельного налога</oos:name><oos:parentCode>850</oos:parentCode><oos:actual>true</oos:actual></nsiKVR><nsiKVR><oos:code>852</oos:code><oos:name>Уплата прочих налогов, сборов</oos:name><oos:parentCode>850</oos:parentCode><oos:actual>true</oos:actual></nsiKVR><nsiKVR><oos:code>853</oos:code><oos:name>Уплата иных платежей</oos:name><oos:parentCode>850</oos:parentCode><oos:actual>true</oos:actual></nsiKVR><nsiKVR><oos:code>860</oos:code><oos:name>Предоставление платежей, взносов, безвозмездных перечислений субъектам международного права</oos:name><oos:parentCode>800</oos:parentCode><oos:actual>true</oos:actual></nsiKVR><nsiKVR><oos:code>861</oos:code><oos:name>Безвозмездные перечисления субъектам международного права</oos:name><oos:parentCode>860</oos:parentCode><oos:actual>true</oos:actual></nsiKVR><nsiKVR><oos:code>862</oos:code><oos:name>Взносы в международные организации</oos:name><oos:parentCode>860</oos:parentCode><oos:actual>true</oos:actual></nsiKVR><nsiKVR><oos:code>863</oos:code><oos:name>Платежи в целях обеспечения реализации соглашений с правительствами иностранных государств и международными организациями</oos:name><oos:parentCode>860</oos:parentCode><oos:actual>false</oos:actual></nsiKVR><nsiKVR><oos:code>870</oos:code><oos:name>Резервные средства</oos:name><oos:parentCode>800</oos:parentCode><oos:actual>true</oos:actual></nsiKVR><nsiKVR><oos:code>880</oos:code><oos:name>Специальные расходы</oos:name><oos:parentCode>800</oos:parentCode><oos:actual>true</oos:actual></nsiKVR><nsiKVR><oos:code>119</oos:code><oos:name>Взносы по обязательному социальному страхованию на выплаты по оплате труда работников и иные выплаты работникам учреждений</oos:name><oos:parentCode>110</oos:parentCode><oos:actual>true</oos:actual></nsiKVR><nsiKVR><oos:code>129</oos:code><oos:name>Взносы по обязательному социальному страхованию на выплаты денежного содержания и иные выплаты работникам государственных (муниципальных) органов</oos:name><oos:parentCode>120</oos:parentCode><oos:actual>true</oos:actual></nsiKVR><nsiKVR><oos:code>139</oos:code><oos:name>Взносы по обязательному социальному страхованию на выплаты по оплате труда лиц, принимаемых на должности стажеров</oos:name><oos:parentCode>130</oos:parentCode><oos:actual>false</oos:actual></nsiKVR><nsiKVR><oos:code>149</oos:code><oos:name>Взносы по обязательному социальному страхованию на выплаты по оплате труда работников и иные выплаты работникам государственных внебюджетных фондов</oos:name><oos:parentCode>140</oos:parentCode><oos:actual>true</oos:actual></nsiKVR><nsiKVR><oos:code>416</oos:code><oos:name>Капитальные вложения на приобретение объектов недвижимого имущества государственными (муниципальными) учреждениями</oos:name><oos:parentCode>410</oos:parentCode><oos:actual>false</oos:actual></nsiKVR><nsiKVR><oos:code>417</oos:code><oos:name>Капитальные вложения на строительство объектов недвижимого имущества государственными (муниципальными) учреждениями</oos:name><oos:parentCode>410</oos:parentCode><oos:actual>false</oos:actual></nsiKVR><nsiKVR><oos:code>407</oos:code><oos:name>Строительство (реконструкция) объектов недвижимого имущества государственными (муниципальными) учреждениями</oos:name><oos:parentCode>400</oos:parentCode><oos:actual>false</oos:actual></nsiKVR><nsiKVR><oos:code>814</oos:code><oos:name>Иные субсидии юридическим лицам (кроме некоммерческих организаций), индивидуальным предпринимателям, физическим лицам - производителям товаров, работ, услуг</oos:name><oos:parentCode>810</oos:parentCode><oos:actual>false</oos:actual></nsiKVR><nsiKVR><oos:code>324</oos:code><oos:name>Страховые взносы на обязательное медицинское страхование неработающего населения</oos:name><oos:parentCode>320</oos:parentCode><oos:actual>true</oos:actual></nsiKVR><nsiKVR><oos:code>406</oos:code><oos:name>Приобретение объектов недвижимого имущества государственными (муниципальными) учреждениями</oos:name><oos:parentCode>400</oos:parentCode><oos:actual>false</oos:actual></nsiKVR><nsiKVR><oos:code>453</oos:code><oos:name>Бюджетные инвестиции иным юридическим лицам в объекты капитального строительства дочерних обществ</oos:name><oos:parentCode>450</oos:parentCode><oos:actual>true</oos:actual></nsiKVR><nsiKVR><oos:code>631</oos:code><oos:name>Субсидии на возмещение недополученных доходов и (или) возмещение фактически понесенных затрат в связи с производством (реализацией) товаров, выполнением работ, оказанием услуг</oos:name><oos:parentCode>630</oos:parentCode><oos:actual>false</oos:actual></nsiKVR><nsiKVR><oos:code>523</oos:code><oos:name>Консолидированные субсидии</oos:name><oos:parentCode>520</oos:parentCode><oos:actual>true</oos:actual></nsiKVR><nsiKVR><oos:code>632</oos:code><oos:name>Субсидии (гранты в форме субсидий) на финансовое обеспечение затрат в связи с производством (реализацией) товаров, выполнением работ, оказанием услуг, порядком (правилами) предоставления которых установлено требование о последующем подтверждении их использования в соответствии с условиями</oos:name><oos:parentCode>630</oos:parentCode><oos:actual>false</oos:actual></nsiKVR><nsiKVR><oos:code>633</oos:code><oos:name>Субсидии (гранты в форме субсидий) на финансовое обеспечение затрат в связи с производством (реализацией) товаров, выполнением работ, оказанием услуг, порядком (правилами) предоставления которых не установлены требования о последующем подтверждении их использования в соответствии с условиями и (или) целями предоставления</oos:name><oos:parentCode>630</oos:parentCode><oos:actual>false</oos:actual></nsiKVR><nsiKVR><oos:code>634</oos:code><oos:name>Иные субсидии некоммерческим организациям (за исключением государственных (муниципальных) учреждений)</oos:name><oos:parentCode>630</oos:parentCode><oos:actual>false</oos:actual></nsiKVR><nsiKVR><oos:code>811</oos:code><oos:name>Субсидии на возмещение недополученных доходов и (или) возмещение фактически понесенных затрат в связи с производством (реализацией) товаров, выполнением работ, оказанием услуг</oos:name><oos:parentCode>810</oos:parentCode><oos:actual>true</oos:actual></nsiKVR><nsiKVR><oos:code>812</oos:code><oos:name>Субсидии (гранты в форме субсидий) на финансовое обеспечение затрат в связи с производством (реализацией товаров), выполнением работ, оказанием услуг, порядком (правилами) предоставления которых установлено требование о последующем подтверждении их использования в соответствии с условиями и (или) целями предоставления</oos:name><oos:parentCode>810</oos:parentCode><oos:actual>false</oos:actual></nsiKVR><nsiKVR><oos:code>813</oos:code><oos:name>Субсидии (гранты в форме субсидий) на финансовое обеспечение затрат в связи с производством (реализацией) товаров, выполнением работ, оказанием услуг, порядком (правилами) предоставления которых не установлены требования о последующем подтверждении их использования в соответствии с условиями и (или) целями предоставления</oos:name><oos:parentCode>810</oos:parentCode><oos:actual>false</oos:actual></nsiKVR><nsiKVR><oos:code>825</oos:code><oos:name>Субсидии государственным корпорациям (компаниям) в виде имущественного взноса на осуществление капитальных вложений в объекты дочерних обществ</oos:name><oos:parentCode>820</oos:parentCode><oos:actual>false</oos:actual></nsiKVR><nsiKVR><oos:code>815</oos:code><oos:name>Субсидии юридическим лицам на осуществление капитальных вложений в объекты недвижимого имущества</oos:name><oos:parentCode>810</oos:parentCode><oos:actual>true</oos:actual></nsiKVR><nsiKVR><oos:code>824</oos:code><oos:name>Субсидии государственным корпорациям (компаниям), публично-правовым компаниям на иные цели</oos:name><oos:actual>true</oos:actual></nsiKVR><nsiKVR><oos:code>134</oos:code><oos:name>Иные выплаты военнослужащим и сотрудникам, имеющим специальные звания</oos:name><oos:parentCode>130</oos:parentCode><oos:actual>true</oos:actual></nsiKVR><nsiKVR><oos:code>139</oos:code><oos:name>Взносы по обязательному социальному страхованию на выплаты по оплате труда (денежное содержание) гражданских лиц</oos:name><oos:parentCode>130</oos:parentCode><oos:actual>true</oos:actual></nsiKVR><nsiKVR><oos:code>211</oos:code><oos:name>Поставка вооружения, военной и специальной техники и военно-технического имущества в рамках государственного оборонного заказа в целях обеспечения государственной программы вооружения</oos:name><oos:parentCode>210</oos:parentCode><oos:actual>true</oos:actual></nsiKVR><nsiKVR><oos:code>212</oos:code><oos:name>Поставка вооружения, военной и специальной техники и военно-технического имущества в рамках государственного оборонного заказа вне государственной программы вооружения</oos:name><oos:parentCode>210</oos:parentCode><oos:actual>true</oos:actual></nsiKVR><nsiKVR><oos:code>213</oos:code><oos:name>Поставка товаров, работ и услуг для обеспечения государственных нужд в области геодезии и картографии в рамках государственного оборонного заказа</oos:name><oos:parentCode>210</oos:parentCode><oos:actual>true</oos:actual></nsiKVR><nsiKVR><oos:code>214</oos:code><oos:name>Ремонт вооружения, военной и специальной техники и военно-технического имущества в рамках государственного оборонного заказа в целях обеспечения государственной программы вооружения</oos:name><oos:parentCode>210</oos:parentCode><oos:actual>true</oos:actual></nsiKVR><nsiKVR><oos:code>215</oos:code><oos:name>Ремонт вооружения, военной и специальной техники и военно-технического имущества в рамках государственного оборонного заказа вне государственной программы вооружения</oos:name><oos:parentCode>210</oos:parentCode><oos:actual>true</oos:actual></nsiKVR><nsiKVR><oos:code>216</oos:code><oos:name>Фундаментальные исследования в интересах обеспечения обороны и национальной безопасности Российской Федерации в рамках государственного оборонного заказа в целях обеспечения государственной программы вооружения</oos:name><oos:parentCode>210</oos:parentCode><oos:actual>true</oos:actual></nsiKVR><nsiKVR><oos:code>217</oos:code><oos:name>Исследования в области разработки вооружения, военной и специальной техники и военно-технического имущества в рамках государственного оборонного заказа в целях обеспечения государственной программы вооружения</oos:name><oos:parentCode>210</oos:parentCode><oos:actual>true</oos:actual></nsiKVR><nsiKVR><oos:code>218</oos:code><oos:name>Исследования в области разработки вооружения, военной и специальной техники и военно-технического имущества в рамках государственного оборонного заказа вне государственной программы вооружения</oos:name><oos:parentCode>210</oos:parentCode><oos:actual>true</oos:actual></nsiKVR><nsiKVR><oos:code>219</oos:code><oos:name>Поставка продукции (работ, услуг) в целях обеспечения заданий государственного оборонного заказа</oos:name><oos:parentCode>210</oos:parentCode><oos:actual>true</oos:actual></nsiKVR><nsiKVR><oos:code>221</oos:code><oos:name>Обеспечение топливом и горюче-смазочными материалами в рамках государственного оборонного заказа</oos:name><oos:parentCode>220</oos:parentCode><oos:actual>true</oos:actual></nsiKVR><nsiKVR><oos:code>244</oos:code><oos:name>Прочая закупка товаров, работ и услуг</oos:name><oos:parentCode>240</oos:parentCode><oos:actual>true</oos:actual></nsiKVR><nsiKVR><oos:code>406</oos:code><oos:name>Приобретение объектов недвижимого имущества государственными (муниципальными) бюджетными и автономными учреждениями</oos:name><oos:parentCode>400</oos:parentCode><oos:actual>true</oos:actual></nsiKVR><nsiKVR><oos:code>407</oos:code><oos:name>Строительство (реконструкция) объектов недвижимого имущества государственными (муниципальными) бюджетными и автономными учреждениями</oos:name><oos:parentCode>400</oos:parentCode><oos:actual>true</oos:actual></nsiKVR><nsiKVR><oos:code>460</oos:code><oos:name>Субсидии бюджетным и автономным учреждениям, государственным (муниципальным) унитарным предприятиям на осуществление капитальных вложений в объекты капитального строительства государственной (муниципальной) собственности или приобретение объектов недвижимого имущества в государственную (муниципальную) собственность</oos:name><oos:parentCode>400</oos:parentCode><oos:actual>true</oos:actual></nsiKVR><nsiKVR><oos:code>631</oos:code><oos:name>Субсидии на возмещение недополученных доходов и (или) возмещение фактически понесенных затрат</oos:name><oos:parentCode>630</oos:parentCode><oos:actual>true</oos:actual></nsiKVR><nsiKVR><oos:code>632</oos:code><oos:name>Субсидии (гранты в форме субсидий), подлежащие казначейскому сопровождению</oos:name><oos:parentCode>630</oos:parentCode><oos:actual>true</oos:actual></nsiKVR><nsiKVR><oos:code>633</oos:code><oos:name>Субсидии (гранты в форме субсидий), не подлежащие казначейскому сопровождению</oos:name><oos:parentCode>630</oos:parentCode><oos:actual>true</oos:actual></nsiKVR><nsiKVR><oos:code>634</oos:code><oos:name>Гранты иным некоммерческим организациям</oos:name><oos:parentCode>630</oos:parentCode><oos:actual>true</oos:actual></nsiKVR><nsiKVR><oos:code>812</oos:code><oos:name>Субсидии (гранты в форме субсидий) на финансовое обеспечение затрат в связи с производством (реализацией товаров), выполнением работ, оказанием услуг, подлежащие казначейскому сопровождению</oos:name><oos:parentCode>810</oos:parentCode><oos:actual>true</oos:actual></nsiKVR><nsiKVR><oos:code>813</oos:code><oos:name>Субсидии (гранты в форме субсидий) на финансовое обеспечение затрат в связи с производством (реализацией) товаров, выполнением работ, оказанием услуг, не подлежащие казначейскому сопровождению</oos:name><oos:parentCode>810</oos:parentCode><oos:actual>true</oos:actual></nsiKVR><nsiKVR><oos:code>814</oos:code><oos:name>Гранты юридическим лицам (кроме некоммерческих организаций), индивидуальным предпринимателям</oos:name><oos:parentCode>810</oos:parentCode><oos:actual>true</oos:actual></nsiKVR><nsiKVR><oos:code>820</oos:code><oos:name>Субсидии государственным корпорациям (компаниям), публично-правовым компаниям</oos:name><oos:parentCode>800</oos:parentCode><oos:actual>true</oos:actual></nsiKVR><nsiKVR><oos:code>821</oos:code><oos:name>Субсидии государственным корпорациям (компаниям), публично-правовым компаниям на осуществление капитальных вложений в объекты государственных корпораций (компаний), публично-правовых компаний</oos:name><oos:parentCode>820</oos:parentCode><oos:actual>true</oos:actual></nsiKVR><nsiKVR><oos:code>822</oos:code><oos:name>Субсидии государственным корпорациям (компаниям), публично-правовым компаниям в виде имущественного взноса Российской Федерации на иные цели, не связанные с капитальными вложениями</oos:name><oos:parentCode>820</oos:parentCode><oos:actual>true</oos:actual></nsiKVR><nsiKVR><oos:code>823</oos:code><oos:name>Субсидии государственным корпорациям (компаниям), публично-правовым компаниям на выполнение возложенных на них государственных полномочий</oos:name><oos:parentCode>820</oos:parentCode><oos:actual>true</oos:actual></nsiKVR><nsiKVR><oos:code>825</oos:code><oos:name>Субсидии государственным корпорациям (компаниям), публично-правовым компаниям на осуществление капитальных вложений в объекты дочерних обществ</oos:name><oos:parentCode>820</oos:parentCode><oos:actual>true</oos:actual></nsiKVR><nsiKVR><oos:code>831</oos:code><oos:name>Исполнение судебных актов Российской Федерации и мировых соглашений по возмещению причиненного вреда</oos:name><oos:parentCode>830</oos:parentCode><oos:actual>true</oos:actual></nsiKVR><nsiKVR><oos:code>832</oos:code><oos:name>Исполнение судебных актов судебных органов иностранных государств, международных судов и арбитражей, мировых соглашений, заключенных в рамках судебных процессов в судебных органах иностранных государств, в международных судах и арбитражах</oos:name><oos:parentCode>830</oos:parentCode><oos:actual>true</oos:actual></nsiKVR><nsiKVR><oos:code>863</oos:code><oos:name>Платежи в целях обеспечения реализации соглашений по обязательствам Российской Федерации перед иностранными государствами и международными организациями</oos:name><oos:parentCode>860</oos:parentCode><oos:actual>true</oos:actual></nsiKVR><nsiKVR><oos:code>000</oos:code><oos:name>Не указано</oos:name><oos:actual>false</oos:actual></nsiKVR><nsiKVR><oos:code>454</oos:code><oos:name>Бюджетные инвестиции иным юридическим лицам в объекты капитального строительства в рамках государственного оборонного заказа</oos:name><oos:actual>true</oos:actual></nsiKVR><nsiKVR><oos:code>247</oos:code><oos:name>Закупка энергетических ресурсов</oos:name><oos:parentCode>240</oos:parentCode><oos:actual>true</oos:actual></nsiKVR><nsiKVR><oos:code>246</oos:code><oos:name>Закупка товаров, работ, услуг в целях создания, развития, эксплуатации и вывода из эксплуатации государственных информационных систем</oos:name><oos:parentCode>240</oos:parentCode><oos:actual>true</oos:actual></nsiKVR></nsiKVRList></export>