<?xml version="1.0" encoding="UTF-8"?><export xmlns:xsi="http://www.w3.org/2001/XMLSchema-instance" xmlns="http://zakupki.gov.ru/oos/export/1" xmlns:oos="http://zakupki.gov.ru/oos/types/1"><nsiCurrencyList><nsiCurrency><oos:code>RUB</oos:code><oos:digitalCode>643</oos:digitalCode><oos:name>Российский рубль</oos:name><oos:actual>true</oos:actual></nsiCurrency><nsiCurrency><oos:code>EUR</oos:code><oos:digitalCode>978</oos:digitalCode><oos:name>Евро</oos:name><oos:actual>true</oos:actual></nsiCurrency><nsiCurrency><oos:code>USD</oos:code><oos:digitalCode>840</oos:digitalCode><oos:name>Доллар США</oos:name><oos:actual>true</oos:actual></nsiCurrency><nsiCurrency><oos:code>XOF</oos:code><oos:digitalCode>952</oos:digitalCode><oos:name>Франк КФА ВСЕАО</oos:name><oos:actual>true</oos:actual></nsiCurrency><nsiCurrency><oos:code>XPF</oos:code><oos:digitalCode>953</oos:digitalCode><oos:name>Франк КФП</oos:name><oos:actual>true</oos:actual></nsiCurrency><nsiCurrency><oos:code>XDR</oos:code><oos:digitalCode>960</oos:digitalCode><oos:name>СДР (специальные права заимствования)</oos:name><oos:actual>true</oos:actual></nsiCurrency><nsiCurrency><oos:code>SRD</oos:code><oos:digitalCode>968</oos:digitalCode><oos:name>Суринамский доллар</oos:name><oos:actual>true</oos:actual></nsiCurrency><nsiCurrency><oos:code>MGA</oos:code><oos:digitalCode>969</oos:digitalCode><oos:name>Малагасийский ариари</oos:name><oos:actual>true</oos:actual></nsiCurrency><nsiCurrency><oos:code>COU</oos:code><oos:digitalCode>970</oos:digitalCode><oos:name>Единица реальной стоимости</oos:name><oos:actual>true</oos:actual></nsiCurrency><nsiCurrency><oos:code>AFN</oos:code><oos:digitalCode>971</oos:digitalCode><oos:name>Афгани</oos:name><oos:actual>true</oos:actual></nsiCurrency><nsiCurrency><oos:code>TJS</oos:code><oos:digitalCode>972</oos:digitalCode><oos:name>Сомони</oos:name><oos:actual>true</oos:actual></nsiCurrency><nsiCurrency><oos:code>AOA</oos:code><oos:digitalCode>973</oos:digitalCode><oos:name>Кванза</oos:name><oos:actual>true</oos:actual></nsiCurrency><nsiCurrency><oos:code>BYR</oos:code><oos:digitalCode>974</oos:digitalCode><oos:name>-sde==ёёOFT ==сdn</oos:name><oos:actual>false</oos:actual></nsiCurrency><nsiCurrency><oos:code>BGN</oos:code><oos:digitalCode>975</oos:digitalCode><oos:name>Болгарский лев</oos:name><oos:actual>true</oos:actual></nsiCurrency><nsiCurrency><oos:code>CDF</oos:code><oos:digitalCode>976</oos:digitalCode><oos:name>Конголезский франк</oos:name><oos:actual>true</oos:actual></nsiCurrency><nsiCurrency><oos:code>BAM</oos:code><oos:digitalCode>977</oos:digitalCode><oos:name>Конвертируемая марка</oos:name><oos:actual>true</oos:actual></nsiCurrency><nsiCurrency><oos:code>UAH</oos:code><oos:digitalCode>980</oos:digitalCode><oos:name>Гривна</oos:name><oos:actual>true</oos:actual></nsiCurrency><nsiCurrency><oos:code>GEL</oos:code><oos:digitalCode>981</oos:digitalCode><oos:name>Лари</oos:name><oos:actual>true</oos:actual></nsiCurrency><nsiCurrency><oos:code>PLN</oos:code><oos:digitalCode>985</oos:digitalCode><oos:name>Злотый</oos:name><oos:actual>true</oos:actual></nsiCurrency><nsiCurrency><oos:code>BRL</oos:code><oos:digitalCode>986</oos:digitalCode><oos:name>Бразильский реал</oos:name><oos:actual>true</oos:actual></nsiCurrency><nsiCurrency><oos:code>ALL</oos:code><oos:digitalCode>008</oos:digitalCode><oos:name>Лек</oos:name><oos:actual>true</oos:actual></nsiCurrency><nsiCurrency><oos:code>DZD</oos:code><oos:digitalCode>012</oos:digitalCode><oos:name>Алжирский динар</oos:name><oos:actual>true</oos:actual></nsiCurrency><nsiCurrency><oos:code>ARS</oos:code><oos:digitalCode>032</oos:digitalCode><oos:name>Аргентинское песо</oos:name><oos:actual>true</oos:actual></nsiCurrency><nsiCurrency><oos:code>AUD</oos:code><oos:digitalCode>036</oos:digitalCode><oos:name>Австралийский доллар</oos:name><oos:actual>true</oos:actual></nsiCurrency><nsiCurrency><oos:code>BSD</oos:code><oos:digitalCode>044</oos:digitalCode><oos:name>Багамский доллар</oos:name><oos:actual>true</oos:actual></nsiCurrency><nsiCurrency><oos:code>BHD</oos:code><oos:digitalCode>048</oos:digitalCode><oos:name>Бахрейнский динар</oos:name><oos:actual>true</oos:actual></nsiCurrency><nsiCurrency><oos:code>BDT</oos:code><oos:digitalCode>050</oos:digitalCode><oos:name>Така</oos:name><oos:actual>true</oos:actual></nsiCurrency><nsiCurrency><oos:code>AMD</oos:code><oos:digitalCode>051</oos:digitalCode><oos:name>Армянский драм</oos:name><oos:actual>true</oos:actual></nsiCurrency><nsiCurrency><oos:code>BBD</oos:code><oos:digitalCode>052</oos:digitalCode><oos:name>Барбадосский доллар</oos:name><oos:actual>true</oos:actual></nsiCurrency><nsiCurrency><oos:code>BMD</oos:code><oos:digitalCode>060</oos:digitalCode><oos:name>Бермудский доллар</oos:name><oos:actual>true</oos:actual></nsiCurrency><nsiCurrency><oos:code>BTN</oos:code><oos:digitalCode>064</oos:digitalCode><oos:name>Нгултрум</oos:name><oos:actual>true</oos:actual></nsiCurrency><nsiCurrency><oos:code>BOB</oos:code><oos:digitalCode>068</oos:digitalCode><oos:name>Боливиано</oos:name><oos:actual>true</oos:actual></nsiCurrency><nsiCurrency><oos:code>BWP</oos:code><oos:digitalCode>072</oos:digitalCode><oos:name>Пула</oos:name><oos:actual>true</oos:actual></nsiCurrency><nsiCurrency><oos:code>BZD</oos:code><oos:digitalCode>084</oos:digitalCode><oos:name>Белизский доллар</oos:name><oos:actual>true</oos:actual></nsiCurrency><nsiCurrency><oos:code>SBD</oos:code><oos:digitalCode>090</oos:digitalCode><oos:name>Доллар Соломоновых Островов</oos:name><oos:actual>true</oos:actual></nsiCurrency><nsiCurrency><oos:code>BND</oos:code><oos:digitalCode>096</oos:digitalCode><oos:name>Брунейский доллар</oos:name><oos:actual>true</oos:actual></nsiCurrency><nsiCurrency><oos:code>MMK</oos:code><oos:digitalCode>104</oos:digitalCode><oos:name>Кьят</oos:name><oos:actual>true</oos:actual></nsiCurrency><nsiCurrency><oos:code>BIF</oos:code><oos:digitalCode>108</oos:digitalCode><oos:name>Бурундийский франк</oos:name><oos:actual>true</oos:actual></nsiCurrency><nsiCurrency><oos:code>KHR</oos:code><oos:digitalCode>116</oos:digitalCode><oos:name>Риель</oos:name><oos:actual>true</oos:actual></nsiCurrency><nsiCurrency><oos:code>CAD</oos:code><oos:digitalCode>124</oos:digitalCode><oos:name>Канадский доллар</oos:name><oos:actual>true</oos:actual></nsiCurrency><nsiCurrency><oos:code>CVE</oos:code><oos:digitalCode>132</oos:digitalCode><oos:name>Эскудо Кабо-Верде</oos:name><oos:actual>true</oos:actual></nsiCurrency><nsiCurrency><oos:code>KYD</oos:code><oos:digitalCode>136</oos:digitalCode><oos:name>Доллар Островов Кайман</oos:name><oos:actual>true</oos:actual></nsiCurrency><nsiCurrency><oos:code>LKR</oos:code><oos:digitalCode>144</oos:digitalCode><oos:name>Шри-ланкийская рупия</oos:name><oos:actual>true</oos:actual></nsiCurrency><nsiCurrency><oos:code>CLР</oos:code><oos:digitalCode>152</oos:digitalCode><oos:name>Чилийское песо</oos:name><oos:actual>true</oos:actual></nsiCurrency><nsiCurrency><oos:code>CNY</oos:code><oos:digitalCode>156</oos:digitalCode><oos:name>Юань</oos:name><oos:actual>true</oos:actual></nsiCurrency><nsiCurrency><oos:code>COP</oos:code><oos:digitalCode>170</oos:digitalCode><oos:name>Колумбийское песо</oos:name><oos:actual>true</oos:actual></nsiCurrency><nsiCurrency><oos:code>KMF</oos:code><oos:digitalCode>174</oos:digitalCode><oos:name>Коморский франк</oos:name><oos:actual>true</oos:actual></nsiCurrency><nsiCurrency><oos:code>CRC</oos:code><oos:digitalCode>188</oos:digitalCode><oos:name>Коста-риканский колон</oos:name><oos:actual>true</oos:actual></nsiCurrency><nsiCurrency><oos:code>HRK</oos:code><oos:digitalCode>191</oos:digitalCode><oos:name>Куна</oos:name><oos:actual>true</oos:actual></nsiCurrency><nsiCurrency><oos:code>CUP</oos:code><oos:digitalCode>192</oos:digitalCode><oos:name>Кубинское песо</oos:name><oos:actual>true</oos:actual></nsiCurrency><nsiCurrency><oos:code>CZK</oos:code><oos:digitalCode>203</oos:digitalCode><oos:name>Чешская крона</oos:name><oos:actual>true</oos:actual></nsiCurrency><nsiCurrency><oos:code>DKK</oos:code><oos:digitalCode>208</oos:digitalCode><oos:name>Датская крона</oos:name><oos:actual>true</oos:actual></nsiCurrency><nsiCurrency><oos:code>DOP</oos:code><oos:digitalCode>214</oos:digitalCode><oos:name>Доминиканское песо</oos:name><oos:actual>true</oos:actual></nsiCurrency><nsiCurrency><oos:code>SVC</oos:code><oos:digitalCode>222</oos:digitalCode><oos:name>Сальвадорский колон</oos:name><oos:actual>true</oos:actual></nsiCurrency><nsiCurrency><oos:code>ETB</oos:code><oos:digitalCode>230</oos:digitalCode><oos:name>Эфиопский быр</oos:name><oos:actual>true</oos:actual></nsiCurrency><nsiCurrency><oos:code>ERN</oos:code><oos:digitalCode>232</oos:digitalCode><oos:name>Накфа</oos:name><oos:actual>true</oos:actual></nsiCurrency><nsiCurrency><oos:code>EEK</oos:code><oos:digitalCode>233</oos:digitalCode><oos:name>Крона</oos:name><oos:actual>true</oos:actual></nsiCurrency><nsiCurrency><oos:code>FKP</oos:code><oos:digitalCode>238</oos:digitalCode><oos:name>Фунт Фолклендских островов</oos:name><oos:actual>true</oos:actual></nsiCurrency><nsiCurrency><oos:code>FJD</oos:code><oos:digitalCode>242</oos:digitalCode><oos:name>Доллар Фиджи</oos:name><oos:actual>true</oos:actual></nsiCurrency><nsiCurrency><oos:code>DJF</oos:code><oos:digitalCode>262</oos:digitalCode><oos:name>Франк Джибути</oos:name><oos:actual>true</oos:actual></nsiCurrency><nsiCurrency><oos:code>GMD</oos:code><oos:digitalCode>270</oos:digitalCode><oos:name>Даласи</oos:name><oos:actual>true</oos:actual></nsiCurrency><nsiCurrency><oos:code>GIP</oos:code><oos:digitalCode>292</oos:digitalCode><oos:name>Гибралтарский фунт</oos:name><oos:actual>true</oos:actual></nsiCurrency><nsiCurrency><oos:code>GTQ</oos:code><oos:digitalCode>320</oos:digitalCode><oos:name>Кетсаль</oos:name><oos:actual>true</oos:actual></nsiCurrency><nsiCurrency><oos:code>GNF</oos:code><oos:digitalCode>324</oos:digitalCode><oos:name>Гвинейский франк</oos:name><oos:actual>true</oos:actual></nsiCurrency><nsiCurrency><oos:code>GYD</oos:code><oos:digitalCode>328</oos:digitalCode><oos:name>Гайанский доллар</oos:name><oos:actual>true</oos:actual></nsiCurrency><nsiCurrency><oos:code>HTG</oos:code><oos:digitalCode>332</oos:digitalCode><oos:name>Гурд</oos:name><oos:actual>true</oos:actual></nsiCurrency><nsiCurrency><oos:code>HNL</oos:code><oos:digitalCode>340</oos:digitalCode><oos:name>Лемпира</oos:name><oos:actual>true</oos:actual></nsiCurrency><nsiCurrency><oos:code>HKD</oos:code><oos:digitalCode>344</oos:digitalCode><oos:name>Гонконгский доллар</oos:name><oos:actual>true</oos:actual></nsiCurrency><nsiCurrency><oos:code>HUF</oos:code><oos:digitalCode>348</oos:digitalCode><oos:name>Форинт</oos:name><oos:actual>true</oos:actual></nsiCurrency><nsiCurrency><oos:code>ISK</oos:code><oos:digitalCode>352</oos:digitalCode><oos:name>Исландская крона</oos:name><oos:actual>true</oos:actual></nsiCurrency><nsiCurrency><oos:code>INR</oos:code><oos:digitalCode>356</oos:digitalCode><oos:name>Индийская рупия</oos:name><oos:actual>true</oos:actual></nsiCurrency><nsiCurrency><oos:code>IDR</oos:code><oos:digitalCode>360</oos:digitalCode><oos:name>Рупия</oos:name><oos:actual>true</oos:actual></nsiCurrency><nsiCurrency><oos:code>IRR</oos:code><oos:digitalCode>364</oos:digitalCode><oos:name>Иранский риал</oos:name><oos:actual>true</oos:actual></nsiCurrency><nsiCurrency><oos:code>IQD</oos:code><oos:digitalCode>368</oos:digitalCode><oos:name>Иракский динар</oos:name><oos:actual>true</oos:actual></nsiCurrency><nsiCurrency><oos:code>ILS</oos:code><oos:digitalCode>376</oos:digitalCode><oos:name>Новый израильский шекель</oos:name><oos:actual>true</oos:actual></nsiCurrency><nsiCurrency><oos:code>JMD</oos:code><oos:digitalCode>388</oos:digitalCode><oos:name>Ямайский доллар</oos:name><oos:actual>true</oos:actual></nsiCurrency><nsiCurrency><oos:code>JPY</oos:code><oos:digitalCode>392</oos:digitalCode><oos:name>Иена</oos:name><oos:actual>true</oos:actual></nsiCurrency><nsiCurrency><oos:code>KZT</oos:code><oos:digitalCode>398</oos:digitalCode><oos:name>Тенге</oos:name><oos:actual>true</oos:actual></nsiCurrency><nsiCurrency><oos:code>JOD</oos:code><oos:digitalCode>400</oos:digitalCode><oos:name>Иорданский динар</oos:name><oos:actual>true</oos:actual></nsiCurrency><nsiCurrency><oos:code>KES</oos:code><oos:digitalCode>404</oos:digitalCode><oos:name>Кенийский шиллинг</oos:name><oos:actual>true</oos:actual></nsiCurrency><nsiCurrency><oos:code>KPW</oos:code><oos:digitalCode>408</oos:digitalCode><oos:name>Северокорейская вона</oos:name><oos:actual>true</oos:actual></nsiCurrency><nsiCurrency><oos:code>KRW</oos:code><oos:digitalCode>410</oos:digitalCode><oos:name>Вона</oos:name><oos:actual>true</oos:actual></nsiCurrency><nsiCurrency><oos:code>KWD</oos:code><oos:digitalCode>414</oos:digitalCode><oos:name>Кувейтский динар</oos:name><oos:actual>true</oos:actual></nsiCurrency><nsiCurrency><oos:code>KGS</oos:code><oos:digitalCode>417</oos:digitalCode><oos:name>Сом</oos:name><oos:actual>true</oos:actual></nsiCurrency><nsiCurrency><oos:code>LAK</oos:code><oos:digitalCode>418</oos:digitalCode><oos:name>Лаосский кип</oos:name><oos:actual>true</oos:actual></nsiCurrency><nsiCurrency><oos:code>LBP</oos:code><oos:digitalCode>422</oos:digitalCode><oos:name>Ливанский фунт</oos:name><oos:actual>true</oos:actual></nsiCurrency><nsiCurrency><oos:code>LSL</oos:code><oos:digitalCode>426</oos:digitalCode><oos:name>Лоти</oos:name><oos:actual>true</oos:actual></nsiCurrency><nsiCurrency><oos:code>LVL</oos:code><oos:digitalCode>428</oos:digitalCode><oos:name>Латвийский лат</oos:name><oos:actual>true</oos:actual></nsiCurrency><nsiCurrency><oos:code>LRD</oos:code><oos:digitalCode>430</oos:digitalCode><oos:name>Либерийский доллар</oos:name><oos:actual>true</oos:actual></nsiCurrency><nsiCurrency><oos:code>LYD</oos:code><oos:digitalCode>434</oos:digitalCode><oos:name>Ливийский динар</oos:name><oos:actual>true</oos:actual></nsiCurrency><nsiCurrency><oos:code>LTL</oos:code><oos:digitalCode>440</oos:digitalCode><oos:name>Литовский лит</oos:name><oos:actual>true</oos:actual></nsiCurrency><nsiCurrency><oos:code>MOP</oos:code><oos:digitalCode>446</oos:digitalCode><oos:name>Патака</oos:name><oos:actual>true</oos:actual></nsiCurrency><nsiCurrency><oos:code>MWK</oos:code><oos:digitalCode>454</oos:digitalCode><oos:name>Малавийская квача</oos:name><oos:actual>true</oos:actual></nsiCurrency><nsiCurrency><oos:code>MYR</oos:code><oos:digitalCode>458</oos:digitalCode><oos:name>Малайзийский ринггит</oos:name><oos:actual>true</oos:actual></nsiCurrency><nsiCurrency><oos:code>MVR</oos:code><oos:digitalCode>462</oos:digitalCode><oos:name>Руфия</oos:name><oos:actual>true</oos:actual></nsiCurrency><nsiCurrency><oos:code>MRO</oos:code><oos:digitalCode>478</oos:digitalCode><oos:name>Угия</oos:name><oos:actual>false</oos:actual></nsiCurrency><nsiCurrency><oos:code>MUR</oos:code><oos:digitalCode>480</oos:digitalCode><oos:name>Маврикийская рупия</oos:name><oos:actual>true</oos:actual></nsiCurrency><nsiCurrency><oos:code>MXN</oos:code><oos:digitalCode>484</oos:digitalCode><oos:name>Мексиканское песо</oos:name><oos:actual>true</oos:actual></nsiCurrency><nsiCurrency><oos:code>MNT</oos:code><oos:digitalCode>496</oos:digitalCode><oos:name>Тугрик</oos:name><oos:actual>true</oos:actual></nsiCurrency><nsiCurrency><oos:code>MDL</oos:code><oos:digitalCode>498</oos:digitalCode><oos:name>Молдавский лей</oos:name><oos:actual>true</oos:actual></nsiCurrency><nsiCurrency><oos:code>MAD</oos:code><oos:digitalCode>504</oos:digitalCode><oos:name>Марокканский дирхам</oos:name><oos:actual>true</oos:actual></nsiCurrency><nsiCurrency><oos:code>OMR</oos:code><oos:digitalCode>512</oos:digitalCode><oos:name>Оманский риал</oos:name><oos:actual>true</oos:actual></nsiCurrency><nsiCurrency><oos:code>NAD</oos:code><oos:digitalCode>516</oos:digitalCode><oos:name>Доллар Намибии</oos:name><oos:actual>true</oos:actual></nsiCurrency><nsiCurrency><oos:code>NPR</oos:code><oos:digitalCode>524</oos:digitalCode><oos:name>Непальская рупия</oos:name><oos:actual>true</oos:actual></nsiCurrency><nsiCurrency><oos:code>ANG</oos:code><oos:digitalCode>532</oos:digitalCode><oos:name>Нидерландский антильский гульден</oos:name><oos:actual>true</oos:actual></nsiCurrency><nsiCurrency><oos:code>AWG</oos:code><oos:digitalCode>533</oos:digitalCode><oos:name>Арубанский флорин</oos:name><oos:actual>true</oos:actual></nsiCurrency><nsiCurrency><oos:code>VUV</oos:code><oos:digitalCode>548</oos:digitalCode><oos:name>Вату</oos:name><oos:actual>true</oos:actual></nsiCurrency><nsiCurrency><oos:code>NZD</oos:code><oos:digitalCode>554</oos:digitalCode><oos:name>Новозеландский доллар</oos:name><oos:actual>true</oos:actual></nsiCurrency><nsiCurrency><oos:code>NIO</oos:code><oos:digitalCode>558</oos:digitalCode><oos:name>Золотая кордоба</oos:name><oos:actual>true</oos:actual></nsiCurrency><nsiCurrency><oos:code>NGN</oos:code><oos:digitalCode>566</oos:digitalCode><oos:name>Найра</oos:name><oos:actual>true</oos:actual></nsiCurrency><nsiCurrency><oos:code>NOK</oos:code><oos:digitalCode>578</oos:digitalCode><oos:name>Норвежская крона</oos:name><oos:actual>true</oos:actual></nsiCurrency><nsiCurrency><oos:code>PKR</oos:code><oos:digitalCode>586</oos:digitalCode><oos:name>Пакистанская рупия</oos:name><oos:actual>true</oos:actual></nsiCurrency><nsiCurrency><oos:code>PAB</oos:code><oos:digitalCode>590</oos:digitalCode><oos:name>Бальбоа</oos:name><oos:actual>true</oos:actual></nsiCurrency><nsiCurrency><oos:code>PGK</oos:code><oos:digitalCode>598</oos:digitalCode><oos:name>Кина</oos:name><oos:actual>true</oos:actual></nsiCurrency><nsiCurrency><oos:code>PYG</oos:code><oos:digitalCode>600</oos:digitalCode><oos:name>Гуарани</oos:name><oos:actual>true</oos:actual></nsiCurrency><nsiCurrency><oos:code>PEN</oos:code><oos:digitalCode>604</oos:digitalCode><oos:name>Соль</oos:name><oos:actual>true</oos:actual></nsiCurrency><nsiCurrency><oos:code>PHP</oos:code><oos:digitalCode>608</oos:digitalCode><oos:name>Филиппинское песо</oos:name><oos:actual>true</oos:actual></nsiCurrency><nsiCurrency><oos:code>QAR</oos:code><oos:digitalCode>634</oos:digitalCode><oos:name>Катарский риал</oos:name><oos:actual>true</oos:actual></nsiCurrency><nsiCurrency><oos:code>RWF</oos:code><oos:digitalCode>646</oos:digitalCode><oos:name>Франк Руанды</oos:name><oos:actual>true</oos:actual></nsiCurrency><nsiCurrency><oos:code>SHP</oos:code><oos:digitalCode>654</oos:digitalCode><oos:name>Фунт Святой Елены.</oos:name><oos:actual>true</oos:actual></nsiCurrency><nsiCurrency><oos:code>STD</oos:code><oos:digitalCode>678</oos:digitalCode><oos:name>Добра</oos:name><oos:actual>false</oos:actual></nsiCurrency><nsiCurrency><oos:code>SAR</oos:code><oos:digitalCode>682</oos:digitalCode><oos:name>Саудовский риял</oos:name><oos:actual>true</oos:actual></nsiCurrency><nsiCurrency><oos:code>SCR</oos:code><oos:digitalCode>690</oos:digitalCode><oos:name>Сейшельская рупия</oos:name><oos:actual>true</oos:actual></nsiCurrency><nsiCurrency><oos:code>SLL</oos:code><oos:digitalCode>694</oos:digitalCode><oos:name>Леоне</oos:name><oos:actual>true</oos:actual></nsiCurrency><nsiCurrency><oos:code>SGD</oos:code><oos:digitalCode>702</oos:digitalCode><oos:name>Сингапурский доллар</oos:name><oos:actual>true</oos:actual></nsiCurrency><nsiCurrency><oos:code>VND</oos:code><oos:digitalCode>704</oos:digitalCode><oos:name>Донг</oos:name><oos:actual>true</oos:actual></nsiCurrency><nsiCurrency><oos:code>SOS</oos:code><oos:digitalCode>706</oos:digitalCode><oos:name>Сомалийский шиллинг</oos:name><oos:actual>true</oos:actual></nsiCurrency><nsiCurrency><oos:code>ZAR</oos:code><oos:digitalCode>710</oos:digitalCode><oos:name>Рэнд</oos:name><oos:actual>true</oos:actual></nsiCurrency><nsiCurrency><oos:code>SZL</oos:code><oos:digitalCode>748</oos:digitalCode><oos:name>Лилангени</oos:name><oos:actual>true</oos:actual></nsiCurrency><nsiCurrency><oos:code>SEK</oos:code><oos:digitalCode>752</oos:digitalCode><oos:name>Шведская крона</oos:name><oos:actual>true</oos:actual></nsiCurrency><nsiCurrency><oos:code>CHF</oos:code><oos:digitalCode>756</oos:digitalCode><oos:name>Швейцарский франк</oos:name><oos:actual>true</oos:actual></nsiCurrency><nsiCurrency><oos:code>SYP</oos:code><oos:digitalCode>760</oos:digitalCode><oos:name>Сирийский фунт</oos:name><oos:actual>true</oos:actual></nsiCurrency><nsiCurrency><oos:code>THB</oos:code><oos:digitalCode>764</oos:digitalCode><oos:name>Бат</oos:name><oos:actual>true</oos:actual></nsiCurrency><nsiCurrency><oos:code>TOP</oos:code><oos:digitalCode>776</oos:digitalCode><oos:name>Паанга</oos:name><oos:actual>true</oos:actual></nsiCurrency><nsiCurrency><oos:code>TTD</oos:code><oos:digitalCode>780</oos:digitalCode><oos:name>Доллар Тринидада и Тобаго</oos:name><oos:actual>true</oos:actual></nsiCurrency><nsiCurrency><oos:code>AED</oos:code><oos:digitalCode>784</oos:digitalCode><oos:name>Дирхам (ОАЭ)</oos:name><oos:actual>true</oos:actual></nsiCurrency><nsiCurrency><oos:code>TND</oos:code><oos:digitalCode>788</oos:digitalCode><oos:name>Тунисский динар</oos:name><oos:actual>true</oos:actual></nsiCurrency><nsiCurrency><oos:code>UGX</oos:code><oos:digitalCode>800</oos:digitalCode><oos:name>Угандийский шиллинг</oos:name><oos:actual>true</oos:actual></nsiCurrency><nsiCurrency><oos:code>MKD</oos:code><oos:digitalCode>807</oos:digitalCode><oos:name>Денар</oos:name><oos:actual>true</oos:actual></nsiCurrency><nsiCurrency><oos:code>ЕGP</oos:code><oos:digitalCode>818</oos:digitalCode><oos:name>Египетский фунт</oos:name><oos:actual>true</oos:actual></nsiCurrency><nsiCurrency><oos:code>GBP</oos:code><oos:digitalCode>826</oos:digitalCode><oos:name>Фунт стерлингов</oos:name><oos:actual>true</oos:actual></nsiCurrency><nsiCurrency><oos:code>TZS</oos:code><oos:digitalCode>834</oos:digitalCode><oos:name>Танзанийский шиллинг</oos:name><oos:actual>true</oos:actual></nsiCurrency><nsiCurrency><oos:code>UYU</oos:code><oos:digitalCode>858</oos:digitalCode><oos:name>Уругвайское песо</oos:name><oos:actual>true</oos:actual></nsiCurrency><nsiCurrency><oos:code>UZS</oos:code><oos:digitalCode>860</oos:digitalCode><oos:name>Узбекский сум</oos:name><oos:actual>true</oos:actual></nsiCurrency><nsiCurrency><oos:code>WST</oos:code><oos:digitalCode>882</oos:digitalCode><oos:name>Тала</oos:name><oos:actual>true</oos:actual></nsiCurrency><nsiCurrency><oos:code>YER</oos:code><oos:digitalCode>886</oos:digitalCode><oos:name>Йеменский риал</oos:name><oos:actual>true</oos:actual></nsiCurrency><nsiCurrency><oos:code>ZMK</oos:code><oos:digitalCode>894</oos:digitalCode><oos:name>Замбийская квача</oos:name><oos:actual>true</oos:actual></nsiCurrency><nsiCurrency><oos:code>TWD</oos:code><oos:digitalCode>901</oos:digitalCode><oos:name>Новый тайваньский доллар</oos:name><oos:actual>true</oos:actual></nsiCurrency><nsiCurrency><oos:code>CUC</oos:code><oos:digitalCode>931</oos:digitalCode><oos:name>Конвертируемое песо</oos:name><oos:actual>true</oos:actual></nsiCurrency><nsiCurrency><oos:code>ZWL</oos:code><oos:digitalCode>932</oos:digitalCode><oos:name>Доллар Зимбабве</oos:name><oos:actual>true</oos:actual></nsiCurrency><nsiCurrency><oos:code>TMT</oos:code><oos:digitalCode>934</oos:digitalCode><oos:name>Новый туркменский манат</oos:name><oos:actual>true</oos:actual></nsiCurrency><nsiCurrency><oos:code>GHS</oos:code><oos:digitalCode>936</oos:digitalCode><oos:name>Ганский седи</oos:name><oos:actual>true</oos:actual></nsiCurrency><nsiCurrency><oos:code>VEF</oos:code><oos:digitalCode>937</oos:digitalCode><oos:name>Боливар</oos:name><oos:actual>false</oos:actual></nsiCurrency><nsiCurrency><oos:code>SDG</oos:code><oos:digitalCode>938</oos:digitalCode><oos:name>Суданский фунт</oos:name><oos:actual>true</oos:actual></nsiCurrency><nsiCurrency><oos:code>UYI</oos:code><oos:digitalCode>940</oos:digitalCode><oos:name>Уругвайское песо в индексированных единицах</oos:name><oos:actual>true</oos:actual></nsiCurrency><nsiCurrency><oos:code>RSD</oos:code><oos:digitalCode>941</oos:digitalCode><oos:name>Сербский динар</oos:name><oos:actual>true</oos:actual></nsiCurrency><nsiCurrency><oos:code>MZN</oos:code><oos:digitalCode>943</oos:digitalCode><oos:name>Мозамбикский метикал</oos:name><oos:actual>true</oos:actual></nsiCurrency><nsiCurrency><oos:code>AZN</oos:code><oos:digitalCode>944</oos:digitalCode><oos:name>Азербайджанский манат</oos:name><oos:actual>true</oos:actual></nsiCurrency><nsiCurrency><oos:code>RON</oos:code><oos:digitalCode>946</oos:digitalCode><oos:name>Румынский лей</oos:name><oos:actual>true</oos:actual></nsiCurrency><nsiCurrency><oos:code>TRY</oos:code><oos:digitalCode>949</oos:digitalCode><oos:name>Турецкая лира</oos:name><oos:actual>true</oos:actual></nsiCurrency><nsiCurrency><oos:code>XAF</oos:code><oos:digitalCode>950</oos:digitalCode><oos:name>Франк КФА ВЕАС</oos:name><oos:actual>true</oos:actual></nsiCurrency><nsiCurrency><oos:code>XCD</oos:code><oos:digitalCode>951</oos:digitalCode><oos:name>Восточно-карибский доллар</oos:name><oos:actual>true</oos:actual></nsiCurrency><nsiCurrency><oos:code>ZMW</oos:code><oos:digitalCode>967</oos:digitalCode><oos:name>Замбийская квача</oos:name><oos:actual>true</oos:actual></nsiCurrency><nsiCurrency><oos:code>%</oos:code><oos:digitalCode>000</oos:digitalCode><oos:name>%</oos:name><oos:actual>false</oos:actual></nsiCurrency><nsiCurrency><oos:code>SSP</oos:code><oos:digitalCode>728</oos:digitalCode><oos:name>Южносуданский фунт</oos:name><oos:actual>true</oos:actual></nsiCurrency><nsiCurrency><oos:code>BYN</oos:code><oos:digitalCode>933</oos:digitalCode><oos:name>Белорусский рубль</oos:name><oos:actual>true</oos:actual></nsiCurrency><nsiCurrency><oos:code>STN</oos:code><oos:digitalCode>930</oos:digitalCode><oos:name>Добра</oos:name><oos:actual>true</oos:actual></nsiCurrency><nsiCurrency><oos:code>MRU</oos:code><oos:digitalCode>929</oos:digitalCode><oos:name>Угия</oos:name><oos:actual>true</oos:actual></nsiCurrency><nsiCurrency><oos:code>VES</oos:code><oos:digitalCode>928</oos:digitalCode><oos:name>Боливар Соберано</oos:name><oos:actual>true</oos:actual></nsiCurrency></nsiCurrencyList></export>