<?xml version="1.0" encoding="UTF-8"?><export xmlns:xsi="http://www.w3.org/2001/XMLSchema-instance" xmlns="http://zakupki.gov.ru/oos/export/1" xmlns:oos="http://zakupki.gov.ru/oos/types/1"><nsiKBKBudgetList><nsiKBKBudget><oos:kbk>07504114740361622623</oos:kbk><oos:budget>99010001</oos:budget><oos:actual>true</oos:actual><oos:start_date>2021-01-28T00:00:00</oos:start_date></nsiKBKBudget><nsiKBKBudget><oos:kbk>14109070191298001612</oos:kbk><oos:budget>99010001</oos:budget><oos:actual>true</oos:actual><oos:start_date>2021-01-29T00:00:00</oos:start_date></nsiKBKBudget><nsiKBKBudget><oos:kbk>0750709472S621000622</oos:kbk><oos:budget>99010001</oos:budget><oos:actual>true</oos:actual><oos:start_date>2021-02-02T00:00:00</oos:start_date></nsiKBKBudget><nsiKBKBudget><oos:kbk>77711031320460860632</oos:kbk><oos:budget>99010001</oos:budget><oos:actual>true</oos:actual><oos:start_date>2021-02-02T00:00:00</oos:start_date></nsiKBKBudget><nsiKBKBudget><oos:kbk>77711031320460863632</oos:kbk><oos:budget>99010001</oos:budget><oos:actual>true</oos:actual><oos:start_date>2021-02-02T00:00:00</oos:start_date></nsiKBKBudget><nsiKBKBudget><oos:kbk>1670113234D620800246</oos:kbk><oos:budget>99010001</oos:budget><oos:actual>true</oos:actual><oos:start_date>2021-01-29T00:00:00</oos:start_date></nsiKBKBudget><nsiKBKBudget><oos:kbk>1630703120A155190622</oos:kbk><oos:budget>67030219</oos:budget><oos:actual>true</oos:actual><oos:start_date>2019-05-30T00:00:00</oos:start_date></nsiKBKBudget><nsiKBKBudget><oos:kbk>07307040210267363613</oos:kbk><oos:budget>99010001</oos:budget><oos:actual>true</oos:actual><oos:start_date>2021-01-21T00:00:00</oos:start_date></nsiKBKBudget><nsiKBKBudget><oos:kbk>07307040210267363623</oos:kbk><oos:budget>99010001</oos:budget><oos:actual>true</oos:actual><oos:start_date>2021-01-21T00:00:00</oos:start_date></nsiKBKBudget><nsiKBKBudget><oos:kbk>02004121840168828452</oos:kbk><oos:budget>99010001</oos:budget><oos:actual>true</oos:actual><oos:start_date>2021-01-27T00:00:00</oos:start_date></nsiKBKBudget><nsiKBKBudget><oos:kbk>15301062750190049246</oos:kbk><oos:budget>99010001</oos:budget><oos:actual>true</oos:actual><oos:start_date>2021-01-26T00:00:00</oos:start_date></nsiKBKBudget><nsiKBKBudget><oos:kbk>1500401071D620300246</oos:kbk><oos:budget>99010001</oos:budget><oos:actual>true</oos:actual><oos:start_date>2021-01-27T00:00:00</oos:start_date></nsiKBKBudget><nsiKBKBudget><oos:kbk>056090601К0491210622</oos:kbk><oos:budget>99010001</oos:budget><oos:actual>true</oos:actual><oos:start_date>2021-01-28T00:00:00</oos:start_date></nsiKBKBudget><nsiKBKBudget><oos:kbk>1530106234D673200242</oos:kbk><oos:budget>99010001</oos:budget><oos:actual>true</oos:actual><oos:start_date>2021-01-26T00:00:00</oos:start_date></nsiKBKBudget><nsiKBKBudget><oos:kbk>056090901КN308200612</oos:kbk><oos:budget>99010001</oos:budget><oos:actual>true</oos:actual><oos:start_date>2021-01-28T00:00:00</oos:start_date></nsiKBKBudget><nsiKBKBudget><oos:kbk>056090101К0191110612</oos:kbk><oos:budget>99010001</oos:budget><oos:actual>true</oos:actual><oos:start_date>2021-01-28T00:00:00</oos:start_date></nsiKBKBudget><nsiKBKBudget><oos:kbk>0750110475S605400612</oos:kbk><oos:budget>99010001</oos:budget><oos:actual>true</oos:actual><oos:start_date>2021-01-29T00:00:00</oos:start_date></nsiKBKBudget><nsiKBKBudget><oos:kbk>0560705017N516700622</oos:kbk><oos:budget>99010001</oos:budget><oos:actual>true</oos:actual><oos:start_date>2021-02-02T00:00:00</oos:start_date></nsiKBKBudget><nsiKBKBudget><oos:kbk>77711031320460860600</oos:kbk><oos:budget>99010001</oos:budget><oos:actual>true</oos:actual><oos:start_date>2021-02-02T00:00:00</oos:start_date></nsiKBKBudget><nsiKBKBudget><oos:kbk>020090901К0960659800</oos:kbk><oos:budget>99010001</oos:budget><oos:actual>true</oos:actual><oos:start_date>2021-01-29T00:00:00</oos:start_date></nsiKBKBudget><nsiKBKBudget><oos:kbk>16701133960590019242</oos:kbk><oos:budget>99010001</oos:budget><oos:actual>true</oos:actual><oos:start_date>2021-01-29T00:00:00</oos:start_date></nsiKBKBudget><nsiKBKBudget><oos:kbk>0750412475S620200612</oos:kbk><oos:budget>99010001</oos:budget><oos:actual>true</oos:actual><oos:start_date>2021-02-03T00:00:00</oos:start_date></nsiKBKBudget><nsiKBKBudget><oos:kbk>06911050530690059247</oos:kbk><oos:budget>99010001</oos:budget><oos:actual>true</oos:actual><oos:start_date>2021-02-04T00:00:00</oos:start_date></nsiKBKBudget><nsiKBKBudget><oos:kbk>056090101К0290059247</oos:kbk><oos:budget>99010001</oos:budget><oos:actual>true</oos:actual><oos:start_date>2021-02-09T00:00:00</oos:start_date></nsiKBKBudget><nsiKBKBudget><oos:kbk>10804092420192058247</oos:kbk><oos:budget>99010001</oos:budget><oos:actual>true</oos:actual><oos:start_date>2021-02-11T00:00:00</oos:start_date></nsiKBKBudget><nsiKBKBudget><oos:kbk>056090101К0690059247</oos:kbk><oos:budget>99010001</oos:budget><oos:actual>true</oos:actual><oos:start_date>2021-02-09T00:00:00</oos:start_date></nsiKBKBudget><nsiKBKBudget><oos:kbk>09604012330190019246</oos:kbk><oos:budget>99010001</oos:budget><oos:actual>true</oos:actual><oos:start_date>2021-02-05T00:00:00</oos:start_date></nsiKBKBudget><nsiKBKBudget><oos:kbk>056090201К0992096244</oos:kbk><oos:budget>99010001</oos:budget><oos:actual>true</oos:actual><oos:start_date>2021-02-16T00:00:00</oos:start_date></nsiKBKBudget><nsiKBKBudget><oos:kbk>73004032160099998247</oos:kbk><oos:budget>99010001</oos:budget><oos:actual>true</oos:actual><oos:start_date>2021-02-18T00:00:00</oos:start_date></nsiKBKBudget><nsiKBKBudget><oos:kbk>056090101K0690059247</oos:kbk><oos:budget>99010001</oos:budget><oos:actual>true</oos:actual><oos:start_date>2021-02-08T00:00:00</oos:start_date></nsiKBKBudget><nsiKBKBudget><oos:kbk>77711031320460862600</oos:kbk><oos:budget>99010001</oos:budget><oos:actual>true</oos:actual><oos:start_date>2021-02-08T00:00:00</oos:start_date></nsiKBKBudget><nsiKBKBudget><oos:kbk>02004121670160671800</oos:kbk><oos:budget>99010001</oos:budget><oos:actual>true</oos:actual><oos:start_date>2021-02-08T00:00:00</oos:start_date></nsiKBKBudget><nsiKBKBudget><oos:kbk>0711204025EА60508632</oos:kbk><oos:budget>99010001</oos:budget><oos:actual>true</oos:actual><oos:start_date>2021-02-11T00:00:00</oos:start_date></nsiKBKBudget><nsiKBKBudget><oos:kbk>0711204025EА60508600</oos:kbk><oos:budget>99010001</oos:budget><oos:actual>true</oos:actual><oos:start_date>2021-02-11T00:00:00</oos:start_date></nsiKBKBudget><nsiKBKBudget><oos:kbk>0920505051P167381812</oos:kbk><oos:budget>99010001</oos:budget><oos:actual>true</oos:actual><oos:start_date>2021-02-11T00:00:00</oos:start_date></nsiKBKBudget><nsiKBKBudget><oos:kbk>07112024630261671812</oos:kbk><oos:budget>99010001</oos:budget><oos:actual>true</oos:actual><oos:start_date>2021-02-16T00:00:00</oos:start_date></nsiKBKBudget><nsiKBKBudget><oos:kbk>07112020410465010812</oos:kbk><oos:budget>99010001</oos:budget><oos:actual>true</oos:actual><oos:start_date>2021-02-16T00:00:00</oos:start_date></nsiKBKBudget><nsiKBKBudget><oos:kbk>07112020410464990812</oos:kbk><oos:budget>99010001</oos:budget><oos:actual>true</oos:actual><oos:start_date>2021-02-16T00:00:00</oos:start_date></nsiKBKBudget><nsiKBKBudget><oos:kbk>07112012320364970812</oos:kbk><oos:budget>99010001</oos:budget><oos:actual>true</oos:actual><oos:start_date>2021-02-16T00:00:00</oos:start_date></nsiKBKBudget><nsiKBKBudget><oos:kbk>07112012320562411600</oos:kbk><oos:budget>99010001</oos:budget><oos:actual>true</oos:actual><oos:start_date>2021-02-16T00:00:00</oos:start_date></nsiKBKBudget><nsiKBKBudget><oos:kbk>07112012320562410632</oos:kbk><oos:budget>99010001</oos:budget><oos:actual>true</oos:actual><oos:start_date>2021-02-16T00:00:00</oos:start_date></nsiKBKBudget><nsiKBKBudget><oos:kbk>07112012320364974812</oos:kbk><oos:budget>99010001</oos:budget><oos:actual>true</oos:actual><oos:start_date>2021-02-16T00:00:00</oos:start_date></nsiKBKBudget><nsiKBKBudget><oos:kbk>07112042330490019244</oos:kbk><oos:budget>99010001</oos:budget><oos:actual>true</oos:actual><oos:start_date>2021-02-16T00:00:00</oos:start_date></nsiKBKBudget><nsiKBKBudget><oos:kbk>18809015030190000200</oos:kbk><oos:budget>99010001</oos:budget><oos:actual>true</oos:actual><oos:start_date>2021-02-20T00:00:00</oos:start_date></nsiKBKBudget><nsiKBKBudget><oos:kbk>18702053130492501221</oos:kbk><oos:budget>99010001</oos:budget><oos:actual>true</oos:actual><oos:start_date>2021-02-20T00:00:00</oos:start_date></nsiKBKBudget><nsiKBKBudget><oos:kbk>18003135030492501134</oos:kbk><oos:budget>99010001</oos:budget><oos:actual>true</oos:actual><oos:start_date>2021-02-24T00:00:00</oos:start_date></nsiKBKBudget><nsiKBKBudget><oos:kbk>18009075030192501134</oos:kbk><oos:budget>99010001</oos:budget><oos:actual>true</oos:actual><oos:start_date>2021-02-24T00:00:00</oos:start_date></nsiKBKBudget><nsiKBKBudget><oos:kbk>0750706166S604900623</oos:kbk><oos:budget>99010001</oos:budget><oos:actual>true</oos:actual><oos:start_date>2021-02-26T00:00:00</oos:start_date></nsiKBKBudget><nsiKBKBudget><oos:kbk>0710410234D689800119</oos:kbk><oos:budget>99010001</oos:budget><oos:actual>true</oos:actual><oos:start_date>2021-02-10T00:00:00</oos:start_date></nsiKBKBudget><nsiKBKBudget><oos:kbk>18003035010192501131</oos:kbk><oos:budget>99010001</oos:budget><oos:actual>true</oos:actual><oos:start_date>2021-02-12T00:00:00</oos:start_date></nsiKBKBudget><nsiKBKBudget><oos:kbk>07112049970060940800</oos:kbk><oos:budget>99010001</oos:budget><oos:actual>true</oos:actual><oos:start_date>2021-02-16T00:00:00</oos:start_date></nsiKBKBudget><nsiKBKBudget><oos:kbk>07112012320364973812</oos:kbk><oos:budget>99010001</oos:budget><oos:actual>true</oos:actual><oos:start_date>2021-02-16T00:00:00</oos:start_date></nsiKBKBudget><nsiKBKBudget><oos:kbk>07107052320590059612</oos:kbk><oos:budget>99010001</oos:budget><oos:actual>true</oos:actual><oos:start_date>2021-02-17T00:00:00</oos:start_date></nsiKBKBudget><nsiKBKBudget><oos:kbk>0821003482В167387800</oos:kbk><oos:budget>99010001</oos:budget><oos:actual>true</oos:actual><oos:start_date>2021-02-17T00:00:00</oos:start_date></nsiKBKBudget><nsiKBKBudget><oos:kbk>07112012320465060600</oos:kbk><oos:budget>99010001</oos:budget><oos:actual>true</oos:actual><oos:start_date>2021-02-17T00:00:00</oos:start_date></nsiKBKBudget><nsiKBKBudget><oos:kbk>07112022320492300244</oos:kbk><oos:budget>99010001</oos:budget><oos:actual>true</oos:actual><oos:start_date>2021-02-16T00:00:00</oos:start_date></nsiKBKBudget><nsiKBKBudget><oos:kbk>07112022320465000800</oos:kbk><oos:budget>99010001</oos:budget><oos:actual>true</oos:actual><oos:start_date>2021-02-16T00:00:00</oos:start_date></nsiKBKBudget><nsiKBKBudget><oos:kbk>07112012320164960812</oos:kbk><oos:budget>99010001</oos:budget><oos:actual>true</oos:actual><oos:start_date>2021-02-16T00:00:00</oos:start_date></nsiKBKBudget><nsiKBKBudget><oos:kbk>30501069390090059853</oos:kbk><oos:budget>99010001</oos:budget><oos:actual>true</oos:actual><oos:start_date>2021-02-19T00:00:00</oos:start_date></nsiKBKBudget><nsiKBKBudget><oos:kbk>18809015030190059244</oos:kbk><oos:budget>99010001</oos:budget><oos:actual>true</oos:actual><oos:start_date>2021-02-20T00:00:00</oos:start_date></nsiKBKBudget><nsiKBKBudget><oos:kbk>18009015030192501134</oos:kbk><oos:budget>99010001</oos:budget><oos:actual>true</oos:actual><oos:start_date>2021-02-24T00:00:00</oos:start_date></nsiKBKBudget><nsiKBKBudget><oos:kbk>16501131540390019246</oos:kbk><oos:budget>99010001</oos:budget><oos:actual>true</oos:actual><oos:start_date>2021-02-24T00:00:00</oos:start_date></nsiKBKBudget><nsiKBKBudget><oos:kbk>0821403484015576F500</oos:kbk><oos:budget>99010001</oos:budget><oos:actual>true</oos:actual><oos:start_date>2021-02-25T00:00:00</oos:start_date></nsiKBKBudget><nsiKBKBudget><oos:kbk>0750706475S604900623</oos:kbk><oos:budget>99010001</oos:budget><oos:actual>true</oos:actual><oos:start_date>2021-02-26T00:00:00</oos:start_date></nsiKBKBudget><nsiKBKBudget><oos:kbk>0750706166S604900613</oos:kbk><oos:budget>99010001</oos:budget><oos:actual>true</oos:actual><oos:start_date>2021-02-26T00:00:00</oos:start_date></nsiKBKBudget><nsiKBKBudget><oos:kbk>02004121670160671811</oos:kbk><oos:budget>99010001</oos:budget><oos:actual>true</oos:actual><oos:start_date>2021-02-08T00:00:00</oos:start_date></nsiKBKBudget><nsiKBKBudget><oos:kbk>0710410234D6D0000100</oos:kbk><oos:budget>99010001</oos:budget><oos:actual>true</oos:actual><oos:start_date>2021-02-10T00:00:00</oos:start_date></nsiKBKBudget><nsiKBKBudget><oos:kbk>07112024630290000200</oos:kbk><oos:budget>99010001</oos:budget><oos:actual>true</oos:actual><oos:start_date>2021-02-16T00:00:00</oos:start_date></nsiKBKBudget><nsiKBKBudget><oos:kbk>07112021120560279632</oos:kbk><oos:budget>99010001</oos:budget><oos:actual>true</oos:actual><oos:start_date>2021-02-16T00:00:00</oos:start_date></nsiKBKBudget><nsiKBKBudget><oos:kbk>07307010220256050540</oos:kbk><oos:budget>99010001</oos:budget><oos:actual>true</oos:actual><oos:start_date>2021-02-19T00:00:00</oos:start_date></nsiKBKBudget><nsiKBKBudget><oos:kbk>056090901ГN724700246</oos:kbk><oos:budget>99010001</oos:budget><oos:actual>true</oos:actual><oos:start_date>2021-02-20T00:00:00</oos:start_date></nsiKBKBudget><nsiKBKBudget><oos:kbk>18807065030290000200</oos:kbk><oos:budget>99010001</oos:budget><oos:actual>true</oos:actual><oos:start_date>2021-02-20T00:00:00</oos:start_date></nsiKBKBudget><nsiKBKBudget><oos:kbk>18702053130492501224</oos:kbk><oos:budget>99010001</oos:budget><oos:actual>true</oos:actual><oos:start_date>2021-02-20T00:00:00</oos:start_date></nsiKBKBudget><nsiKBKBudget><oos:kbk>18010035010190000100</oos:kbk><oos:budget>99010001</oos:budget><oos:actual>true</oos:actual><oos:start_date>2021-02-25T00:00:00</oos:start_date></nsiKBKBudget><nsiKBKBudget><oos:kbk>15701131590692020247</oos:kbk><oos:budget>99010001</oos:budget><oos:actual>true</oos:actual><oos:start_date>2021-02-24T00:00:00</oos:start_date></nsiKBKBudget><nsiKBKBudget><oos:kbk>0710410234D6D0000800</oos:kbk><oos:budget>99010001</oos:budget><oos:actual>true</oos:actual><oos:start_date>2021-02-10T00:00:00</oos:start_date></nsiKBKBudget><nsiKBKBudget><oos:kbk>07504124750161622623</oos:kbk><oos:budget>99010001</oos:budget><oos:actual>true</oos:actual><oos:start_date>2021-02-05T00:00:00</oos:start_date></nsiKBKBudget><nsiKBKBudget><oos:kbk>10304122460190059831</oos:kbk><oos:budget>99010001</oos:budget><oos:actual>true</oos:actual><oos:start_date>2021-02-11T00:00:00</oos:start_date></nsiKBKBudget><nsiKBKBudget><oos:kbk>07112049970060940812</oos:kbk><oos:budget>99010001</oos:budget><oos:actual>true</oos:actual><oos:start_date>2021-02-16T00:00:00</oos:start_date></nsiKBKBudget><nsiKBKBudget><oos:kbk>07112042330490000200</oos:kbk><oos:budget>99010001</oos:budget><oos:actual>true</oos:actual><oos:start_date>2021-02-16T00:00:00</oos:start_date></nsiKBKBudget><nsiKBKBudget><oos:kbk>07112012320362420600</oos:kbk><oos:budget>99010001</oos:budget><oos:actual>true</oos:actual><oos:start_date>2021-02-16T00:00:00</oos:start_date></nsiKBKBudget><nsiKBKBudget><oos:kbk>07112042320564170800</oos:kbk><oos:budget>99010001</oos:budget><oos:actual>true</oos:actual><oos:start_date>2021-02-16T00:00:00</oos:start_date></nsiKBKBudget><nsiKBKBudget><oos:kbk>07112012320164960800</oos:kbk><oos:budget>99010001</oos:budget><oos:actual>true</oos:actual><oos:start_date>2021-02-16T00:00:00</oos:start_date></nsiKBKBudget><nsiKBKBudget><oos:kbk>18803035020290049244</oos:kbk><oos:budget>99010001</oos:budget><oos:actual>true</oos:actual><oos:start_date>2021-02-20T00:00:00</oos:start_date></nsiKBKBudget><nsiKBKBudget><oos:kbk>056090901ГN752350246</oos:kbk><oos:budget>99010001</oos:budget><oos:actual>true</oos:actual><oos:start_date>2021-02-20T00:00:00</oos:start_date></nsiKBKBudget><nsiKBKBudget><oos:kbk>056090901К1058400500</oos:kbk><oos:budget>99010001</oos:budget><oos:actual>true</oos:actual><oos:start_date>2021-02-19T00:00:00</oos:start_date></nsiKBKBudget><nsiKBKBudget><oos:kbk>15701131590292020247</oos:kbk><oos:budget>99010001</oos:budget><oos:actual>true</oos:actual><oos:start_date>2021-02-24T00:00:00</oos:start_date></nsiKBKBudget><nsiKBKBudget><oos:kbk>72701130530667300800</oos:kbk><oos:budget>99010001</oos:budget><oos:actual>true</oos:actual><oos:start_date>2021-02-24T00:00:00</oos:start_date></nsiKBKBudget><nsiKBKBudget><oos:kbk>72701130530667300822</oos:kbk><oos:budget>99010001</oos:budget><oos:actual>true</oos:actual><oos:start_date>2021-02-24T00:00:00</oos:start_date></nsiKBKBudget><nsiKBKBudget><oos:kbk>0710410234D689800111</oos:kbk><oos:budget>99010001</oos:budget><oos:actual>true</oos:actual><oos:start_date>2021-02-10T00:00:00</oos:start_date></nsiKBKBudget><nsiKBKBudget><oos:kbk>0710410234D689800852</oos:kbk><oos:budget>99010001</oos:budget><oos:actual>true</oos:actual><oos:start_date>2021-02-10T00:00:00</oos:start_date></nsiKBKBudget><nsiKBKBudget><oos:kbk>77711031320460861632</oos:kbk><oos:budget>99010001</oos:budget><oos:actual>true</oos:actual><oos:start_date>2021-02-08T00:00:00</oos:start_date></nsiKBKBudget><nsiKBKBudget><oos:kbk>3030410234D673300622</oos:kbk><oos:budget>99010001</oos:budget><oos:actual>true</oos:actual><oos:start_date>2021-02-10T00:00:00</oos:start_date></nsiKBKBudget><nsiKBKBudget><oos:kbk>0920505051P167381800</oos:kbk><oos:budget>99010001</oos:budget><oos:actual>true</oos:actual><oos:start_date>2021-02-11T00:00:00</oos:start_date></nsiKBKBudget><nsiKBKBudget><oos:kbk>07112020410465010800</oos:kbk><oos:budget>99010001</oos:budget><oos:actual>true</oos:actual><oos:start_date>2021-02-16T00:00:00</oos:start_date></nsiKBKBudget><nsiKBKBudget><oos:kbk>07112024630261671800</oos:kbk><oos:budget>99010001</oos:budget><oos:actual>true</oos:actual><oos:start_date>2021-02-16T00:00:00</oos:start_date></nsiKBKBudget><nsiKBKBudget><oos:kbk>30301018990190000300</oos:kbk><oos:budget>99010001</oos:budget><oos:actual>true</oos:actual><oos:start_date>2021-02-16T00:00:00</oos:start_date></nsiKBKBudget><nsiKBKBudget><oos:kbk>07112012320562417632</oos:kbk><oos:budget>99010001</oos:budget><oos:actual>true</oos:actual><oos:start_date>2021-02-16T00:00:00</oos:start_date></nsiKBKBudget><nsiKBKBudget><oos:kbk>07112012320364973800</oos:kbk><oos:budget>99010001</oos:budget><oos:actual>true</oos:actual><oos:start_date>2021-02-16T00:00:00</oos:start_date></nsiKBKBudget><nsiKBKBudget><oos:kbk>07112012320496057244</oos:kbk><oos:budget>99010001</oos:budget><oos:actual>true</oos:actual><oos:start_date>2021-02-16T00:00:00</oos:start_date></nsiKBKBudget><nsiKBKBudget><oos:kbk>07112012320465060632</oos:kbk><oos:budget>99010001</oos:budget><oos:actual>true</oos:actual><oos:start_date>2021-02-17T00:00:00</oos:start_date></nsiKBKBudget><nsiKBKBudget><oos:kbk>07112021120590019244</oos:kbk><oos:budget>99010001</oos:budget><oos:actual>true</oos:actual><oos:start_date>2021-02-16T00:00:00</oos:start_date></nsiKBKBudget><nsiKBKBudget><oos:kbk>07112012320364974800</oos:kbk><oos:budget>99010001</oos:budget><oos:actual>true</oos:actual><oos:start_date>2021-02-16T00:00:00</oos:start_date></nsiKBKBudget><nsiKBKBudget><oos:kbk>07307010220256050500</oos:kbk><oos:budget>99010001</oos:budget><oos:actual>true</oos:actual><oos:start_date>2021-02-19T00:00:00</oos:start_date></nsiKBKBudget><nsiKBKBudget><oos:kbk>30501069390090059247</oos:kbk><oos:budget>99010001</oos:budget><oos:actual>true</oos:actual><oos:start_date>2021-02-19T00:00:00</oos:start_date></nsiKBKBudget><nsiKBKBudget><oos:kbk>18809055030190059244</oos:kbk><oos:budget>99010001</oos:budget><oos:actual>true</oos:actual><oos:start_date>2021-02-20T00:00:00</oos:start_date></nsiKBKBudget><nsiKBKBudget><oos:kbk>77711031320460862632</oos:kbk><oos:budget>99010001</oos:budget><oos:actual>true</oos:actual><oos:start_date>2021-02-08T00:00:00</oos:start_date></nsiKBKBudget><nsiKBKBudget><oos:kbk>07504124750161622613</oos:kbk><oos:budget>99010001</oos:budget><oos:actual>true</oos:actual><oos:start_date>2021-02-05T00:00:00</oos:start_date></nsiKBKBudget><nsiKBKBudget><oos:kbk>0710410234D689800853</oos:kbk><oos:budget>99010001</oos:budget><oos:actual>true</oos:actual><oos:start_date>2021-02-10T00:00:00</oos:start_date></nsiKBKBudget><nsiKBKBudget><oos:kbk>09210030312556090550</oos:kbk><oos:budget>99010001</oos:budget><oos:actual>true</oos:actual><oos:start_date>2021-02-05T00:00:00</oos:start_date></nsiKBKBudget><nsiKBKBudget><oos:kbk>0710410234D689800851</oos:kbk><oos:budget>99010001</oos:budget><oos:actual>true</oos:actual><oos:start_date>2021-02-10T00:00:00</oos:start_date></nsiKBKBudget><nsiKBKBudget><oos:kbk>09210030312556090500</oos:kbk><oos:budget>99010001</oos:budget><oos:actual>true</oos:actual><oos:start_date>2021-02-05T00:00:00</oos:start_date></nsiKBKBudget><nsiKBKBudget><oos:kbk>77711031320460861600</oos:kbk><oos:budget>99010001</oos:budget><oos:actual>true</oos:actual><oos:start_date>2021-02-08T00:00:00</oos:start_date></nsiKBKBudget><nsiKBKBudget><oos:kbk>18009055030192501131</oos:kbk><oos:budget>99010001</oos:budget><oos:actual>true</oos:actual><oos:start_date>2021-02-12T00:00:00</oos:start_date></nsiKBKBudget><nsiKBKBudget><oos:kbk>07112020410464990800</oos:kbk><oos:budget>99010001</oos:budget><oos:actual>true</oos:actual><oos:start_date>2021-02-16T00:00:00</oos:start_date></nsiKBKBudget><nsiKBKBudget><oos:kbk>07112020410465020812</oos:kbk><oos:budget>99010001</oos:budget><oos:actual>true</oos:actual><oos:start_date>2021-02-16T00:00:00</oos:start_date></nsiKBKBudget><nsiKBKBudget><oos:kbk>07112042320564170812</oos:kbk><oos:budget>99010001</oos:budget><oos:actual>true</oos:actual><oos:start_date>2021-02-16T00:00:00</oos:start_date></nsiKBKBudget><nsiKBKBudget><oos:kbk>07112012320364974600</oos:kbk><oos:budget>99010001</oos:budget><oos:actual>true</oos:actual><oos:start_date>2021-02-16T00:00:00</oos:start_date></nsiKBKBudget><nsiKBKBudget><oos:kbk>07112012320364970800</oos:kbk><oos:budget>99010001</oos:budget><oos:actual>true</oos:actual><oos:start_date>2021-02-16T00:00:00</oos:start_date></nsiKBKBudget><nsiKBKBudget><oos:kbk>07112042320564930812</oos:kbk><oos:budget>99010001</oos:budget><oos:actual>true</oos:actual><oos:start_date>2021-02-16T00:00:00</oos:start_date></nsiKBKBudget><nsiKBKBudget><oos:kbk>07107052320590000600</oos:kbk><oos:budget>99010001</oos:budget><oos:actual>true</oos:actual><oos:start_date>2021-02-17T00:00:00</oos:start_date></nsiKBKBudget><nsiKBKBudget><oos:kbk>07112042320564930800</oos:kbk><oos:budget>99010001</oos:budget><oos:actual>true</oos:actual><oos:start_date>2021-02-16T00:00:00</oos:start_date></nsiKBKBudget><nsiKBKBudget><oos:kbk>07112012320364950800</oos:kbk><oos:budget>99010001</oos:budget><oos:actual>true</oos:actual><oos:start_date>2021-02-16T00:00:00</oos:start_date></nsiKBKBudget><nsiKBKBudget><oos:kbk>07112012320562411632</oos:kbk><oos:budget>99010001</oos:budget><oos:actual>true</oos:actual><oos:start_date>2021-02-16T00:00:00</oos:start_date></nsiKBKBudget><nsiKBKBudget><oos:kbk>07112012320562417600</oos:kbk><oos:budget>99010001</oos:budget><oos:actual>true</oos:actual><oos:start_date>2021-02-16T00:00:00</oos:start_date></nsiKBKBudget><nsiKBKBudget><oos:kbk>07112012320490000200</oos:kbk><oos:budget>99010001</oos:budget><oos:actual>true</oos:actual><oos:start_date>2021-02-16T00:00:00</oos:start_date></nsiKBKBudget><nsiKBKBudget><oos:kbk>18803035020290000200</oos:kbk><oos:budget>99010001</oos:budget><oos:actual>true</oos:actual><oos:start_date>2021-02-20T00:00:00</oos:start_date></nsiKBKBudget><nsiKBKBudget><oos:kbk>056090901К1058400540</oos:kbk><oos:budget>99010001</oos:budget><oos:actual>true</oos:actual><oos:start_date>2021-02-19T00:00:00</oos:start_date></nsiKBKBudget><nsiKBKBudget><oos:kbk>18003035030492501134</oos:kbk><oos:budget>99010001</oos:budget><oos:actual>true</oos:actual><oos:start_date>2021-02-24T00:00:00</oos:start_date></nsiKBKBudget><nsiKBKBudget><oos:kbk>33012019690060750632</oos:kbk><oos:budget>99010001</oos:budget><oos:actual>true</oos:actual><oos:start_date>2021-02-09T00:00:00</oos:start_date></nsiKBKBudget><nsiKBKBudget><oos:kbk>18007065030292501131</oos:kbk><oos:budget>99010001</oos:budget><oos:actual>true</oos:actual><oos:start_date>2021-02-12T00:00:00</oos:start_date></nsiKBKBudget><nsiKBKBudget><oos:kbk>18009015030192501131</oos:kbk><oos:budget>99010001</oos:budget><oos:actual>true</oos:actual><oos:start_date>2021-02-12T00:00:00</oos:start_date></nsiKBKBudget><nsiKBKBudget><oos:kbk>09201133950192350612</oos:kbk><oos:budget>99010001</oos:budget><oos:actual>true</oos:actual><oos:start_date>2021-02-15T00:00:00</oos:start_date></nsiKBKBudget><nsiKBKBudget><oos:kbk>07112020410460221800</oos:kbk><oos:budget>99010001</oos:budget><oos:actual>true</oos:actual><oos:start_date>2021-02-16T00:00:00</oos:start_date></nsiKBKBudget><nsiKBKBudget><oos:kbk>07112020410460221812</oos:kbk><oos:budget>99010001</oos:budget><oos:actual>true</oos:actual><oos:start_date>2021-02-16T00:00:00</oos:start_date></nsiKBKBudget><nsiKBKBudget><oos:kbk>07112012320364950812</oos:kbk><oos:budget>99010001</oos:budget><oos:actual>true</oos:actual><oos:start_date>2021-02-16T00:00:00</oos:start_date></nsiKBKBudget><nsiKBKBudget><oos:kbk>07112022320490019244</oos:kbk><oos:budget>99010001</oos:budget><oos:actual>true</oos:actual><oos:start_date>2021-02-16T00:00:00</oos:start_date></nsiKBKBudget><nsiKBKBudget><oos:kbk>0821003482В167387811</oos:kbk><oos:budget>99010001</oos:budget><oos:actual>true</oos:actual><oos:start_date>2021-02-17T00:00:00</oos:start_date></nsiKBKBudget><nsiKBKBudget><oos:kbk>07112012320362420632</oos:kbk><oos:budget>99010001</oos:budget><oos:actual>true</oos:actual><oos:start_date>2021-02-16T00:00:00</oos:start_date></nsiKBKBudget><nsiKBKBudget><oos:kbk>07112012320364974632</oos:kbk><oos:budget>99010001</oos:budget><oos:actual>true</oos:actual><oos:start_date>2021-02-16T00:00:00</oos:start_date></nsiKBKBudget><nsiKBKBudget><oos:kbk>07112021120590000200</oos:kbk><oos:budget>99010001</oos:budget><oos:actual>true</oos:actual><oos:start_date>2021-02-16T00:00:00</oos:start_date></nsiKBKBudget><nsiKBKBudget><oos:kbk>07112012320562410600</oos:kbk><oos:budget>99010001</oos:budget><oos:actual>true</oos:actual><oos:start_date>2021-02-16T00:00:00</oos:start_date></nsiKBKBudget><nsiKBKBudget><oos:kbk>10304122460192501244</oos:kbk><oos:budget>99010001</oos:budget><oos:actual>true</oos:actual><oos:start_date>2021-02-19T00:00:00</oos:start_date></nsiKBKBudget><nsiKBKBudget><oos:kbk>18809055030190000200</oos:kbk><oos:budget>99010001</oos:budget><oos:actual>true</oos:actual><oos:start_date>2021-02-20T00:00:00</oos:start_date></nsiKBKBudget><nsiKBKBudget><oos:kbk>18008015030392501134</oos:kbk><oos:budget>99010001</oos:budget><oos:actual>true</oos:actual><oos:start_date>2021-02-24T00:00:00</oos:start_date></nsiKBKBudget><nsiKBKBudget><oos:kbk>18007065030292501134</oos:kbk><oos:budget>99010001</oos:budget><oos:actual>true</oos:actual><oos:start_date>2021-02-24T00:00:00</oos:start_date></nsiKBKBudget><nsiKBKBudget><oos:kbk>18010035010192511112</oos:kbk><oos:budget>99010001</oos:budget><oos:actual>true</oos:actual><oos:start_date>2021-02-25T00:00:00</oos:start_date></nsiKBKBudget><nsiKBKBudget><oos:kbk>18010035010192511134</oos:kbk><oos:budget>99010001</oos:budget><oos:actual>true</oos:actual><oos:start_date>2021-02-25T00:00:00</oos:start_date></nsiKBKBudget><nsiKBKBudget><oos:kbk>0821403484015576F523</oos:kbk><oos:budget>99010001</oos:budget><oos:actual>true</oos:actual><oos:start_date>2021-02-25T00:00:00</oos:start_date></nsiKBKBudget><nsiKBKBudget><oos:kbk>16701133960592150853</oos:kbk><oos:budget>99010001</oos:budget><oos:actual>true</oos:actual><oos:start_date>2021-02-11T00:00:00</oos:start_date></nsiKBKBudget><nsiKBKBudget><oos:kbk>07307050250890059611</oos:kbk><oos:budget>99010001</oos:budget><oos:actual>true</oos:actual><oos:start_date>2021-02-12T00:00:00</oos:start_date></nsiKBKBudget><nsiKBKBudget><oos:kbk>0710410234D689800247</oos:kbk><oos:budget>99010001</oos:budget><oos:actual>true</oos:actual><oos:start_date>2021-02-11T00:00:00</oos:start_date></nsiKBKBudget><nsiKBKBudget><oos:kbk>07112020410465020800</oos:kbk><oos:budget>99010001</oos:budget><oos:actual>true</oos:actual><oos:start_date>2021-02-16T00:00:00</oos:start_date></nsiKBKBudget><nsiKBKBudget><oos:kbk>07112024630292100244</oos:kbk><oos:budget>99010001</oos:budget><oos:actual>true</oos:actual><oos:start_date>2021-02-16T00:00:00</oos:start_date></nsiKBKBudget><nsiKBKBudget><oos:kbk>30301018990190019321</oos:kbk><oos:budget>99010001</oos:budget><oos:actual>true</oos:actual><oos:start_date>2021-02-16T00:00:00</oos:start_date></nsiKBKBudget><nsiKBKBudget><oos:kbk>07112022320490000200</oos:kbk><oos:budget>99010001</oos:budget><oos:actual>true</oos:actual><oos:start_date>2021-02-16T00:00:00</oos:start_date></nsiKBKBudget><nsiKBKBudget><oos:kbk>07112021120560279600</oos:kbk><oos:budget>99010001</oos:budget><oos:actual>true</oos:actual><oos:start_date>2021-02-16T00:00:00</oos:start_date></nsiKBKBudget><nsiKBKBudget><oos:kbk>07112022320465000812</oos:kbk><oos:budget>99010001</oos:budget><oos:actual>true</oos:actual><oos:start_date>2021-02-16T00:00:00</oos:start_date></nsiKBKBudget><nsiKBKBudget><oos:kbk>056090901ГN724500242</oos:kbk><oos:budget>99010001</oos:budget><oos:actual>true</oos:actual><oos:start_date>2021-02-20T00:00:00</oos:start_date></nsiKBKBudget><nsiKBKBudget><oos:kbk>18807065030290059244</oos:kbk><oos:budget>99010001</oos:budget><oos:actual>true</oos:actual><oos:start_date>2021-02-20T00:00:00</oos:start_date></nsiKBKBudget><nsiKBKBudget><oos:kbk>18702053130492501225</oos:kbk><oos:budget>99010001</oos:budget><oos:actual>true</oos:actual><oos:start_date>2021-02-20T00:00:00</oos:start_date></nsiKBKBudget><nsiKBKBudget><oos:kbk>18009055030192501134</oos:kbk><oos:budget>99010001</oos:budget><oos:actual>true</oos:actual><oos:start_date>2021-02-24T00:00:00</oos:start_date></nsiKBKBudget><nsiKBKBudget><oos:kbk>41703019970092041247</oos:kbk><oos:budget>99010001</oos:budget><oos:actual>true</oos:actual><oos:start_date>2021-03-01T00:00:00</oos:start_date></nsiKBKBudget><nsiKBKBudget><oos:kbk>72701063930294009414</oos:kbk><oos:budget>99010001</oos:budget><oos:actual>true</oos:actual><oos:start_date>2021-03-15T00:00:00</oos:start_date></nsiKBKBudget><nsiKBKBudget><oos:kbk>0910707024E865620632</oos:kbk><oos:budget>99010001</oos:budget><oos:actual>true</oos:actual><oos:start_date>2021-03-01T00:00:00</oos:start_date></nsiKBKBudget><nsiKBKBudget><oos:kbk>3210412153D207100246</oos:kbk><oos:budget>99010001</oos:budget><oos:actual>true</oos:actual><oos:start_date>2021-03-03T00:00:00</oos:start_date></nsiKBKBudget><nsiKBKBudget><oos:kbk>0750709475S464820811</oos:kbk><oos:budget>99010001</oos:budget><oos:actual>true</oos:actual><oos:start_date>2021-03-03T00:00:00</oos:start_date></nsiKBKBudget><nsiKBKBudget><oos:kbk>07104109970060940812</oos:kbk><oos:budget>99010001</oos:budget><oos:actual>true</oos:actual><oos:start_date>2021-03-09T00:00:00</oos:start_date></nsiKBKBudget><nsiKBKBudget><oos:kbk>38810020430490059247</oos:kbk><oos:budget>99010001</oos:budget><oos:actual>true</oos:actual><oos:start_date>2021-03-10T00:00:00</oos:start_date></nsiKBKBudget><nsiKBKBudget><oos:kbk>0750110475S604500613</oos:kbk><oos:budget>99010001</oos:budget><oos:actual>true</oos:actual><oos:start_date>2021-03-12T00:00:00</oos:start_date></nsiKBKBudget><nsiKBKBudget><oos:kbk>386090101КN308800612</oos:kbk><oos:budget>99010001</oos:budget><oos:actual>true</oos:actual><oos:start_date>2021-03-11T00:00:00</oos:start_date></nsiKBKBudget><nsiKBKBudget><oos:kbk>727090901К0590000400</oos:kbk><oos:budget>99010001</oos:budget><oos:actual>true</oos:actual><oos:start_date>2021-03-15T00:00:00</oos:start_date></nsiKBKBudget><nsiKBKBudget><oos:kbk>30301047820092501129</oos:kbk><oos:budget>99010001</oos:budget><oos:actual>true</oos:actual><oos:start_date>2021-03-16T00:00:00</oos:start_date></nsiKBKBudget><nsiKBKBudget><oos:kbk>1500401071P260373632</oos:kbk><oos:budget>99010001</oos:budget><oos:actual>true</oos:actual><oos:start_date>2021-03-17T00:00:00</oos:start_date></nsiKBKBudget><nsiKBKBudget><oos:kbk>07107040210238930600</oos:kbk><oos:budget>99010001</oos:budget><oos:actual>true</oos:actual><oos:start_date>2021-03-17T00:00:00</oos:start_date></nsiKBKBudget><nsiKBKBudget><oos:kbk>06905010511356250500</oos:kbk><oos:budget>99010001</oos:budget><oos:actual>true</oos:actual><oos:start_date>2021-03-18T00:00:00</oos:start_date></nsiKBKBudget><nsiKBKBudget><oos:kbk>07501104730293987622</oos:kbk><oos:budget>99010001</oos:budget><oos:actual>true</oos:actual><oos:start_date>2021-03-18T00:00:00</oos:start_date></nsiKBKBudget><nsiKBKBudget><oos:kbk>72707040210294009414</oos:kbk><oos:budget>99010001</oos:budget><oos:actual>true</oos:actual><oos:start_date>2021-03-18T00:00:00</oos:start_date></nsiKBKBudget><nsiKBKBudget><oos:kbk>72707064720194009414</oos:kbk><oos:budget>99010001</oos:budget><oos:actual>true</oos:actual><oos:start_date>2021-03-18T00:00:00</oos:start_date></nsiKBKBudget><nsiKBKBudget><oos:kbk>35004124311662441632</oos:kbk><oos:budget>99010001</oos:budget><oos:actual>true</oos:actual><oos:start_date>2021-03-18T00:00:00</oos:start_date></nsiKBKBudget><nsiKBKBudget><oos:kbk>09204010710250310500</oos:kbk><oos:budget>99010001</oos:budget><oos:actual>true</oos:actual><oos:start_date>2021-03-18T00:00:00</oos:start_date></nsiKBKBudget><nsiKBKBudget><oos:kbk>0730709024EА60511632</oos:kbk><oos:budget>99010001</oos:budget><oos:actual>true</oos:actual><oos:start_date>2021-03-19T00:00:00</oos:start_date></nsiKBKBudget><nsiKBKBudget><oos:kbk>0910707024E865630632</oos:kbk><oos:budget>99010001</oos:budget><oos:actual>true</oos:actual><oos:start_date>2021-03-01T00:00:00</oos:start_date></nsiKBKBudget><nsiKBKBudget><oos:kbk>321041215Г0099998246</oos:kbk><oos:budget>99010001</oos:budget><oos:actual>true</oos:actual><oos:start_date>2021-03-01T00:00:00</oos:start_date></nsiKBKBudget><nsiKBKBudget><oos:kbk>13904121520165209800</oos:kbk><oos:budget>99010001</oos:budget><oos:actual>true</oos:actual><oos:start_date>2021-03-03T00:00:00</oos:start_date></nsiKBKBudget><nsiKBKBudget><oos:kbk>16701133960590019853</oos:kbk><oos:budget>99010001</oos:budget><oos:actual>true</oos:actual><oos:start_date>2021-03-09T00:00:00</oos:start_date></nsiKBKBudget><nsiKBKBudget><oos:kbk>18201063930292501246</oos:kbk><oos:budget>99010001</oos:budget><oos:actual>true</oos:actual><oos:start_date>2021-03-15T00:00:00</oos:start_date></nsiKBKBudget><nsiKBKBudget><oos:kbk>107090901КN308800612</oos:kbk><oos:budget>99010001</oos:budget><oos:actual>true</oos:actual><oos:start_date>2021-03-11T00:00:00</oos:start_date></nsiKBKBudget><nsiKBKBudget><oos:kbk>107090901КN3N0000600</oos:kbk><oos:budget>99010001</oos:budget><oos:actual>true</oos:actual><oos:start_date>2021-03-11T00:00:00</oos:start_date></nsiKBKBudget><nsiKBKBudget><oos:kbk>17703091010492501212</oos:kbk><oos:budget>99010001</oos:budget><oos:actual>true</oos:actual><oos:start_date>2021-03-15T00:00:00</oos:start_date></nsiKBKBudget><nsiKBKBudget><oos:kbk>17703101010492501212</oos:kbk><oos:budget>99010001</oos:budget><oos:actual>true</oos:actual><oos:start_date>2021-03-15T00:00:00</oos:start_date></nsiKBKBudget><nsiKBKBudget><oos:kbk>727090901К0594009414</oos:kbk><oos:budget>99010001</oos:budget><oos:actual>true</oos:actual><oos:start_date>2021-03-15T00:00:00</oos:start_date></nsiKBKBudget><nsiKBKBudget><oos:kbk>16701133960590000300</oos:kbk><oos:budget>99010001</oos:budget><oos:actual>true</oos:actual><oos:start_date>2021-03-17T00:00:00</oos:start_date></nsiKBKBudget><nsiKBKBudget><oos:kbk>0730707024EВ64856600</oos:kbk><oos:budget>99010001</oos:budget><oos:actual>true</oos:actual><oos:start_date>2021-03-19T00:00:00</oos:start_date></nsiKBKBudget><nsiKBKBudget><oos:kbk>1880302234D672400414</oos:kbk><oos:budget>99010001</oos:budget><oos:actual>true</oos:actual><oos:start_date>2021-03-17T00:00:00</oos:start_date></nsiKBKBudget><nsiKBKBudget><oos:kbk>0730707024EВ64856632</oos:kbk><oos:budget>99010001</oos:budget><oos:actual>true</oos:actual><oos:start_date>2021-03-19T00:00:00</oos:start_date></nsiKBKBudget><nsiKBKBudget><oos:kbk>49804011030290059612</oos:kbk><oos:budget>99010001</oos:budget><oos:actual>true</oos:actual><oos:start_date>2021-03-02T00:00:00</oos:start_date></nsiKBKBudget><nsiKBKBudget><oos:kbk>0750706474S401000613</oos:kbk><oos:budget>99010001</oos:budget><oos:actual>true</oos:actual><oos:start_date>2021-03-09T00:00:00</oos:start_date></nsiKBKBudget><nsiKBKBudget><oos:kbk>02004121940260980811</oos:kbk><oos:budget>99010001</oos:budget><oos:actual>true</oos:actual><oos:start_date>2021-03-11T00:00:00</oos:start_date></nsiKBKBudget><nsiKBKBudget><oos:kbk>07504121970390059612</oos:kbk><oos:budget>99010001</oos:budget><oos:actual>true</oos:actual><oos:start_date>2021-03-11T00:00:00</oos:start_date></nsiKBKBudget><nsiKBKBudget><oos:kbk>06905020521256260500</oos:kbk><oos:budget>99010001</oos:budget><oos:actual>true</oos:actual><oos:start_date>2021-03-18T00:00:00</oos:start_date></nsiKBKBudget><nsiKBKBudget><oos:kbk>056090101К0692011244</oos:kbk><oos:budget>99010001</oos:budget><oos:actual>true</oos:actual><oos:start_date>2021-03-18T00:00:00</oos:start_date></nsiKBKBudget><nsiKBKBudget><oos:kbk>0750110475S604500812</oos:kbk><oos:budget>99010001</oos:budget><oos:actual>true</oos:actual><oos:start_date>2021-03-02T00:00:00</oos:start_date></nsiKBKBudget><nsiKBKBudget><oos:kbk>02004121840190000400</oos:kbk><oos:budget>99010001</oos:budget><oos:actual>true</oos:actual><oos:start_date>2021-03-04T00:00:00</oos:start_date></nsiKBKBudget><nsiKBKBudget><oos:kbk>02004121840192016412</oos:kbk><oos:budget>99010001</oos:budget><oos:actual>true</oos:actual><oos:start_date>2021-03-04T00:00:00</oos:start_date></nsiKBKBudget><nsiKBKBudget><oos:kbk>11001124710230460300</oos:kbk><oos:budget>99010001</oos:budget><oos:actual>true</oos:actual><oos:start_date>2021-03-09T00:00:00</oos:start_date></nsiKBKBudget><nsiKBKBudget><oos:kbk>07307020220267366632</oos:kbk><oos:budget>99010001</oos:budget><oos:actual>true</oos:actual><oos:start_date>2021-03-11T00:00:00</oos:start_date></nsiKBKBudget><nsiKBKBudget><oos:kbk>386090101КN3N0000600</oos:kbk><oos:budget>99010001</oos:budget><oos:actual>true</oos:actual><oos:start_date>2021-03-11T00:00:00</oos:start_date></nsiKBKBudget><nsiKBKBudget><oos:kbk>72709050150190000400</oos:kbk><oos:budget>99010001</oos:budget><oos:actual>true</oos:actual><oos:start_date>2021-03-15T00:00:00</oos:start_date></nsiKBKBudget><nsiKBKBudget><oos:kbk>0750706475S604900613</oos:kbk><oos:budget>99010001</oos:budget><oos:actual>true</oos:actual><oos:start_date>2021-03-15T00:00:00</oos:start_date></nsiKBKBudget><nsiKBKBudget><oos:kbk>72701063930290000400</oos:kbk><oos:budget>99010001</oos:budget><oos:actual>true</oos:actual><oos:start_date>2021-03-15T00:00:00</oos:start_date></nsiKBKBudget><nsiKBKBudget><oos:kbk>725041222ЖU263851451</oos:kbk><oos:budget>99010001</oos:budget><oos:actual>true</oos:actual><oos:start_date>2021-03-17T00:00:00</oos:start_date></nsiKBKBudget><nsiKBKBudget><oos:kbk>16701133960590019321</oos:kbk><oos:budget>99010001</oos:budget><oos:actual>true</oos:actual><oos:start_date>2021-03-17T00:00:00</oos:start_date></nsiKBKBudget><nsiKBKBudget><oos:kbk>35004124311662441600</oos:kbk><oos:budget>99010001</oos:budget><oos:actual>true</oos:actual><oos:start_date>2021-03-18T00:00:00</oos:start_date></nsiKBKBudget><nsiKBKBudget><oos:kbk>16704029990065700452</oos:kbk><oos:budget>99010001</oos:budget><oos:actual>true</oos:actual><oos:start_date>2021-03-18T00:00:00</oos:start_date></nsiKBKBudget><nsiKBKBudget><oos:kbk>17710030312756130500</oos:kbk><oos:budget>99010001</oos:budget><oos:actual>true</oos:actual><oos:start_date>2021-03-19T00:00:00</oos:start_date></nsiKBKBudget><nsiKBKBudget><oos:kbk>18808010840390059247</oos:kbk><oos:budget>99010001</oos:budget><oos:actual>true</oos:actual><oos:start_date>2021-03-01T00:00:00</oos:start_date></nsiKBKBudget><nsiKBKBudget><oos:kbk>07104102310192044244</oos:kbk><oos:budget>99010001</oos:budget><oos:actual>true</oos:actual><oos:start_date>2021-03-01T00:00:00</oos:start_date></nsiKBKBudget><nsiKBKBudget><oos:kbk>388090901Б0490019247</oos:kbk><oos:budget>99010001</oos:budget><oos:actual>true</oos:actual><oos:start_date>2021-03-01T00:00:00</oos:start_date></nsiKBKBudget><nsiKBKBudget><oos:kbk>07504121970390059622</oos:kbk><oos:budget>99010001</oos:budget><oos:actual>true</oos:actual><oos:start_date>2021-03-11T00:00:00</oos:start_date></nsiKBKBudget><nsiKBKBudget><oos:kbk>02004121780264752811</oos:kbk><oos:budget>99010001</oos:budget><oos:actual>true</oos:actual><oos:start_date>2021-03-11T00:00:00</oos:start_date></nsiKBKBudget><nsiKBKBudget><oos:kbk>188090101КN308800244</oos:kbk><oos:budget>99010001</oos:budget><oos:actual>true</oos:actual><oos:start_date>2021-03-11T00:00:00</oos:start_date></nsiKBKBudget><nsiKBKBudget><oos:kbk>72709050150194009414</oos:kbk><oos:budget>99010001</oos:budget><oos:actual>true</oos:actual><oos:start_date>2021-03-15T00:00:00</oos:start_date></nsiKBKBudget><nsiKBKBudget><oos:kbk>07104102340153660540</oos:kbk><oos:budget>99010001</oos:budget><oos:actual>true</oos:actual><oos:start_date>2021-03-18T00:00:00</oos:start_date></nsiKBKBudget><nsiKBKBudget><oos:kbk>09204010710250310550</oos:kbk><oos:budget>99010001</oos:budget><oos:actual>true</oos:actual><oos:start_date>2021-03-18T00:00:00</oos:start_date></nsiKBKBudget><nsiKBKBudget><oos:kbk>0730709024EА60509632</oos:kbk><oos:budget>99010001</oos:budget><oos:actual>true</oos:actual><oos:start_date>2021-03-19T00:00:00</oos:start_date></nsiKBKBudget><nsiKBKBudget><oos:kbk>16707053960592040244</oos:kbk><oos:budget>99010001</oos:budget><oos:actual>true</oos:actual><oos:start_date>2021-03-19T00:00:00</oos:start_date></nsiKBKBudget><nsiKBKBudget><oos:kbk>1500401071P260373623</oos:kbk><oos:budget>99010001</oos:budget><oos:actual>true</oos:actual><oos:start_date>2021-03-19T00:00:00</oos:start_date></nsiKBKBudget><nsiKBKBudget><oos:kbk>07507040210290059622</oos:kbk><oos:budget>99010001</oos:budget><oos:actual>true</oos:actual><oos:start_date>2021-03-01T00:00:00</oos:start_date></nsiKBKBudget><nsiKBKBudget><oos:kbk>72700000000000000000</oos:kbk><oos:budget>99010001</oos:budget><oos:actual>true</oos:actual><oos:start_date>2021-03-01T00:00:00</oos:start_date></nsiKBKBudget><nsiKBKBudget><oos:kbk>0750708475S464820812</oos:kbk><oos:budget>99010001</oos:budget><oos:actual>true</oos:actual><oos:start_date>2021-03-02T00:00:00</oos:start_date></nsiKBKBudget><nsiKBKBudget><oos:kbk>0750708471S700300632</oos:kbk><oos:budget>99010001</oos:budget><oos:actual>true</oos:actual><oos:start_date>2021-03-02T00:00:00</oos:start_date></nsiKBKBudget><nsiKBKBudget><oos:kbk>02004121960260980811</oos:kbk><oos:budget>99010001</oos:budget><oos:actual>true</oos:actual><oos:start_date>2021-03-11T00:00:00</oos:start_date></nsiKBKBudget><nsiKBKBudget><oos:kbk>0750706474S401000623</oos:kbk><oos:budget>99010001</oos:budget><oos:actual>true</oos:actual><oos:start_date>2021-03-11T00:00:00</oos:start_date></nsiKBKBudget><nsiKBKBudget><oos:kbk>30301047820092501244</oos:kbk><oos:budget>99010001</oos:budget><oos:actual>true</oos:actual><oos:start_date>2021-03-16T00:00:00</oos:start_date></nsiKBKBudget><nsiKBKBudget><oos:kbk>72707053930290000400</oos:kbk><oos:budget>99010001</oos:budget><oos:actual>true</oos:actual><oos:start_date>2021-03-16T00:00:00</oos:start_date></nsiKBKBudget><nsiKBKBudget><oos:kbk>06905020521256260521</oos:kbk><oos:budget>99010001</oos:budget><oos:actual>true</oos:actual><oos:start_date>2021-03-18T00:00:00</oos:start_date></nsiKBKBudget><nsiKBKBudget><oos:kbk>07107040210238930612</oos:kbk><oos:budget>99010001</oos:budget><oos:actual>true</oos:actual><oos:start_date>2021-03-17T00:00:00</oos:start_date></nsiKBKBudget><nsiKBKBudget><oos:kbk>72707064720190000400</oos:kbk><oos:budget>99010001</oos:budget><oos:actual>true</oos:actual><oos:start_date>2021-03-18T00:00:00</oos:start_date></nsiKBKBudget><nsiKBKBudget><oos:kbk>0730709024EВ64857600</oos:kbk><oos:budget>99010001</oos:budget><oos:actual>true</oos:actual><oos:start_date>2021-03-19T00:00:00</oos:start_date></nsiKBKBudget><nsiKBKBudget><oos:kbk>0730709024EА60509600</oos:kbk><oos:budget>99010001</oos:budget><oos:actual>true</oos:actual><oos:start_date>2021-03-19T00:00:00</oos:start_date></nsiKBKBudget><nsiKBKBudget><oos:kbk>30301047820092501121</oos:kbk><oos:budget>99010001</oos:budget><oos:actual>true</oos:actual><oos:start_date>2021-03-16T00:00:00</oos:start_date></nsiKBKBudget><nsiKBKBudget><oos:kbk>16707053960590000200</oos:kbk><oos:budget>99010001</oos:budget><oos:actual>true</oos:actual><oos:start_date>2021-03-19T00:00:00</oos:start_date></nsiKBKBudget><nsiKBKBudget><oos:kbk>13904121520165209811</oos:kbk><oos:budget>99010001</oos:budget><oos:actual>true</oos:actual><oos:start_date>2021-03-03T00:00:00</oos:start_date></nsiKBKBudget><nsiKBKBudget><oos:kbk>0750110475S6S0000800</oos:kbk><oos:budget>99010001</oos:budget><oos:actual>true</oos:actual><oos:start_date>2021-03-02T00:00:00</oos:start_date></nsiKBKBudget><nsiKBKBudget><oos:kbk>07104109970060940800</oos:kbk><oos:budget>99010001</oos:budget><oos:actual>true</oos:actual><oos:start_date>2021-03-09T00:00:00</oos:start_date></nsiKBKBudget><nsiKBKBudget><oos:kbk>0750709474S401600632</oos:kbk><oos:budget>99010001</oos:budget><oos:actual>true</oos:actual><oos:start_date>2021-03-02T00:00:00</oos:start_date></nsiKBKBudget><nsiKBKBudget><oos:kbk>02004121950260980811</oos:kbk><oos:budget>99010001</oos:budget><oos:actual>true</oos:actual><oos:start_date>2021-03-11T00:00:00</oos:start_date></nsiKBKBudget><nsiKBKBudget><oos:kbk>056090101К0191110622</oos:kbk><oos:budget>99010001</oos:budget><oos:actual>true</oos:actual><oos:start_date>2021-03-12T00:00:00</oos:start_date></nsiKBKBudget><nsiKBKBudget><oos:kbk>0750411474S506400613</oos:kbk><oos:budget>99010001</oos:budget><oos:actual>true</oos:actual><oos:start_date>2021-03-18T00:00:00</oos:start_date></nsiKBKBudget><nsiKBKBudget><oos:kbk>16704029990065700400</oos:kbk><oos:budget>99010001</oos:budget><oos:actual>true</oos:actual><oos:start_date>2021-03-18T00:00:00</oos:start_date></nsiKBKBudget><nsiKBKBudget><oos:kbk>17710030312756130540</oos:kbk><oos:budget>99010001</oos:budget><oos:actual>true</oos:actual><oos:start_date>2021-03-19T00:00:00</oos:start_date></nsiKBKBudget><nsiKBKBudget><oos:kbk>1500401071P260373613</oos:kbk><oos:budget>99010001</oos:budget><oos:actual>true</oos:actual><oos:start_date>2021-03-19T00:00:00</oos:start_date></nsiKBKBudget><nsiKBKBudget><oos:kbk>49804011030390059612</oos:kbk><oos:budget>99010001</oos:budget><oos:actual>true</oos:actual><oos:start_date>2021-03-02T00:00:00</oos:start_date></nsiKBKBudget><nsiKBKBudget><oos:kbk>16104011560490019246</oos:kbk><oos:budget>99010001</oos:budget><oos:actual>true</oos:actual><oos:start_date>2021-03-01T00:00:00</oos:start_date></nsiKBKBudget><nsiKBKBudget><oos:kbk>02004121930260980811</oos:kbk><oos:budget>99010001</oos:budget><oos:actual>true</oos:actual><oos:start_date>2021-03-11T00:00:00</oos:start_date></nsiKBKBudget><nsiKBKBudget><oos:kbk>06910030511356180500</oos:kbk><oos:budget>99010001</oos:budget><oos:actual>true</oos:actual><oos:start_date>2021-03-11T00:00:00</oos:start_date></nsiKBKBudget><nsiKBKBudget><oos:kbk>06910030511356180540</oos:kbk><oos:budget>99010001</oos:budget><oos:actual>true</oos:actual><oos:start_date>2021-03-11T00:00:00</oos:start_date></nsiKBKBudget><nsiKBKBudget><oos:kbk>188090101КN3N0000200</oos:kbk><oos:budget>99010001</oos:budget><oos:actual>true</oos:actual><oos:start_date>2021-03-11T00:00:00</oos:start_date></nsiKBKBudget><nsiKBKBudget><oos:kbk>72707053930294009414</oos:kbk><oos:budget>99010001</oos:budget><oos:actual>true</oos:actual><oos:start_date>2021-03-16T00:00:00</oos:start_date></nsiKBKBudget><nsiKBKBudget><oos:kbk>06905010511356250540</oos:kbk><oos:budget>99010001</oos:budget><oos:actual>true</oos:actual><oos:start_date>2021-03-18T00:00:00</oos:start_date></nsiKBKBudget><nsiKBKBudget><oos:kbk>72707040210290000400</oos:kbk><oos:budget>99010001</oos:budget><oos:actual>true</oos:actual><oos:start_date>2021-03-18T00:00:00</oos:start_date></nsiKBKBudget><nsiKBKBudget><oos:kbk>07104102340153660500</oos:kbk><oos:budget>99010001</oos:budget><oos:actual>true</oos:actual><oos:start_date>2021-03-18T00:00:00</oos:start_date></nsiKBKBudget><nsiKBKBudget><oos:kbk>07507094750590059612</oos:kbk><oos:budget>99010001</oos:budget><oos:actual>true</oos:actual><oos:start_date>2021-03-18T00:00:00</oos:start_date></nsiKBKBudget><nsiKBKBudget><oos:kbk>0730709024EВ64857632</oos:kbk><oos:budget>99010001</oos:budget><oos:actual>true</oos:actual><oos:start_date>2021-03-19T00:00:00</oos:start_date></nsiKBKBudget><nsiKBKBudget><oos:kbk>0730709024EА60511600</oos:kbk><oos:budget>99010001</oos:budget><oos:actual>true</oos:actual><oos:start_date>2021-03-19T00:00:00</oos:start_date></nsiKBKBudget></nsiKBKBudgetList></export>