<?xml version="1.0" encoding="UTF-8"?><export xmlns:xsi="http://www.w3.org/2001/XMLSchema-instance" xmlns="http://zakupki.gov.ru/oos/export/1" xmlns:oos="http://zakupki.gov.ru/oos/types/1"><nsiClosedEPCasesList><nsiClosedEPCases><oos:code>PURa3924</oos:code><oos:name>Закупка в соответствии с пп. «а» п. 3 ч. 9 ст. 24 Закона № 44 ФЗ (текстовое значение - закупка услуг по страхованию, транспортировке, охране ценностей Государственного фонда драгоценных металлов и драгоценных камней Российской Федерации)</oos:name><oos:updateDate>2021-01-01T17:25:57.000000</oos:updateDate><oos:isActual>true</oos:isActual></nsiClosedEPCases><nsiClosedEPCases><oos:code>PURb3924</oos:code><oos:name>Закупка в соответствии с пп. «б» п. 3 ч. 9 ст. 24 Закона № 44 ФЗ (текстовое значение - закупка услуг по страхованию, транспортировке, охране музейных предметов и музейных коллекций, редких и ценных изданий, рукописей, архивных документов (включая их копии), имеющих историческое, художественное или иное культурное значение, в том числе в случае их передачи и (или) получения заказчиками во временное владение и пользование либо во временное пользование, в том числе в связи с проведением выставок на территории Российской Федерации и (или) территориях иностранных государств)</oos:name><oos:updateDate>2021-01-01T17:25:57.000000</oos:updateDate><oos:isActual>true</oos:isActual></nsiClosedEPCases><nsiClosedEPCases><oos:code>PUR4924</oos:code><oos:name>Закупка в соответствии с п. 4 ч. 9 ст. 24 Закона № 44 ФЗ (текстовое значение - закупка услуг для обеспечения деятельности судебных приставов по техническому обслуживанию, эксплуатационному контролю, текущему ремонту зданий и сооружений, по уборке таких зданий и сооружений, прилегающей к ним территории, по перевозкам грузов, пассажиров и багажа)</oos:name><oos:updateDate>2021-01-01T17:25:57.000000</oos:updateDate><oos:isActual>true</oos:isActual></nsiClosedEPCases><nsiClosedEPCases><oos:code>PUR5924</oos:code><oos:name>Закупка в соответствии с п. 5 ч. 9 ст. 24 Закона № 44 ФЗ (текстовое значение - закупка федеральными органами исполнительной власти, осуществляющими функции по выработке и реализации государственной политики в области обороны, в области государственной охраны, государственного управления в области обеспечения безопасности Российской Федерации, в сфере деятельности войск национальной гвардии Российской Федерации, подведомственными им государственными учреждениями, государственными унитарными предприятиями. Перечень указанных органов, учреждений и предприятий утверждается Правительством Российской Федерации)</oos:name><oos:updateDate>2021-01-01T17:25:57.000000</oos:updateDate><oos:isActual>true</oos:isActual></nsiClosedEPCases><nsiClosedEPCases><oos:code>PUR6924</oos:code><oos:name>Закупка в соответствии с п. 6 ч. 9 ст. 24 Закона № 44 ФЗ (текстовое значение - закупка на создание, модернизацию, поставку, ремонт, сервисное обслуживание, утилизацию вооружения, военной и специальной техники)</oos:name><oos:updateDate>2021-01-01T17:25:57.000000</oos:updateDate><oos:isActual>true</oos:isActual></nsiClosedEPCases><nsiClosedEPCases><oos:code>PUR7924</oos:code><oos:name>Закупка в соответствии с п. 7 ч. 9 ст. 24 Закона № 44 ФЗ (текстовое значение - закупка на проведение работ по исследованию и использованию космического пространства, на создание (в том числе разработку, изготовление и испытания) космических материалов и космических технологий, на создание (в том числе разработку, изготовление и испытания), модернизацию, поставку, ремонт, сервисное обслуживание, использование (эксплуатацию), утилизацию космической техники)</oos:name><oos:updateDate>2021-01-01T17:25:57.000000</oos:updateDate><oos:isActual>true</oos:isActual></nsiClosedEPCases><nsiClosedEPCases><oos:code>PUR1024</oos:code><oos:name>Закупка в соответствии с ч. 10 ст. 24 Закона № 44 ФЗ (текстовое значение - закупка для обеспечения деятельности судей)</oos:name><oos:updateDate>2021-01-01T17:25:57.000000</oos:updateDate><oos:isActual>true</oos:isActual></nsiClosedEPCases></nsiClosedEPCasesList></export>