<?xml version="1.0" encoding="UTF-8"?><export xmlns:xsi="http://www.w3.org/2001/XMLSchema-instance" xmlns="http://zakupki.gov.ru/oos/export/1" xmlns:oos="http://zakupki.gov.ru/oos/types/1"><nsiClosedMethodsOfReason><nsiClosedMethodOfReason><oos:reasonCode>1</oos:reasonCode><oos:reasonName>Заключение контрактов на оказание услуг по страхованию, транспортировке и охране ценностей Государственного фонда драгоценных металлов и драгоценных камней Российской Федерации, на оказание услуг по страхованию, транспортировке, охране музейных предметов и музейных коллекций, редких и ценных изданий, рукописей, архивных документов (включая их копии), имеющих историческое, художественное или иное культурное значение и передаваемых заказчиками физическим лицам или юридическим лицам либо принимаемых заказчиками от физических лиц или юридических лиц во временное владение и пользование либо во временное пользование, в том числе в связи с проведением выставок на территории Российской Федерации и (или) территориях иностранных государств</oos:reasonName><oos:reasonLaw>Пункт 3 части 2 статьи 84</oos:reasonLaw><oos:lastUpdateDate>2018-06-29T23:19:10</oos:lastUpdateDate><oos:actual>true</oos:actual><oos:isHideInfoRequired>true</oos:isHideInfoRequired></nsiClosedMethodOfReason><nsiClosedMethodOfReason><oos:reasonCode>2</oos:reasonCode><oos:reasonName>Закупка услуг по уборке помещений, услуг водителей для обеспечения деятельности судей, судебных приставов</oos:reasonName><oos:reasonLaw>Пункт 4 части 2 статьи 84</oos:reasonLaw><oos:lastUpdateDate>2018-06-29T23:19:10</oos:lastUpdateDate><oos:actual>true</oos:actual><oos:isHideInfoRequired>true</oos:isHideInfoRequired></nsiClosedMethodOfReason><nsiClosedMethodOfReason><oos:reasonCode>3</oos:reasonCode><oos:reasonName>Закупка федеральными органами исполнительной власти, осуществляющими функции по выработке и реализации государственной политики в области обороны, государственного управления в области обеспечения безопасности Российской Федерации, подведомственными им государственными учреждениями, государственными унитарными предприятиями, за исключением случаев, установленных частью 2 статьи 84.1 Федерального закона № 44-ФЗ</oos:reasonName><oos:reasonLaw>Пункт 5 части 2 статьи 84</oos:reasonLaw><oos:lastUpdateDate>2018-06-29T23:19:10</oos:lastUpdateDate><oos:actual>true</oos:actual><oos:isHideInfoRequired>true</oos:isHideInfoRequired></nsiClosedMethodOfReason></nsiClosedMethodsOfReason></export>