<?xml version="1.0" encoding="UTF-8"?><export xmlns:xsi="http://www.w3.org/2001/XMLSchema-instance" xmlns="http://zakupki.gov.ru/oos/export/1" xmlns:oos="http://zakupki.gov.ru/oos/types/1"><nsiPurchaseRejectReasonList><nsiPurchaseRejectReason><oos:id>49030780</oos:id><oos:code>ND11241</oos:code><oos:reason>Непредставление документов, предусмотренных ч. 11 ст. 24.1 Закона № 44 ФЗ</oos:reason><oos:placingWays><oos:placingWay><oos:code>ZK20</oos:code><oos:name>Запрос котировок в электронной форме</oos:name></oos:placingWay><oos:placingWay><oos:code>ZKP20</oos:code><oos:name>Запрос котировок в электронной форме</oos:name></oos:placingWay><oos:placingWay><oos:code>EZK20</oos:code><oos:name>Запрос котировок в электронной форме для заключения энергосервисного контракта</oos:name></oos:placingWay></oos:placingWays><oos:actual>true</oos:actual><oos:subsystemType>FZ44</oos:subsystemType></nsiPurchaseRejectReason><nsiPurchaseRejectReason><oos:id>49030781</oos:id><oos:code>ND45821</oos:code><oos:reason>Непредставление документов, предусмотренных п. 4 ч. 5 ст. 82.1 Закона № 44-ФЗ</oos:reason><oos:placingWays><oos:placingWay><oos:code>ZK20</oos:code><oos:name>Запрос котировок в электронной форме</oos:name></oos:placingWay><oos:placingWay><oos:code>ZKP20</oos:code><oos:name>Запрос котировок в электронной форме</oos:name></oos:placingWay><oos:placingWay><oos:code>EZK20</oos:code><oos:name>Запрос котировок в электронной форме для заключения энергосервисного контракта</oos:name></oos:placingWay><oos:placingWay><oos:code>EZT20</oos:code><oos:name>Закупка товара у единственного поставщика на сумму, предусмотренную частью 12 статьи 93 Закона № 44-ФЗ</oos:name></oos:placingWay><oos:placingWay><oos:code>EZTP20</oos:code><oos:name>Закупка товара у единственного поставщика на сумму, предусмотренную частью 12 статьи 93 Закона № 44-ФЗ</oos:name></oos:placingWay></oos:placingWays><oos:actual>true</oos:actual><oos:subsystemType>FZ44</oos:subsystemType></nsiPurchaseRejectReason><nsiPurchaseRejectReason><oos:id>49030782</oos:id><oos:code>VNINF</oos:code><oos:reason>Выявление недостоверной информации, содержащейся в заявке на участие в закупке</oos:reason><oos:placingWays><oos:placingWay><oos:code>ZK20</oos:code><oos:name>Запрос котировок в электронной форме</oos:name></oos:placingWay><oos:placingWay><oos:code>ZKP20</oos:code><oos:name>Запрос котировок в электронной форме</oos:name></oos:placingWay><oos:placingWay><oos:code>EZK20</oos:code><oos:name>Запрос котировок в электронной форме для заключения энергосервисного контракта</oos:name></oos:placingWay><oos:placingWay><oos:code>EZT20</oos:code><oos:name>Закупка товара у единственного поставщика на сумму, предусмотренную частью 12 статьи 93 Закона № 44-ФЗ</oos:name></oos:placingWay><oos:placingWay><oos:code>EZTP20</oos:code><oos:name>Закупка товара у единственного поставщика на сумму, предусмотренную частью 12 статьи 93 Закона № 44-ФЗ</oos:name></oos:placingWay></oos:placingWays><oos:actual>true</oos:actual><oos:subsystemType>FZ44</oos:subsystemType></nsiPurchaseRejectReason><nsiPurchaseRejectReason><oos:id>49030783</oos:id><oos:code>ND5821</oos:code><oos:reason>Непредставление документов, предусмотренных ч. 5 ст. 82.1 Закона № 44-ФЗ </oos:reason><oos:placingWays><oos:placingWay><oos:code>ZK20</oos:code><oos:name>Запрос котировок в электронной форме</oos:name></oos:placingWay><oos:placingWay><oos:code>ZKP20</oos:code><oos:name>Запрос котировок в электронной форме</oos:name></oos:placingWay><oos:placingWay><oos:code>EZK20</oos:code><oos:name>Запрос котировок в электронной форме для заключения энергосервисного контракта</oos:name></oos:placingWay></oos:placingWays><oos:actual>true</oos:actual><oos:subsystemType>FZ44</oos:subsystemType></nsiPurchaseRejectReason></nsiPurchaseRejectReasonList></export>