<?xml version="1.0" encoding="UTF-8"?><export xmlns:xsi="http://www.w3.org/2001/XMLSchema-instance" xmlns="http://zakupki.gov.ru/oos/export/1" xmlns:oos="http://zakupki.gov.ru/oos/types/1"><nsiBudgetList><nsiBudget><oos:code>14030117</oos:code><oos:name>Бюджет городского округа Сунжа</oos:name><oos:actual>false</oos:actual></nsiBudget><nsiBudget><oos:code>14030125</oos:code><oos:name>Бюджет городского поселения Орджоникидзевское</oos:name><oos:actual>false</oos:actual></nsiBudget><nsiBudget><oos:code>31031785</oos:code><oos:name>Бюджет Синявского сельского поселения Таловского муниципального района Воронежской области</oos:name><oos:actual>true</oos:actual></nsiBudget><nsiBudget><oos:code>36033230</oos:code><oos:name>Муниципальное образование Удомельский городской округ</oos:name><oos:actual>true</oos:actual></nsiBudget><nsiBudget><oos:code>94031769</oos:code><oos:name>бюджет Ново-Бенойского сельского поселения Гудермесского муниципального района</oos:name><oos:actual>true</oos:actual></nsiBudget><nsiBudget><oos:code>03031773</oos:code><oos:name>Бюджет Муниципального образования &quot;сельсовет &quot;Дучинский&quot; Новолакского района Республики Дагестан</oos:name><oos:actual>true</oos:actual></nsiBudget><nsiBudget><oos:code>22031770</oos:code><oos:name>Бюджет Гвасюгинского сельского поселения</oos:name><oos:actual>true</oos:actual></nsiBudget><nsiBudget><oos:code>61031770</oos:code><oos:name>Бюджет Углегорского городского округа</oos:name><oos:actual>true</oos:actual></nsiBudget><nsiBudget><oos:code>32031776</oos:code><oos:name>Бюджет городского округа Перевозский Нижегородской области</oos:name><oos:actual>true</oos:actual></nsiBudget><nsiBudget><oos:code>48031779</oos:code><oos:name>городской округ Павловский Посад Московской области</oos:name><oos:actual>true</oos:actual></nsiBudget><nsiBudget><oos:code>48031786</oos:code><oos:name>Наро-Фоминский городской округ</oos:name><oos:actual>true</oos:actual></nsiBudget><nsiBudget><oos:code>48031784</oos:code><oos:name>Городской округ Ступино Московской области</oos:name><oos:actual>true</oos:actual></nsiBudget><nsiBudget><oos:code>48031778</oos:code><oos:name>городской округ Зарайск Московской области</oos:name><oos:actual>true</oos:actual></nsiBudget><nsiBudget><oos:code>48031782</oos:code><oos:name>муниципальное образование городской округ Люберцы Московской области</oos:name><oos:actual>true</oos:actual></nsiBudget><nsiBudget><oos:code>48031780</oos:code><oos:name>городской округ Красногорск</oos:name><oos:actual>true</oos:actual></nsiBudget><nsiBudget><oos:code>48031787</oos:code><oos:name>городской округ Истра</oos:name><oos:actual>true</oos:actual></nsiBudget><nsiBudget><oos:code>48031785</oos:code><oos:name>Городской округ Шатура Московской области</oos:name><oos:actual>true</oos:actual></nsiBudget><nsiBudget><oos:code>48031783</oos:code><oos:name>городской округ Чехов</oos:name><oos:actual>true</oos:actual></nsiBudget><nsiBudget><oos:code>48031781</oos:code><oos:name>Рузский городской округ</oos:name><oos:actual>true</oos:actual></nsiBudget><nsiBudget><oos:code>48031777</oos:code><oos:name>городской округ Луховицы Московской области</oos:name><oos:actual>true</oos:actual></nsiBudget><nsiBudget><oos:code>36033231</oos:code><oos:name>Осташковский городской округ</oos:name><oos:actual>true</oos:actual></nsiBudget><nsiBudget><oos:code>36033232</oos:code><oos:name>Муниципальное образование Селижаровское сельское поселение Селижаровского района Тверской области</oos:name><oos:actual>true</oos:actual></nsiBudget><nsiBudget><oos:code>55031769</oos:code><oos:name>Бюджет Вачелайского сельсовета Сосновоборского района Пензенской области</oos:name><oos:actual>true</oos:actual></nsiBudget><nsiBudget><oos:code>21030347</oos:code><oos:name>Бюджет Нефтекумского городского округа Ставропольского края</oos:name><oos:actual>true</oos:actual></nsiBudget><nsiBudget><oos:code>21030345</oos:code><oos:name>Бюджет Ипатовского городского округа Ставропольского края</oos:name><oos:actual>true</oos:actual></nsiBudget><nsiBudget><oos:code>21030342</oos:code><oos:name>Бюджет Советского городского округа Ставропольского края</oos:name><oos:actual>true</oos:actual></nsiBudget><nsiBudget><oos:code>21030343</oos:code><oos:name>Бюджет Изобильненского городского округа Ставропольского края</oos:name><oos:actual>true</oos:actual></nsiBudget><nsiBudget><oos:code>55031772</oos:code><oos:name>Бюджет Шугуровского сельсовета Сосновоборского района Пензенской области</oos:name><oos:actual>true</oos:actual></nsiBudget><nsiBudget><oos:code>55031770</oos:code><oos:name>Бюджет Нижнекатмисского сельсовета Сосновоборского района Пензенской области</oos:name><oos:actual>true</oos:actual></nsiBudget><nsiBudget><oos:code>21030348</oos:code><oos:name>Бюджет Петровского городского округа Ставропольского края</oos:name><oos:actual>true</oos:actual></nsiBudget><nsiBudget><oos:code>21030346</oos:code><oos:name>Бюджет Кировского городского округа Ставропольского края</oos:name><oos:actual>true</oos:actual></nsiBudget><nsiBudget><oos:code>21030344</oos:code><oos:name>Бюджет Благодарненского городского округа Ставропольского края</oos:name><oos:actual>true</oos:actual></nsiBudget><nsiBudget><oos:code>21030341</oos:code><oos:name>Бюджет Новоалександровского городского округа Ставропольского края</oos:name><oos:actual>true</oos:actual></nsiBudget><nsiBudget><oos:code>55031771</oos:code><oos:name>Бюджет Николо-Барнуковского сельсовета Сосновоборского района Пензенской области</oos:name><oos:actual>true</oos:actual></nsiBudget><nsiBudget><oos:code>31031791</oos:code><oos:name>Бюджет Тамбовского сельского поселения Терновского муниципального района Воронежской области</oos:name><oos:actual>true</oos:actual></nsiBudget><nsiBudget><oos:code>30031775</oos:code><oos:name>Бюджет сельского поселения Андомское</oos:name><oos:actual>true</oos:actual></nsiBudget><nsiBudget><oos:code>30031774</oos:code><oos:name>Бюджет сельского поселения Оштинское Вытегорского муниципального района</oos:name><oos:actual>true</oos:actual></nsiBudget><nsiBudget><oos:code>30031773</oos:code><oos:name>Бюджет сельского поселения Сосновское</oos:name><oos:actual>true</oos:actual></nsiBudget><nsiBudget><oos:code>30031772</oos:code><oos:name>Бюджет сельского поселения Подлесное</oos:name><oos:actual>true</oos:actual></nsiBudget><nsiBudget><oos:code>59031773</oos:code><oos:name>Бюджет муниципального образования - Борисовское сельское поселение Александро-Невского муниципального района Рязанской области</oos:name><oos:actual>true</oos:actual></nsiBudget><nsiBudget><oos:code>59031774</oos:code><oos:name>Бюджет муниципального образования - Каширинское сельское поселение Александро-Невского муниципального района Рязанской области</oos:name><oos:actual>true</oos:actual></nsiBudget><nsiBudget><oos:code>34031770</oos:code><oos:name>Бюджет городского поселения Белореченского муниципального образования</oos:name><oos:actual>true</oos:actual></nsiBudget><nsiBudget><oos:code>59031771</oos:code><oos:name>Бюджет муниципального образования - Ольховское сельское поселение Шацкого муниципального района Рязанской области</oos:name><oos:actual>true</oos:actual></nsiBudget><nsiBudget><oos:code>34031771</oos:code><oos:name>Бюджет Ульканского городского поселения Казачинско-Ленского муниципального района Иркутской области</oos:name><oos:actual>true</oos:actual></nsiBudget><nsiBudget><oos:code>59031780</oos:code><oos:name>Бюджет муниципального образования - Екшурское сельское поселение Клепиковского муниципального района Рязанской области</oos:name><oos:actual>true</oos:actual></nsiBudget><nsiBudget><oos:code>59031778</oos:code><oos:name>Бюджет Первинского сельского поселения</oos:name><oos:actual>true</oos:actual></nsiBudget><nsiBudget><oos:code>59031776</oos:code><oos:name>Бюджет муниципального образования - Окское сельское поселение Рязанского муниципального района Рязанской области</oos:name><oos:actual>true</oos:actual></nsiBudget><nsiBudget><oos:code>59031775</oos:code><oos:name>Бюджет муниципального образования - Вышгородское сельское поселение Рязанского муниципального района Рязанской области</oos:name><oos:actual>true</oos:actual></nsiBudget><nsiBudget><oos:code>59031772</oos:code><oos:name>Бюджет муниципального образования - Ямбирнское сельское поселение Шацкого муниципального района Рязанской области</oos:name><oos:actual>true</oos:actual></nsiBudget><nsiBudget><oos:code>59031770</oos:code><oos:name>Бюджет муниципального образования - Лесно-Полянское сельское поселение Шацкого муниципального района Рязанской области</oos:name><oos:actual>true</oos:actual></nsiBudget><nsiBudget><oos:code>59031781</oos:code><oos:name>Бюджет муниципального образования - Колесниковское сельское поселение Клепиковского муниципального района Рязанской области</oos:name><oos:actual>true</oos:actual></nsiBudget><nsiBudget><oos:code>59031779</oos:code><oos:name>Бюджет муниципального образования - Болоньское сельское поселение Клепиковского муниципального района Рязанской области</oos:name><oos:actual>true</oos:actual></nsiBudget><nsiBudget><oos:code>59031777</oos:code><oos:name>Бюджет муниципального образования - Семеновское сельское поселение Рязанского муниципального района Рязанской области</oos:name><oos:actual>true</oos:actual></nsiBudget><nsiBudget><oos:code>30031776</oos:code><oos:name>Бюджет поселения Сухонское</oos:name><oos:actual>true</oos:actual></nsiBudget><nsiBudget><oos:code>30031777</oos:code><oos:name>Бюджет сельского поселения Заречное</oos:name><oos:actual>true</oos:actual></nsiBudget><nsiBudget><oos:code>24031776</oos:code><oos:name>Бюджет муниципального образования &quot;Самодедское&quot;</oos:name><oos:actual>true</oos:actual></nsiBudget><nsiBudget><oos:code>09031782</oos:code><oos:name>Бюджет Набережного сельского поселения Ромодановского муниципального района Республики Мордовия</oos:name><oos:actual>true</oos:actual></nsiBudget><nsiBudget><oos:code>09031784</oos:code><oos:name>Бюджет Липкинского сельского поселения Ромодановского муниципального района Республики Мордовия</oos:name><oos:actual>true</oos:actual></nsiBudget><nsiBudget><oos:code>09031783</oos:code><oos:name>Бюджет Трофимовщинского сельского поселения Ромодановского муниципального района Республики Мордовия</oos:name><oos:actual>true</oos:actual></nsiBudget><nsiBudget><oos:code>09031785</oos:code><oos:name>Бюджет Вышинского сельского поселения Зубово-Полянского муниципального района Республики Мордовия</oos:name><oos:actual>true</oos:actual></nsiBudget><nsiBudget><oos:code>09031787</oos:code><oos:name>Бюджет Большемаресевского сельского поселения Чамзинского муниципального района Республики Мордовия</oos:name><oos:actual>true</oos:actual></nsiBudget><nsiBudget><oos:code>09031786</oos:code><oos:name>Бюджет Вармазейского сельского поселения Большеигнатовского муниципального района Республики Мордовия</oos:name><oos:actual>true</oos:actual></nsiBudget><nsiBudget><oos:code>26031772</oos:code><oos:name>Бюджет Шебекинского городского округа</oos:name><oos:actual>true</oos:actual></nsiBudget><nsiBudget><oos:code>09031789</oos:code><oos:name>Бюджет Старотеризморгского сельского поселения Старошайговского муниципального района Республики Мордовия</oos:name><oos:actual>true</oos:actual></nsiBudget><nsiBudget><oos:code>09031788</oos:code><oos:name>Бюджет Новотроицкого сельского поселения Старошайговского муниципального района Республики Мордовия</oos:name><oos:actual>true</oos:actual></nsiBudget><nsiBudget><oos:code>09031790</oos:code><oos:name>Бюджет Анаевского сельского поселения Зубово-Полянского муниципального района Республики Мордовия 2019</oos:name><oos:actual>false</oos:actual></nsiBudget><nsiBudget><oos:code>09031791</oos:code><oos:name>Бюджет Палаевско-Урледимского сельского поселения Рузаевского муниципального района Республики Мордовия</oos:name><oos:actual>true</oos:actual></nsiBudget><nsiBudget><oos:code>09031793</oos:code><oos:name>Бюджет Берегово-Сыресевского сельского поселения Ичалковского муниципального района Республики Мордовия</oos:name><oos:actual>true</oos:actual></nsiBudget><nsiBudget><oos:code>09031792</oos:code><oos:name>Бюджет Ладского сельского поселения Ичалковского муниципального района Республики Мордовия</oos:name><oos:actual>true</oos:actual></nsiBudget><nsiBudget><oos:code>09031794</oos:code><oos:name>Бюджет Чукальского сельского поселения Ардатовского муниципального района Республики Мордовия</oos:name><oos:actual>true</oos:actual></nsiBudget><nsiBudget><oos:code>09031796</oos:code><oos:name>Бюджет Лобаскинского сельского поселения Ичалковского муниципального района Республики Мордовия</oos:name><oos:actual>true</oos:actual></nsiBudget><nsiBudget><oos:code>09031795</oos:code><oos:name>Бюджет Урусовского сельского поселения Ардатовского муниципального района Республики Мордовия</oos:name><oos:actual>true</oos:actual></nsiBudget><nsiBudget><oos:code>09031798</oos:code><oos:name>Бюджет Троицкого сельского поселения Ковылкинского муниципального района Республики Мордовия</oos:name><oos:actual>true</oos:actual></nsiBudget><nsiBudget><oos:code>09031797</oos:code><oos:name>Бюджет Тархановского сельского поселения Темниковского муниципального района Республики Мордовия</oos:name><oos:actual>true</oos:actual></nsiBudget><nsiBudget><oos:code>09031799</oos:code><oos:name>Бюджет Большеремезенского сельского поселения Чамзинского муниципального района Республики Мордовия</oos:name><oos:actual>true</oos:actual></nsiBudget><nsiBudget><oos:code>09031800</oos:code><oos:name>Бюджет Ардатовского сельского поселения Дубенского муниципального района Республики Мордовия</oos:name><oos:actual>true</oos:actual></nsiBudget><nsiBudget><oos:code>34031772</oos:code><oos:name>Новотельбинское сельское муниципальное образование</oos:name><oos:actual>true</oos:actual></nsiBudget><nsiBudget><oos:code>09031801</oos:code><oos:name>Бюджет Красноармейского сельского поселения Торбеевского муниципального района Республики Мордовия</oos:name><oos:actual>true</oos:actual></nsiBudget><nsiBudget><oos:code>09031802</oos:code><oos:name>Бюджет Нововерхисского сельского поселения Инсарского муниципального района Республики Мордовия</oos:name><oos:actual>true</oos:actual></nsiBudget><nsiBudget><oos:code>67031771</oos:code><oos:name>бюджет Голышмановского городского округа</oos:name><oos:actual>true</oos:actual></nsiBudget><nsiBudget><oos:code>43031785</oos:code><oos:name>Бюджет Галкинского сельсовета</oos:name><oos:actual>false</oos:actual></nsiBudget><nsiBudget><oos:code>46031776</oos:code><oos:name>Бюджет сельского поселения Куйманский сельсовет Лебедянского муниципального района</oos:name><oos:actual>true</oos:actual></nsiBudget><nsiBudget><oos:code>43031775</oos:code><oos:name>Бюджет Елошанского сельсовета</oos:name><oos:actual>true</oos:actual></nsiBudget><nsiBudget><oos:code>43031774</oos:code><oos:name>Бюджет Пепелинского сельсовета</oos:name><oos:actual>true</oos:actual></nsiBudget><nsiBudget><oos:code>43031773</oos:code><oos:name>Бюджет Советского сельсовета</oos:name><oos:actual>true</oos:actual></nsiBudget><nsiBudget><oos:code>43031771</oos:code><oos:name>Бюджет Иковского сельсовета</oos:name><oos:actual>true</oos:actual></nsiBudget><nsiBudget><oos:code>43031769</oos:code><oos:name>Бюджет Ягоднинского сельсовета Альменевского района</oos:name><oos:actual>true</oos:actual></nsiBudget><nsiBudget><oos:code>43031776</oos:code><oos:name>Бюджет Баксарского сельсовета</oos:name><oos:actual>true</oos:actual></nsiBudget><nsiBudget><oos:code>43031770</oos:code><oos:name>Бюджет Барабинского сельсовета</oos:name><oos:actual>true</oos:actual></nsiBudget><nsiBudget><oos:code>43031772</oos:code><oos:name>Бюджет Митинского сельсовета</oos:name><oos:actual>true</oos:actual></nsiBudget><nsiBudget><oos:code>43031781</oos:code><oos:name>Бюджет Казаркинского сельсовета</oos:name><oos:actual>false</oos:actual></nsiBudget><nsiBudget><oos:code>43031784</oos:code><oos:name>Бюджет Батуринского сельсовета</oos:name><oos:actual>true</oos:actual></nsiBudget><nsiBudget><oos:code>43031783</oos:code><oos:name>Бюджет Боровского сельсовета Белозерского района</oos:name><oos:actual>true</oos:actual></nsiBudget><nsiBudget><oos:code>43031777</oos:code><oos:name>Бюджет Обанинского сельсовета</oos:name><oos:actual>true</oos:actual></nsiBudget><nsiBudget><oos:code>43031780</oos:code><oos:name>Бюджет Чашинского сельсовета</oos:name><oos:actual>true</oos:actual></nsiBudget><nsiBudget><oos:code>43031779</oos:code><oos:name>Бюджет Боровлянского сельсовета Притобольного района</oos:name><oos:actual>true</oos:actual></nsiBudget><nsiBudget><oos:code>43031782</oos:code><oos:name>Бюджет Чебаковского сельсовета</oos:name><oos:actual>false</oos:actual></nsiBudget><nsiBudget><oos:code>43031778</oos:code><oos:name>Бюджет Камаганского сельсовета Куртамышского района</oos:name><oos:actual>true</oos:actual></nsiBudget><nsiBudget><oos:code>48031788</oos:code><oos:name>городской округ Ликино-Дулёво Московской области</oos:name><oos:actual>true</oos:actual></nsiBudget><nsiBudget><oos:code>48031789</oos:code><oos:name>городской округ Клин Московской области</oos:name><oos:actual>true</oos:actual></nsiBudget><nsiBudget><oos:code>48031790</oos:code><oos:name>Можайский городской округ Московской области</oos:name><oos:actual>true</oos:actual></nsiBudget><nsiBudget><oos:code>48031793</oos:code><oos:name>Дмитровский городской округ Московской области</oos:name><oos:actual>true</oos:actual></nsiBudget><nsiBudget><oos:code>48031791</oos:code><oos:name>Богородский городской округ Московской области</oos:name><oos:actual>true</oos:actual></nsiBudget><nsiBudget><oos:code>48031792</oos:code><oos:name>Талдомский городской округ</oos:name><oos:actual>true</oos:actual></nsiBudget><nsiBudget><oos:code>09031804</oos:code><oos:name>Бюджет Атяшевского сельского поселения Атяшевского муниципального района Республики Мордовия 2019</oos:name><oos:actual>false</oos:actual></nsiBudget><nsiBudget><oos:code>09031803</oos:code><oos:name>Бюджет Протасовского сельского поселения Лямбирского муниципального района Республики Мордовия</oos:name><oos:actual>true</oos:actual></nsiBudget><nsiBudget><oos:code>94031770</oos:code><oos:name>бюджет Гудермесского городского поселения Гудермесского муниципального района Чеченской Республики</oos:name><oos:actual>true</oos:actual></nsiBudget><nsiBudget><oos:code>09031805</oos:code><oos:name>Бюджет Каменского сельского поселения Атюрьевского муниципального района Республики Мордовия</oos:name><oos:actual>true</oos:actual></nsiBudget><nsiBudget><oos:code>26031776</oos:code><oos:name>Бюджет Новооскольского городского округа</oos:name><oos:actual>true</oos:actual></nsiBudget><nsiBudget><oos:code>26031774</oos:code><oos:name>Бюджет Валуйского городского округа</oos:name><oos:actual>true</oos:actual></nsiBudget><nsiBudget><oos:code>26031777</oos:code><oos:name>Бюджет Яковлевского городского округа</oos:name><oos:actual>true</oos:actual></nsiBudget><nsiBudget><oos:code>26031775</oos:code><oos:name>Бюджет Грайворонского городского округа</oos:name><oos:actual>true</oos:actual></nsiBudget><nsiBudget><oos:code>26031773</oos:code><oos:name>Бюджет Алексеевского городского округа</oos:name><oos:actual>true</oos:actual></nsiBudget><nsiBudget><oos:code>56031784</oos:code><oos:name>Бюджет Аспинского сельского поселения</oos:name><oos:actual>false</oos:actual></nsiBudget><nsiBudget><oos:code>56031781</oos:code><oos:name>Бюджет Калининского сельского поселения</oos:name><oos:actual>true</oos:actual></nsiBudget><nsiBudget><oos:code>56031786</oos:code><oos:name>Бюджет Гремячинского городского округа</oos:name><oos:actual>true</oos:actual></nsiBudget><nsiBudget><oos:code>56031783</oos:code><oos:name>Бюджет Судинского сельского поселения</oos:name><oos:actual>false</oos:actual></nsiBudget><nsiBudget><oos:code>56031782</oos:code><oos:name>Бюджет Неволинского сельского поселения</oos:name><oos:actual>true</oos:actual></nsiBudget><nsiBudget><oos:code>56031787</oos:code><oos:name>Бюджет Горнозаводского городского округа</oos:name><oos:actual>true</oos:actual></nsiBudget><nsiBudget><oos:code>56031780</oos:code><oos:name>Бюджет Карагайского сельского поселения</oos:name><oos:actual>true</oos:actual></nsiBudget><nsiBudget><oos:code>56031785</oos:code><oos:name>Бюджет Оханского городского округа</oos:name><oos:actual>true</oos:actual></nsiBudget><nsiBudget><oos:code>60031816</oos:code><oos:name>Бюджет Ершовского муниципального образования Аткарского муниципального района Саратовской области</oos:name><oos:actual>true</oos:actual></nsiBudget><nsiBudget><oos:code>60031814</oos:code><oos:name>Бюджет Даниловского муниципального образования Аткарского муниципального района Саратовской области</oos:name><oos:actual>true</oos:actual></nsiBudget><nsiBudget><oos:code>53031776</oos:code><oos:name>муниципальное образование Приморский сельсовет Кваркенского района Оренбургской области</oos:name><oos:actual>true</oos:actual></nsiBudget><nsiBudget><oos:code>60031815</oos:code><oos:name>Бюджет Барановского муниципального образования Аткарского муниципального района Саратовской области</oos:name><oos:actual>true</oos:actual></nsiBudget><nsiBudget><oos:code>53031777</oos:code><oos:name>муниципальное образование Уральский сельсовет Кваркенского района Оренбургской области</oos:name><oos:actual>true</oos:actual></nsiBudget><nsiBudget><oos:code>60031822</oos:code><oos:name>Бюджет Новобурасского муниципального образования Новобурасского муниципального района Саратовской области</oos:name><oos:actual>true</oos:actual></nsiBudget><nsiBudget><oos:code>60031820</oos:code><oos:name>Бюджет Новоселовского муниципального образования Екатериновского муниципального района Саратовской области</oos:name><oos:actual>true</oos:actual></nsiBudget><nsiBudget><oos:code>60031824</oos:code><oos:name>Бюджет Студеновского муниципального образования Турковского муниципального района Саратовской области</oos:name><oos:actual>true</oos:actual></nsiBudget><nsiBudget><oos:code>60031818</oos:code><oos:name>Бюджет Липовского муниципального образования Базарно-Карабулакского муниципального района Саратовской области</oos:name><oos:actual>true</oos:actual></nsiBudget><nsiBudget><oos:code>60031823</oos:code><oos:name>Бюджет Пушкинского муниципального образования Советского муниципального района Саратовской области</oos:name><oos:actual>true</oos:actual></nsiBudget><nsiBudget><oos:code>60031821</oos:code><oos:name>Бюджет Новосельского муниципального образования Ершовского муниципального района Саратовской области</oos:name><oos:actual>true</oos:actual></nsiBudget><nsiBudget><oos:code>60031819</oos:code><oos:name>Бюджет Свободинского муниципального образования Базарно-Карабулакского муниципального района Саратовской области</oos:name><oos:actual>true</oos:actual></nsiBudget><nsiBudget><oos:code>60031825</oos:code><oos:name>Бюджет Рязанского муниципального образования Турковского муниципального района Саратовской области</oos:name><oos:actual>true</oos:actual></nsiBudget><nsiBudget><oos:code>60031817</oos:code><oos:name>Бюджет Старожуковского муниципального образования Базарно-Карабулакского муниципального района Саратовской области</oos:name><oos:actual>true</oos:actual></nsiBudget><nsiBudget><oos:code>30031778</oos:code><oos:name>Бюджет сельского поселения Краснополянское</oos:name><oos:actual>true</oos:actual></nsiBudget><nsiBudget><oos:code>36033234</oos:code><oos:name>Бюджет Кашинского городского округа</oos:name><oos:actual>true</oos:actual></nsiBudget><nsiBudget><oos:code>36033233</oos:code><oos:name>бюджет муниципального образования Нелидовский городской округ Тверской области</oos:name><oos:actual>true</oos:actual></nsiBudget><nsiBudget><oos:code>59031785</oos:code><oos:name>Бюджет Инякинского сельского поселения Шиловского муниципального района</oos:name><oos:actual>true</oos:actual></nsiBudget><nsiBudget><oos:code>59031782</oos:code><oos:name>Бюджет муниципального образования - Грязновское сельское поселение Михайловского муниципального района</oos:name><oos:actual>true</oos:actual></nsiBudget><nsiBudget><oos:code>59031783</oos:code><oos:name>Бюджет муниципального образования - Слободское сельское поселение Михайловского муниципального района</oos:name><oos:actual>true</oos:actual></nsiBudget><nsiBudget><oos:code>59031784</oos:code><oos:name>Бюджет Задубровского сельского поселения Шиловского муниципального района</oos:name><oos:actual>true</oos:actual></nsiBudget><nsiBudget><oos:code>56031776</oos:code><oos:name>Бюджет Чайковского городского округа</oos:name><oos:actual>true</oos:actual></nsiBudget><nsiBudget><oos:code>56031779</oos:code><oos:name>Бюджет Горского сельского поселения</oos:name><oos:actual>false</oos:actual></nsiBudget><nsiBudget><oos:code>56031778</oos:code><oos:name>Бюджет городского округа &quot;Город Кизел&quot;</oos:name><oos:actual>true</oos:actual></nsiBudget><nsiBudget><oos:code>56031777</oos:code><oos:name>Бюджет Краснокамского городского округа</oos:name><oos:actual>true</oos:actual></nsiBudget><nsiBudget><oos:code>35031782</oos:code><oos:name>Бюджет муниципального образования &quot;Балтийский городской округ&quot;</oos:name><oos:actual>true</oos:actual></nsiBudget><nsiBudget><oos:code>35031783</oos:code><oos:name>Бюджет муниципального образования &quot;Нестеровский городской округ&quot;</oos:name><oos:actual>true</oos:actual></nsiBudget><nsiBudget><oos:code>35031781</oos:code><oos:name>Бюджет муниципального образования &quot;Светлогорский городской округ&quot;</oos:name><oos:actual>true</oos:actual></nsiBudget><nsiBudget><oos:code>25031769</oos:code><oos:name>БЮДЖЕТ МУНИЦИПАЛЬНОГО ОБРАЗОВАНИЯ &quot;АКСАРАЙСКИЙ СЕЛЬСОВЕТ&quot;</oos:name><oos:actual>true</oos:actual></nsiBudget><nsiBudget><oos:code>09031806</oos:code><oos:name>Бюджет Кочкуровского сельского поселения Кочкуровского муниципального района Республики Мордовия</oos:name><oos:actual>true</oos:actual></nsiBudget><nsiBudget><oos:code>09031807</oos:code><oos:name>Бюджет Новодевиченского сельского поселения Ельниковского муниципального района Республики Мордовия</oos:name><oos:actual>true</oos:actual></nsiBudget><nsiBudget><oos:code>09031808</oos:code><oos:name>Бюджет Паракинского сельского поселения Большеберезниковского муниципального района Республики Мордовия</oos:name><oos:actual>true</oos:actual></nsiBudget><nsiBudget><oos:code>09031809</oos:code><oos:name>Бюджет Сургодьского сельского поселения Торбеевского муниципального района Республики Мордовия</oos:name><oos:actual>true</oos:actual></nsiBudget><nsiBudget><oos:code>09031810</oos:code><oos:name>Бюджет Киржеманского сельского поселения Большеигнатовского муниципального района Республики Мордовия</oos:name><oos:actual>true</oos:actual></nsiBudget><nsiBudget><oos:code>09031811</oos:code><oos:name>Бюджет Кемлянского сельского поселения Ичалковского муниципального района Республики Мордовия</oos:name><oos:actual>true</oos:actual></nsiBudget><nsiBudget><oos:code>09031812</oos:code><oos:name>Бюджет Новофедоровского сельского поселения Старошайговского муниципального района Республики Мордовия</oos:name><oos:actual>true</oos:actual></nsiBudget><nsiBudget><oos:code>19031770</oos:code><oos:name>Бюджет сельского поселения Леонтьевского сельсовета Тюхтетского муниципального района</oos:name><oos:actual>false</oos:actual></nsiBudget><nsiBudget><oos:code>09031813</oos:code><oos:name>Бюджет Семилейского сельского поселения Кочкуровского муниципального района Республики Мордовия</oos:name><oos:actual>true</oos:actual></nsiBudget><nsiBudget><oos:code>09031814</oos:code><oos:name>Бюджет Паевского сельского поселения Кадошкинского муниципального района Республики Мордовия</oos:name><oos:actual>true</oos:actual></nsiBudget><nsiBudget><oos:code>09031815</oos:code><oos:name>Бюджет Пурдошанского сельского поселения Темниковского муниципального района Республики Мордовия 2020</oos:name><oos:actual>true</oos:actual></nsiBudget><nsiBudget><oos:code>39031771</oos:code><oos:name>Бюджет Чебулинского муниципального округа</oos:name><oos:actual>true</oos:actual></nsiBudget><nsiBudget><oos:code>09031816</oos:code><oos:name>Бюджет Силинского сельского поселения Ардатовского муниципального района Республики Мордовия</oos:name><oos:actual>true</oos:actual></nsiBudget><nsiBudget><oos:code>39031777</oos:code><oos:name>бюджет Ленинск-Кузнецкого муниципального округа</oos:name><oos:actual>true</oos:actual></nsiBudget><nsiBudget><oos:code>39031775</oos:code><oos:name>Бюджет Гурьевского муниципального округа</oos:name><oos:actual>true</oos:actual></nsiBudget><nsiBudget><oos:code>39031776</oos:code><oos:name>Бюджет Кемеровского муниципального округа</oos:name><oos:actual>true</oos:actual></nsiBudget><nsiBudget><oos:code>09031818</oos:code><oos:name>Бюджет Архангельско-Голицынского сельского поселения Рузаевского муниципального района Республики Мордовия</oos:name><oos:actual>true</oos:actual></nsiBudget><nsiBudget><oos:code>09031817</oos:code><oos:name>Бюджет Редкодубского сельского поселения Ардатовского муниципального района Республики Мордовия</oos:name><oos:actual>true</oos:actual></nsiBudget><nsiBudget><oos:code>39031778</oos:code><oos:name>Бюджет Промышленновского муниципального округа</oos:name><oos:actual>true</oos:actual></nsiBudget><nsiBudget><oos:code>39031772</oos:code><oos:name>бюджет Тяжинского муниципального округа</oos:name><oos:actual>true</oos:actual></nsiBudget><nsiBudget><oos:code>39031773</oos:code><oos:name>Бюджет Юргинского муниципального округа</oos:name><oos:actual>true</oos:actual></nsiBudget><nsiBudget><oos:code>39031783</oos:code><oos:name>Бюджет Топкинского муниципального округа</oos:name><oos:actual>true</oos:actual></nsiBudget><nsiBudget><oos:code>39031780</oos:code><oos:name>бюджет Прокопьевского муниципального округа</oos:name><oos:actual>true</oos:actual></nsiBudget><nsiBudget><oos:code>09031819</oos:code><oos:name>Бюджет Краснопресненского сельского поселения Ковылкинского муниципального района Республики Мордовия</oos:name><oos:actual>true</oos:actual></nsiBudget><nsiBudget><oos:code>39031782</oos:code><oos:name>бюджет Ижморского муниципального округа</oos:name><oos:actual>true</oos:actual></nsiBudget><nsiBudget><oos:code>39031781</oos:code><oos:name>бюджет Яшкинского муниципального округа</oos:name><oos:actual>true</oos:actual></nsiBudget><nsiBudget><oos:code>39031774</oos:code><oos:name>бюджет Яйского муниципального округа</oos:name><oos:actual>true</oos:actual></nsiBudget><nsiBudget><oos:code>09031820</oos:code><oos:name>Бюджет Старошайговского сельского поселения Старошайговского муниципального района Республики Мордовия</oos:name><oos:actual>true</oos:actual></nsiBudget><nsiBudget><oos:code>39031779</oos:code><oos:name>бюджет Крапивинского муниципального округа</oos:name><oos:actual>true</oos:actual></nsiBudget><nsiBudget><oos:code>09031822</oos:code><oos:name>Бюджет Атюрьевского сельского поселения Атюрьевского муниципального района Республики Мордовия</oos:name><oos:actual>true</oos:actual></nsiBudget><nsiBudget><oos:code>09031821</oos:code><oos:name>Бюджет Красинского сельского поселения Дубенского муниципального района Республики Мордовия</oos:name><oos:actual>true</oos:actual></nsiBudget><nsiBudget><oos:code>34031773</oos:code><oos:name>Бюджет Масляногорского сельского поселения Зиминского муниципального района Иркутской области</oos:name><oos:actual>true</oos:actual></nsiBudget><nsiBudget><oos:code>09031826</oos:code><oos:name>Бюджет Дубительского сельского поселения Зубово-Полянского муниципального района Республики Мордовия</oos:name><oos:actual>true</oos:actual></nsiBudget><nsiBudget><oos:code>09031825</oos:code><oos:name>Бюджет Анаевского сельского поселения Зубово-Полянского муниципального района Республики Мордовия</oos:name><oos:actual>true</oos:actual></nsiBudget><nsiBudget><oos:code>09031824</oos:code><oos:name>Бюджет Мордовско-Полянского сельского поселения Зубово-Полянского муниципального района Республики Мордовия</oos:name><oos:actual>true</oos:actual></nsiBudget><nsiBudget><oos:code>09031823</oos:code><oos:name>Бюджет Старобадиковского сельского поселения Зубово-Полянского муниципального района Республики Мордовия</oos:name><oos:actual>true</oos:actual></nsiBudget><nsiBudget><oos:code>09031827</oos:code><oos:name>Бюджет Сузгарьевского сельского поселения Рузаевского муниципального района Республики Мордовия</oos:name><oos:actual>true</oos:actual></nsiBudget><nsiBudget><oos:code>09031830</oos:code><oos:name>Бюджет Киржеманского сельского поселения Атяшевского муниципального района Республики Мордовия</oos:name><oos:actual>true</oos:actual></nsiBudget><nsiBudget><oos:code>09031829</oos:code><oos:name>Бюджет Козловского сельского поселения Атяшевского муниципального района Республики Мордовия</oos:name><oos:actual>true</oos:actual></nsiBudget><nsiBudget><oos:code>09031828</oos:code><oos:name>Бюджет Дубенского сельского поселения Дубенского муниципального района Республики Мордовия</oos:name><oos:actual>true</oos:actual></nsiBudget><nsiBudget><oos:code>09031831</oos:code><oos:name>Бюджет Починковского сельского поселения Большеберезниковского муниципального района Республики Мордовия</oos:name><oos:actual>true</oos:actual></nsiBudget><nsiBudget><oos:code>09031834</oos:code><oos:name>Бюджет Сабанчеевского сельского поселения Атяшевского муниципального района Республики Мордовия</oos:name><oos:actual>true</oos:actual></nsiBudget><nsiBudget><oos:code>09031833</oos:code><oos:name>Бюджет Атяшевского сельского поселения Атяшевского муниципального района Республики Мордовия</oos:name><oos:actual>true</oos:actual></nsiBudget><nsiBudget><oos:code>09031832</oos:code><oos:name>Бюджет Большеберезниковского сельского поселения Большеберезниковского муниципального района Республики Мордовия</oos:name><oos:actual>true</oos:actual></nsiBudget><nsiBudget><oos:code>09031838</oos:code><oos:name>Бюджет Краснопольского сельского поселения Торбеевского муниципального района Республики Мордовия</oos:name><oos:actual>true</oos:actual></nsiBudget><nsiBudget><oos:code>09031837</oos:code><oos:name>Бюджет Кочуновского сельского поселения Ромодановского муниципального района Республики Мордовия</oos:name><oos:actual>true</oos:actual></nsiBudget><nsiBudget><oos:code>09031836</oos:code><oos:name>Бюджет Отрадненского сельского поселения Чамзинского муниципального района Республики Мордовия</oos:name><oos:actual>true</oos:actual></nsiBudget><nsiBudget><oos:code>09031835</oos:code><oos:name>Бюджет Комсомольского городского поселения Чамзинского муниципального района Республики Мордовия</oos:name><oos:actual>true</oos:actual></nsiBudget><nsiBudget><oos:code>09031839</oos:code><oos:name>Бюджет Такушевского сельского поселения Теньгушевского муниципального района Республики Мордовия</oos:name><oos:actual>true</oos:actual></nsiBudget><nsiBudget><oos:code>48031795</oos:code><oos:name>городской округ Лотошино Московской области</oos:name><oos:actual>true</oos:actual></nsiBudget><nsiBudget><oos:code>48031803</oos:code><oos:name>городской округ Воскресенск Московской области</oos:name><oos:actual>true</oos:actual></nsiBudget><nsiBudget><oos:code>48031802</oos:code><oos:name>Раменский городской округ Московской области</oos:name><oos:actual>true</oos:actual></nsiBudget><nsiBudget><oos:code>48031801</oos:code><oos:name>Городской округ Орехово-Зуево Московской области</oos:name><oos:actual>false</oos:actual></nsiBudget><nsiBudget><oos:code>48031794</oos:code><oos:name>городской округ Щёлково Московской области</oos:name><oos:actual>true</oos:actual></nsiBudget><nsiBudget><oos:code>48031800</oos:code><oos:name>Сергиево-Посадский городской округ Московской области</oos:name><oos:actual>true</oos:actual></nsiBudget><nsiBudget><oos:code>48031799</oos:code><oos:name>Пушкинский городской округ Московской области</oos:name><oos:actual>true</oos:actual></nsiBudget><nsiBudget><oos:code>48031798</oos:code><oos:name>Волоколамский городской округ Московской области</oos:name><oos:actual>true</oos:actual></nsiBudget><nsiBudget><oos:code>48031797</oos:code><oos:name>Одинцовский городской округ Московской области</oos:name><oos:actual>true</oos:actual></nsiBudget><nsiBudget><oos:code>48031796</oos:code><oos:name>городской округ Солнечногорск Московской области</oos:name><oos:actual>true</oos:actual></nsiBudget><nsiBudget><oos:code>09031840</oos:code><oos:name>Бюджет Сиалеевско-Пятинского сельского поселения Инсарского муниципального района Республики Мордовия</oos:name><oos:actual>true</oos:actual></nsiBudget><nsiBudget><oos:code>32031777</oos:code><oos:name>Бюджет городского округа Воротынский</oos:name><oos:actual>true</oos:actual></nsiBudget><nsiBudget><oos:code>55031775</oos:code><oos:name>Бюджет Соседского сельсовета Башмаковского района Пензенской области</oos:name><oos:actual>true</oos:actual></nsiBudget><nsiBudget><oos:code>55031773</oos:code><oos:name>Бюджет Алексеевского сельсовета Башмаковского района Пензенской области</oos:name><oos:actual>true</oos:actual></nsiBudget><nsiBudget><oos:code>60031826</oos:code><oos:name>Бюджет Мордовокарайского муниципального образования Романовского муниципального района Саратовской области</oos:name><oos:actual>true</oos:actual></nsiBudget><nsiBudget><oos:code>55031774</oos:code><oos:name>Бюджет Знаменского сельсовета Башмаковского района Пензенской области</oos:name><oos:actual>true</oos:actual></nsiBudget><nsiBudget><oos:code>40031770</oos:code><oos:name>Бюджет Богородского городского округа</oos:name><oos:actual>true</oos:actual></nsiBudget><nsiBudget><oos:code>43031798</oos:code><oos:name>Бюджет Раскатихинского сельсовета</oos:name><oos:actual>true</oos:actual></nsiBudget><nsiBudget><oos:code>43031796</oos:code><oos:name>Бюджет Актабанского сельсовета</oos:name><oos:actual>true</oos:actual></nsiBudget><nsiBudget><oos:code>43031794</oos:code><oos:name>Бюджет Мокроусовского сельсовета</oos:name><oos:actual>true</oos:actual></nsiBudget><nsiBudget><oos:code>43031792</oos:code><oos:name>Бюджет Верхнеключевского сельсовета</oos:name><oos:actual>true</oos:actual></nsiBudget><nsiBudget><oos:code>43031795</oos:code><oos:name>Бюджет Петуховского сельсовета</oos:name><oos:actual>true</oos:actual></nsiBudget><nsiBudget><oos:code>43031797</oos:code><oos:name>Бюджет Половинского сельсовета Половинского района</oos:name><oos:actual>true</oos:actual></nsiBudget><nsiBudget><oos:code>43031793</oos:code><oos:name>Бюджет Гладышевского сельсовета</oos:name><oos:actual>true</oos:actual></nsiBudget><nsiBudget><oos:code>43031791</oos:code><oos:name>Бюджет Верхнетеченского сельсовета</oos:name><oos:actual>true</oos:actual></nsiBudget><nsiBudget><oos:code>43031799</oos:code><oos:name>Бюджет Частоозерского сельсовета</oos:name><oos:actual>true</oos:actual></nsiBudget><nsiBudget><oos:code>36033235</oos:code><oos:name>бюджет муниципального образования Андреапольский муниципальный округ Тверской области</oos:name><oos:actual>true</oos:actual></nsiBudget><nsiBudget><oos:code>36033236</oos:code><oos:name>бюджет Весьегонского муниципального округа Тверской области</oos:name><oos:actual>true</oos:actual></nsiBudget><nsiBudget><oos:code>43031806</oos:code><oos:name>Бюджет Долговского сельсовета Каргапольского района</oos:name><oos:actual>true</oos:actual></nsiBudget><nsiBudget><oos:code>43031804</oos:code><oos:name>Бюджет Скоблинского сельсовета</oos:name><oos:actual>true</oos:actual></nsiBudget><nsiBudget><oos:code>43031802</oos:code><oos:name>Бюджет Каменского сельсовета</oos:name><oos:actual>false</oos:actual></nsiBudget><nsiBudget><oos:code>43031800</oos:code><oos:name>Бюджет Бутыринского сельсовета</oos:name><oos:actual>true</oos:actual></nsiBudget><nsiBudget><oos:code>43031786</oos:code><oos:name>Бюджет Южного сельсовета Варгашинского района</oos:name><oos:actual>true</oos:actual></nsiBudget><nsiBudget><oos:code>24031777</oos:code><oos:name>Бюджет городского поселения &quot;Березниковское&quot; Виноградовского муниципального района Архангельской области</oos:name><oos:actual>true</oos:actual></nsiBudget><nsiBudget><oos:code>43031807</oos:code><oos:name>Бюджет Сухменского сельсовета</oos:name><oos:actual>true</oos:actual></nsiBudget><nsiBudget><oos:code>43031805</oos:code><oos:name>Бюджет Кислянского сельсовета Юргамышского района</oos:name><oos:actual>true</oos:actual></nsiBudget><nsiBudget><oos:code>43031803</oos:code><oos:name>Бюджет Сухоборского сельсовета</oos:name><oos:actual>true</oos:actual></nsiBudget><nsiBudget><oos:code>43031801</oos:code><oos:name>Бюджет Шатровского сельсовета</oos:name><oos:actual>true</oos:actual></nsiBudget><nsiBudget><oos:code>43031787</oos:code><oos:name>Бюджет Варгашинского поссовета</oos:name><oos:actual>true</oos:actual></nsiBudget><nsiBudget><oos:code>43031790</oos:code><oos:name>Бюджет Ушаковского сельсовета</oos:name><oos:actual>true</oos:actual></nsiBudget><nsiBudget><oos:code>43031788</oos:code><oos:name>Бюджет Уксянского сельсовета</oos:name><oos:actual>true</oos:actual></nsiBudget><nsiBudget><oos:code>43031789</oos:code><oos:name>Бюджет Песчано-Колединского сельсовета</oos:name><oos:actual>true</oos:actual></nsiBudget><nsiBudget><oos:code>40031771</oos:code><oos:name>Бюджет Санчурского городского округа</oos:name><oos:actual>true</oos:actual></nsiBudget><nsiBudget><oos:code>91031770</oos:code><oos:name>Бюджет сельского поселения &quot;Тарбагатайское&quot; муниципального района &quot;Петровск-Забайкальский район&quot;</oos:name><oos:actual>true</oos:actual></nsiBudget><nsiBudget><oos:code>91031772</oos:code><oos:name>Бюджет сельского поселения &quot;Яблоновское&quot;</oos:name><oos:actual>true</oos:actual></nsiBudget><nsiBudget><oos:code>94031771</oos:code><oos:name>Бюджет Куларинского сельского поселения Ачхой-Мартановского муниципального района</oos:name><oos:actual>true</oos:actual></nsiBudget><nsiBudget><oos:code>94031778</oos:code><oos:name>Бюджет Илсхан-Юртовского сельского поселения Курчалоевского муниципального района</oos:name><oos:actual>true</oos:actual></nsiBudget><nsiBudget><oos:code>94031777</oos:code><oos:name>Бюджет Старо-Атагинского сельского поселения Урус-Мартановского муниципального района Чеченской Республики</oos:name><oos:actual>true</oos:actual></nsiBudget><nsiBudget><oos:code>94031776</oos:code><oos:name>Бюджет Чишкинского сельского поселения Шатойского муниципального района</oos:name><oos:actual>true</oos:actual></nsiBudget><nsiBudget><oos:code>94031775</oos:code><oos:name>бюджет Бамутского сельского поселения Серноводского муниципального района</oos:name><oos:actual>true</oos:actual></nsiBudget><nsiBudget><oos:code>94031774</oos:code><oos:name>Бюджет Дачу-Борзойского сельского поселения</oos:name><oos:actual>true</oos:actual></nsiBudget><nsiBudget><oos:code>94031773</oos:code><oos:name>бюджет Ярыш-Мардинского сельского поселения</oos:name><oos:actual>true</oos:actual></nsiBudget><nsiBudget><oos:code>94031772</oos:code><oos:name>Бюджет Лаха-Варандинского сельского поселения Шатойского муниципального района</oos:name><oos:actual>true</oos:actual></nsiBudget><nsiBudget><oos:code>09031841</oos:code><oos:name>Бюджет Старочамзинского сельского поселения Большеигнатовского муниципального района Республики Мордовия</oos:name><oos:actual>true</oos:actual></nsiBudget><nsiBudget><oos:code>39031784</oos:code><oos:name>Бюджет Тисульского муниципального округа</oos:name><oos:actual>true</oos:actual></nsiBudget><nsiBudget><oos:code>09031845</oos:code><oos:name>Бюджет Русско-Тювеевского сельского поселения Темниковского муниципального района Республики Мордовия</oos:name><oos:actual>true</oos:actual></nsiBudget><nsiBudget><oos:code>09031843</oos:code><oos:name>Бюджет Андреевского сельского поселения Темниковского муниципального района Республики Мордовия</oos:name><oos:actual>true</oos:actual></nsiBudget><nsiBudget><oos:code>09031842</oos:code><oos:name>Бюджет Аксельского сельского поселения Темниковского муниципального района Республики Мордовия</oos:name><oos:actual>true</oos:actual></nsiBudget><nsiBudget><oos:code>09031846</oos:code><oos:name>Бюджет Старогородского сельского поселения Темниковского муниципального района Республики Мордовия</oos:name><oos:actual>true</oos:actual></nsiBudget><nsiBudget><oos:code>09031847</oos:code><oos:name>Бюджет Жуковского сельского поселения Торбеевского муниципального района Республики Мордовия</oos:name><oos:actual>true</oos:actual></nsiBudget><nsiBudget><oos:code>09031844</oos:code><oos:name>Бюджет Пурдошанского сельского поселения Темниковского муниципального района Республики Мордовия</oos:name><oos:actual>true</oos:actual></nsiBudget><nsiBudget><oos:code>09031848</oos:code><oos:name>Бюджет Кученяевского сельского поселения Ардатовского муниципального района Республики Мордовия</oos:name><oos:actual>true</oos:actual></nsiBudget><nsiBudget><oos:code>38031770</oos:code><oos:name>Бюджет муниципального образования сельское поселение &quot;поселок Оссора&quot;</oos:name><oos:actual>true</oos:actual></nsiBudget><nsiBudget><oos:code>19031772</oos:code><oos:name>Бюджет Шарыповского муниципального округа</oos:name><oos:actual>true</oos:actual></nsiBudget><nsiBudget><oos:code>19031771</oos:code><oos:name>Бюджет Тюхтетского муниципального округа</oos:name><oos:actual>true</oos:actual></nsiBudget><nsiBudget><oos:code>19031773</oos:code><oos:name>Бюджет Пировского муниципального округа</oos:name><oos:actual>true</oos:actual></nsiBudget><nsiBudget><oos:code>21031768</oos:code><oos:name>Бюджет Кочубеевского муниципального округа Ставропольского края</oos:name><oos:actual>true</oos:actual></nsiBudget><nsiBudget><oos:code>09031849</oos:code><oos:name>Бюджет Каласевского сельского поселения Ардатовского муниципального района Республики Мордовия</oos:name><oos:actual>true</oos:actual></nsiBudget><nsiBudget><oos:code>09031850</oos:code><oos:name>Бюджет Поводимовского сельского поселения Дубенского муниципального района Республики Мордовия</oos:name><oos:actual>true</oos:actual></nsiBudget><nsiBudget><oos:code>21030349</oos:code><oos:name>Бюджет Александровского муниципального округа Ставропольского края</oos:name><oos:actual>true</oos:actual></nsiBudget><nsiBudget><oos:code>21030351</oos:code><oos:name>Бюджет Курского муниципального округа Ставропольского края</oos:name><oos:actual>true</oos:actual></nsiBudget><nsiBudget><oos:code>21030359</oos:code><oos:name>Бюджет Туркменского муниципального округа Ставропольского края</oos:name><oos:actual>true</oos:actual></nsiBudget><nsiBudget><oos:code>21030360</oos:code><oos:name>Бюджет Андроповского муниципального округа Ставропольского края</oos:name><oos:actual>true</oos:actual></nsiBudget><nsiBudget><oos:code>21030354</oos:code><oos:name>Бюджет Красногвардейского муниципального округа Ставропольского края</oos:name><oos:actual>true</oos:actual></nsiBudget><nsiBudget><oos:code>21030356</oos:code><oos:name>бюджет Предгорного муниципального округа Ставропольского края</oos:name><oos:actual>true</oos:actual></nsiBudget><nsiBudget><oos:code>21030361</oos:code><oos:name>Бюджет Апанасенковского муниципального округа Ставропольского края</oos:name><oos:actual>true</oos:actual></nsiBudget><nsiBudget><oos:code>21030350</oos:code><oos:name>Бюджет Кочубеевского муниципального округа Ставропольского края</oos:name><oos:actual>true</oos:actual></nsiBudget><nsiBudget><oos:code>21030353</oos:code><oos:name>бюджет Буденновского муниципального округа Ставропольского края</oos:name><oos:actual>true</oos:actual></nsiBudget><nsiBudget><oos:code>21030355</oos:code><oos:name>Бюджет Левокумского муниципального округа Ставропольского края</oos:name><oos:actual>true</oos:actual></nsiBudget><nsiBudget><oos:code>09031851</oos:code><oos:name>Бюджет Бабеевского сельского поселения Темниковского муниципального района Республики Мордовия</oos:name><oos:actual>true</oos:actual></nsiBudget><nsiBudget><oos:code>21030358</oos:code><oos:name>Бюджет Труновского муниципального округа Ставропольского края</oos:name><oos:actual>true</oos:actual></nsiBudget><nsiBudget><oos:code>21030352</oos:code><oos:name>Бюджет Шпаковского муниципального округа Ставропольского края</oos:name><oos:actual>true</oos:actual></nsiBudget><nsiBudget><oos:code>21030357</oos:code><oos:name>бюджет Степновского муниципального округа Ставропольского края</oos:name><oos:actual>true</oos:actual></nsiBudget><nsiBudget><oos:code>38031771</oos:code><oos:name>Бюджет Алеутского муниципального округа в Камчатском крае</oos:name><oos:actual>true</oos:actual></nsiBudget><nsiBudget><oos:code>21030364</oos:code><oos:name>Бюджет Грачевского муниципального округа Ставропольского края</oos:name><oos:actual>true</oos:actual></nsiBudget><nsiBudget><oos:code>21030362</oos:code><oos:name>Бюджет Арзгирского муниципального округа Ставропольского края</oos:name><oos:actual>true</oos:actual></nsiBudget><nsiBudget><oos:code>21030363</oos:code><oos:name>Бюджет Новоселицкого муниципального округа Ставропольского края</oos:name><oos:actual>true</oos:actual></nsiBudget><nsiBudget><oos:code>32031778</oos:code><oos:name>Бюджет Уренского муниципального округа Нижегородской области</oos:name><oos:actual>true</oos:actual></nsiBudget><nsiBudget><oos:code>32031779</oos:code><oos:name>Бюджет Починковского муниципального округа Нижегородской области</oos:name><oos:actual>true</oos:actual></nsiBudget><nsiBudget><oos:code>32031788</oos:code><oos:name>Бюджет Тоншаевского муниципального округа Нижегородской области</oos:name><oos:actual>true</oos:actual></nsiBudget><nsiBudget><oos:code>32031782</oos:code><oos:name>Бюджет Ковернинского муниципального округа Нижегородской области</oos:name><oos:actual>true</oos:actual></nsiBudget><nsiBudget><oos:code>32031785</oos:code><oos:name>Бюджет Балахнинского муниципального округа</oos:name><oos:actual>true</oos:actual></nsiBudget><nsiBudget><oos:code>32031787</oos:code><oos:name>Бюджет Богородского муниципального округа Нижегородской области</oos:name><oos:actual>true</oos:actual></nsiBudget><nsiBudget><oos:code>32031781</oos:code><oos:name>Бюджет Вадского муниципального округа Нижегородской области</oos:name><oos:actual>true</oos:actual></nsiBudget><nsiBudget><oos:code>32031786</oos:code><oos:name>Бюджет Павловского муниципального округа Нижегородской области</oos:name><oos:actual>true</oos:actual></nsiBudget><nsiBudget><oos:code>32031783</oos:code><oos:name>Бюджет Бутурлинского муниципального округа Нижегородской области</oos:name><oos:actual>true</oos:actual></nsiBudget><nsiBudget><oos:code>09031853</oos:code><oos:name>Бюджет Атяшевского городского поселения Атяшевского муниципального района Республики Мордовия</oos:name><oos:actual>true</oos:actual></nsiBudget><nsiBudget><oos:code>09031852</oos:code><oos:name>Бюджет Русско-Паевского сельского поселения Инсарского муниципального района Республики Мордовия</oos:name><oos:actual>true</oos:actual></nsiBudget><nsiBudget><oos:code>09031854</oos:code><oos:name>Бюджет Кочетовского сельского поселения Инсарского муниципального района Республики Мордовия</oos:name><oos:actual>true</oos:actual></nsiBudget><nsiBudget><oos:code>32031784</oos:code><oos:name>БЮДЖЕТ ДИВЕЕВСКОГО МУНИЦИПАЛЬНОГО ОКРУГА НИЖЕГОРОДСКОЙ ОБЛАСТИ</oos:name><oos:actual>true</oos:actual></nsiBudget><nsiBudget><oos:code>32031780</oos:code><oos:name>Бюджет Лысковского муниципального округа</oos:name><oos:actual>true</oos:actual></nsiBudget><nsiBudget><oos:code>52031770</oos:code><oos:name>Бюджет Аевского сельского поселения Большеуковского муниципального района Омской области</oos:name><oos:actual>true</oos:actual></nsiBudget><nsiBudget><oos:code>09031855</oos:code><oos:name>Бюджет Пятинского сельского поселения Ромодановского муниципального района Республики Мордовия</oos:name><oos:actual>true</oos:actual></nsiBudget><nsiBudget><oos:code>20031773</oos:code><oos:name>бюджет Лазовского муниципального округа</oos:name><oos:actual>true</oos:actual></nsiBudget><nsiBudget><oos:code>20031774</oos:code><oos:name>бюджет Октябрьского муниципального округа</oos:name><oos:actual>true</oos:actual></nsiBudget><nsiBudget><oos:code>20031776</oos:code><oos:name>бюджет Ханкайского муниципального округа</oos:name><oos:actual>true</oos:actual></nsiBudget><nsiBudget><oos:code>20031777</oos:code><oos:name>бюджет Хорольского муниципального округа</oos:name><oos:actual>true</oos:actual></nsiBudget><nsiBudget><oos:code>20031775</oos:code><oos:name>бюджет Тернейского муниципального округа</oos:name><oos:actual>true</oos:actual></nsiBudget><nsiBudget><oos:code>50031775</oos:code><oos:name>Бюджет Солецкого муниципального округа</oos:name><oos:actual>true</oos:actual></nsiBudget><nsiBudget><oos:code>50031776</oos:code><oos:name>Бюджет Хвойнинского муниципального округа</oos:name><oos:actual>true</oos:actual></nsiBudget><nsiBudget><oos:code>50031774</oos:code><oos:name>Бюджет Марёвского муниципального округа</oos:name><oos:actual>true</oos:actual></nsiBudget><nsiBudget><oos:code>50031773</oos:code><oos:name>Бюджет Волотовского муниципального округа</oos:name><oos:actual>true</oos:actual></nsiBudget><nsiBudget><oos:code>23031770</oos:code><oos:name>Бюджет Ромненского муниципального округа</oos:name><oos:actual>true</oos:actual></nsiBudget><nsiBudget><oos:code>23031769</oos:code><oos:name>Бюджет Белогорского муниципального округа</oos:name><oos:actual>true</oos:actual></nsiBudget><nsiBudget><oos:code>40031777</oos:code><oos:name>Бюджет муниципального образования Фаленский муниципальный округ Кировской области</oos:name><oos:actual>true</oos:actual></nsiBudget><nsiBudget><oos:code>40031774</oos:code><oos:name>бюджет муниципального образования Арбажский муниципальный округ Кировской области</oos:name><oos:actual>true</oos:actual></nsiBudget><nsiBudget><oos:code>40031776</oos:code><oos:name>Бюджет муниципального образования Свечинский муниципальный округ Кировской области</oos:name><oos:actual>true</oos:actual></nsiBudget><nsiBudget><oos:code>35031784</oos:code><oos:name>Бюджет муниципального образования &quot;Зеленоградский городской округ&quot; Калининградской области</oos:name><oos:actual>true</oos:actual></nsiBudget><nsiBudget><oos:code>40031772</oos:code><oos:name>Бюджет Богородского муниципального округа</oos:name><oos:actual>true</oos:actual></nsiBudget><nsiBudget><oos:code>40031775</oos:code><oos:name>Бюджет Кикнурского муниципального округа</oos:name><oos:actual>true</oos:actual></nsiBudget><nsiBudget><oos:code>40031773</oos:code><oos:name>Бюджет Санчурского муниципального округа</oos:name><oos:actual>true</oos:actual></nsiBudget><nsiBudget><oos:code>20031778</oos:code><oos:name>бюджет Ракитненского сельского поселения</oos:name><oos:actual>true</oos:actual></nsiBudget><nsiBudget><oos:code>24031779</oos:code><oos:name>Бюджет Вилегодского муниципального округа Архангельской области</oos:name><oos:actual>true</oos:actual></nsiBudget><nsiBudget><oos:code>24031778</oos:code><oos:name>Бюджет Каргопольского муниципального округа Архангельской области</oos:name><oos:actual>true</oos:actual></nsiBudget><nsiBudget><oos:code>43031811</oos:code><oos:name>Бюджет Макушинского муниципального округа Курганской области</oos:name><oos:actual>true</oos:actual></nsiBudget><nsiBudget><oos:code>43031810</oos:code><oos:name>Бюджет сельского поселения Мостовского сельсовета Варгашинского района Курганской области</oos:name><oos:actual>true</oos:actual></nsiBudget><nsiBudget><oos:code>43031809</oos:code><oos:name>Бюджет сельского поселения Верхнесуерского сельсовета Варгашинского района Курганской области</oos:name><oos:actual>true</oos:actual></nsiBudget><nsiBudget><oos:code>43031808</oos:code><oos:name>Бюджет Шумихинского муниципального округа Курганской области</oos:name><oos:actual>true</oos:actual></nsiBudget><nsiBudget><oos:code>09031856</oos:code><oos:name>Бюджет Шугуровского сельского поселения Большеберезниковского муниципального района Республики Мордовия</oos:name><oos:actual>true</oos:actual></nsiBudget><nsiBudget><oos:code>09031857</oos:code><oos:name>Бюджет Шишкеевского сельского поселения Рузаевского муниципального района Республики Мордовия</oos:name><oos:actual>true</oos:actual></nsiBudget><nsiBudget><oos:code>91031773</oos:code><oos:name>Бюджет Каларского муниципального округа Забайкальского края</oos:name><oos:actual>true</oos:actual></nsiBudget><nsiBudget><oos:code>91031774</oos:code><oos:name>Бюджет Приаргунского муниципального округа Забайкальского края</oos:name><oos:actual>true</oos:actual></nsiBudget><nsiBudget><oos:code>52031771</oos:code><oos:name>Бюджет Атирского сельского поселения Тарского муниципального района Омской области</oos:name><oos:actual>true</oos:actual></nsiBudget><nsiBudget><oos:code>56031795</oos:code><oos:name>Бюджет Чусовского городского округа</oos:name><oos:actual>true</oos:actual></nsiBudget><nsiBudget><oos:code>56031798</oos:code><oos:name>Бюджет Октябрьского городского округа Пермского края</oos:name><oos:actual>true</oos:actual></nsiBudget><nsiBudget><oos:code>56031789</oos:code><oos:name>Бюджет Верещагинского городского округа Пермского края</oos:name><oos:actual>true</oos:actual></nsiBudget><nsiBudget><oos:code>56031800</oos:code><oos:name>Бюджет Уинского муниципального округа Пермского края</oos:name><oos:actual>true</oos:actual></nsiBudget><nsiBudget><oos:code>56031799</oos:code><oos:name>Бюджет Ординского муниципального округа</oos:name><oos:actual>true</oos:actual></nsiBudget><nsiBudget><oos:code>56031804</oos:code><oos:name>Бюджет Чернушинского городского округа</oos:name><oos:actual>true</oos:actual></nsiBudget><nsiBudget><oos:code>56031788</oos:code><oos:name>Бюджет Александровского муниципального округа</oos:name><oos:actual>true</oos:actual></nsiBudget><nsiBudget><oos:code>56031790</oos:code><oos:name>Бюджет Ильинского городского округа</oos:name><oos:actual>true</oos:actual></nsiBudget><nsiBudget><oos:code>56031791</oos:code><oos:name>Бюджет Красновишерского городского округа</oos:name><oos:actual>true</oos:actual></nsiBudget><nsiBudget><oos:code>56031792</oos:code><oos:name>Бюджет Нытвенского городского округа</oos:name><oos:actual>true</oos:actual></nsiBudget><nsiBudget><oos:code>56031793</oos:code><oos:name>Бюджет Суксунского городского округа</oos:name><oos:actual>true</oos:actual></nsiBudget><nsiBudget><oos:code>56031794</oos:code><oos:name>Бюджет Чердынского городского округа</oos:name><oos:actual>true</oos:actual></nsiBudget><nsiBudget><oos:code>56031796</oos:code><oos:name>Бюджет Березовского муниципального округа</oos:name><oos:actual>true</oos:actual></nsiBudget><nsiBudget><oos:code>56031797</oos:code><oos:name>Бюджет Гайнского муниципального округа</oos:name><oos:actual>true</oos:actual></nsiBudget><nsiBudget><oos:code>56031801</oos:code><oos:name>Бюджет Добрянского городского округа</oos:name><oos:actual>true</oos:actual></nsiBudget><nsiBudget><oos:code>56031802</oos:code><oos:name>Бюджет Осинского городского округа</oos:name><oos:actual>true</oos:actual></nsiBudget><nsiBudget><oos:code>56031803</oos:code><oos:name>Бюджет Очерского городского округа</oos:name><oos:actual>true</oos:actual></nsiBudget><nsiBudget><oos:code>56031805</oos:code><oos:name>Бюджет Косинского муниципального округа Пермского края</oos:name><oos:actual>true</oos:actual></nsiBudget><nsiBudget><oos:code>56031806</oos:code><oos:name>Бюджет Кочевского муниципального округа Пермского края</oos:name><oos:actual>true</oos:actual></nsiBudget><nsiBudget><oos:code>56031807</oos:code><oos:name>Бюджет Кудымкарского муниципального округа Пермского края</oos:name><oos:actual>true</oos:actual></nsiBudget><nsiBudget><oos:code>56031808</oos:code><oos:name>Бюджет Юрлинского муниципального округа Пермского края</oos:name><oos:actual>true</oos:actual></nsiBudget><nsiBudget><oos:code>56031809</oos:code><oos:name>Бюджет Юсьвинского муниципального округа Пермского края</oos:name><oos:actual>true</oos:actual></nsiBudget><nsiBudget><oos:code>67031772</oos:code><oos:name>Бюджет Каскаринского муниципального образования</oos:name><oos:actual>true</oos:actual></nsiBudget><nsiBudget><oos:code>67031773</oos:code><oos:name>бюджет Винзилинского муниципального образования Тюменского муниципального района Тюменской области</oos:name><oos:actual>true</oos:actual></nsiBudget><nsiBudget><oos:code>20031771</oos:code><oos:name>бюджет Анучинского муниципального округа</oos:name><oos:actual>true</oos:actual></nsiBudget><nsiBudget><oos:code>20031772</oos:code><oos:name>бюджет Пограничного муниципального округа</oos:name><oos:actual>true</oos:actual></nsiBudget><nsiBudget><oos:code>20031770</oos:code><oos:name>бюджет Чугуевского муниципального округа</oos:name><oos:actual>true</oos:actual></nsiBudget><nsiBudget><oos:code>31031792</oos:code><oos:name>Бюджет Терновского сельского поселения Терновского муниципального района Воронежской области</oos:name><oos:actual>true</oos:actual></nsiBudget><nsiBudget><oos:code>91031771</oos:code><oos:name>Бюджет сельского поселения &quot;Балягинское&quot; муниципального района &quot;Петровск-Забайкальский район&quot;</oos:name><oos:actual>true</oos:actual></nsiBudget><nsiBudget><oos:code>56031814</oos:code><oos:name>Бюджет Частинского муниципального округа Пермского края</oos:name><oos:actual>true</oos:actual></nsiBudget><nsiBudget><oos:code>56031812</oos:code><oos:name>Бюджет Кишертского муниципального округа Пермского края</oos:name><oos:actual>true</oos:actual></nsiBudget><nsiBudget><oos:code>56031810</oos:code><oos:name>Бюджет Сивинского муниципального округа</oos:name><oos:actual>true</oos:actual></nsiBudget><nsiBudget><oos:code>56031811</oos:code><oos:name>Бюджет Еловского муниципального округа Пермского края</oos:name><oos:actual>true</oos:actual></nsiBudget><nsiBudget><oos:code>56031813</oos:code><oos:name>Бюджет Карагайского муниципального округа Пермского края</oos:name><oos:actual>true</oos:actual></nsiBudget><nsiBudget><oos:code>56031815</oos:code><oos:name>Бюджет Куединского муниципального округа</oos:name><oos:actual>true</oos:actual></nsiBudget><nsiBudget><oos:code>56031816</oos:code><oos:name>Бюджет Бардымского муниципального округа</oos:name><oos:actual>true</oos:actual></nsiBudget><nsiBudget><oos:code>48031804</oos:code><oos:name>Ленинский городской округ Московской области</oos:name><oos:actual>true</oos:actual></nsiBudget><nsiBudget><oos:code>90031770</oos:code><oos:name>Бюджет Надымского района</oos:name><oos:actual>true</oos:actual></nsiBudget><nsiBudget><oos:code>49031770</oos:code><oos:name>Бюджет муниципального образования Печенгский муниципальный округ</oos:name><oos:actual>true</oos:actual></nsiBudget><nsiBudget><oos:code>90031771</oos:code><oos:name>Бюджет Пуровского района</oos:name><oos:actual>true</oos:actual></nsiBudget><nsiBudget><oos:code>27031771</oos:code><oos:name>бюджет Жуковского муниципального округа Брянской области</oos:name><oos:actual>false</oos:actual></nsiBudget><nsiBudget><oos:code>36033242</oos:code><oos:name>Бюджет Краснохолмского муниципального округа Тверской области</oos:name><oos:actual>true</oos:actual></nsiBudget><nsiBudget><oos:code>27031770</oos:code><oos:name>бюджет Стародубского муниципального округа Брянской области</oos:name><oos:actual>true</oos:actual></nsiBudget><nsiBudget><oos:code>90031772</oos:code><oos:name>Бюджет Тазовского района</oos:name><oos:actual>true</oos:actual></nsiBudget><nsiBudget><oos:code>36033239</oos:code><oos:name>Бюджет Сандовского муниципального округа Тверской области</oos:name><oos:actual>true</oos:actual></nsiBudget><nsiBudget><oos:code>36033238</oos:code><oos:name>бюджет Лесного муниципального округа Тверской области</oos:name><oos:actual>true</oos:actual></nsiBudget><nsiBudget><oos:code>36033241</oos:code><oos:name>бюджет муниципального образования Тверской области &quot;Оленинский муниципальный округ&quot;</oos:name><oos:actual>true</oos:actual></nsiBudget><nsiBudget><oos:code>36033240</oos:code><oos:name>муниципальное образование Пеновский муниципальный округ Тверской области</oos:name><oos:actual>true</oos:actual></nsiBudget><nsiBudget><oos:code>36033243</oos:code><oos:name>бюджет муниципального образования Селижаровский муниципальный округ Тверской области</oos:name><oos:actual>true</oos:actual></nsiBudget><nsiBudget><oos:code>36033237</oos:code><oos:name>бюджет муниципального образования Западнодвинский муниципальный округ Тверской области</oos:name><oos:actual>true</oos:actual></nsiBudget></nsiBudgetList></export>