<?xml version="1.0" encoding="UTF-8"?><export xmlns:xsi="http://www.w3.org/2001/XMLSchema-instance" xmlns="http://zakupki.gov.ru/oos/export/1" xmlns:oos="http://zakupki.gov.ru/oos/types/1"><nsiSpecialPurchases><nsiSpecialPurchase><oos:id>8908011</oos:id><oos:code>P7_2_83</oos:code><oos:purchasePlanShortName>Лекарственные препараты (п.7 ч.2 ст.83, п. 3. ч. 2 ст. 83.1 Федерального закона №44-ФЗ)</oos:purchasePlanShortName><oos:purchasePlanFullName>Лекарственные препараты (п.7 ч.2 ст.83, п. 3. ч. 2 ст. 83.1 Федерального закона №44-ФЗ)</oos:purchasePlanFullName><oos:tenderPlan2017ShortName>Лекарственные препараты (п.7 ч.2 ст.83, п. 3. ч. 2 ст. 83.1 Федерального закона №44-ФЗ)</oos:tenderPlan2017ShortName><oos:tenderPlan2017FullName>Лекарственные препараты (п.7 ч.2 ст.83, п. 3. ч. 2 ст. 83.1 Федерального закона №44-ФЗ)</oos:tenderPlan2017FullName><oos:actual>true</oos:actual></nsiSpecialPurchase><nsiSpecialPurchase><oos:id>8908012</oos:id><oos:code>P4_1_93</oos:code><oos:purchasePlanShortName>Товары, работы или услуги на сумму, не превышающую 300 тыс. руб. (п. 4 ч. 1 ст. 93 Федерального закона № 44-ФЗ)</oos:purchasePlanShortName><oos:purchasePlanFullName>Товары, работы или услуги на сумму, не превышающую 300 тыс. руб. (п. 4 ч. 1 ст. 93 Федерального закона № 44-ФЗ)</oos:purchasePlanFullName><oos:tenderPlan2017ShortName>Товары, работы или услуги на сумму, не превышающую 300 тыс. руб. (п. 4 ч. 1 ст. 93 Федерального закона № 44-ФЗ)</oos:tenderPlan2017ShortName><oos:tenderPlan2017FullName>Товары, работы или услуги на сумму, не превышающую 300 тыс. руб. (п. 4 ч. 1 ст. 93 Федерального закона № 44-ФЗ)</oos:tenderPlan2017FullName><oos:actual>true</oos:actual></nsiSpecialPurchase><nsiSpecialPurchase><oos:id>8908013</oos:id><oos:code>P5_1_93</oos:code><oos:purchasePlanShortName>Товары, работы или услуги на сумму, не превышающую 600 тыс. рублей (п. 5 ч. 1 ст. 93 Федерального закона № 44-ФЗ)</oos:purchasePlanShortName><oos:purchasePlanFullName>Товары, работы или услуги на сумму, не превышающую 600 тыс. рублей (п. 5 ч. 1 ст. 93 Федерального закона № 44-ФЗ)</oos:purchasePlanFullName><oos:tenderPlan2017ShortName>Товары, работы или услуги на сумму, не превышающую 600 тыс. рублей (п. 5 ч. 1 ст. 93 Федерального закона № 44-ФЗ)</oos:tenderPlan2017ShortName><oos:tenderPlan2017FullName>Товары, работы или услуги на сумму, не превышающую 600 тыс. рублей (п. 5 ч. 1 ст. 93 Федерального закона № 44-ФЗ)</oos:tenderPlan2017FullName><oos:actual>true</oos:actual></nsiSpecialPurchase><nsiSpecialPurchase><oos:id>8908014</oos:id><oos:code>P23_1_93</oos:code><oos:purchasePlanShortName>Содержание и ремонт нежилых помещений (п.23 ч.1. ст.93 44-ФЗ)</oos:purchasePlanShortName><oos:purchasePlanFullName>Содержание и ремонт нежилых помещений (п.23 ч.1. ст.93 44-ФЗ)</oos:purchasePlanFullName><oos:actual>false</oos:actual></nsiSpecialPurchase><nsiSpecialPurchase><oos:id>8908015</oos:id><oos:code>P26_1_93</oos:code><oos:purchasePlanShortName>Служебные командировки, проведение культурных мероприятий (п.26 ч.1 ст.93 Федерального закона №44-ФЗ)</oos:purchasePlanShortName><oos:purchasePlanFullName>Услуги, связанные с направлением работника в служебную командировку, а также связанные с участием в проведении фестивалей, концертов, представлений и подобных культурных мероприятий (в том числе гастролей) на основании приглашений на посещение указанных мероприятий (п.26 ч.1 ст.93 Федерального закона №44-ФЗ)</oos:purchasePlanFullName><oos:tenderPlan2017ShortName>Служебные командировки, проведение культурных мероприятий (п.26 ч.1 ст.93 Федерального закона №44-ФЗ)</oos:tenderPlan2017ShortName><oos:tenderPlan2017FullName>Услуги, связанные с направлением работника в служебную командировку, а также связанные с участием в проведении фестивалей, концертов, представлений и подобных культурных мероприятий (в том числе гастролей) на основании приглашений на посещение указанных мероприятий (п.26 ч.1 ст.93 Федерального закона №44-ФЗ)</oos:tenderPlan2017FullName><oos:actual>true</oos:actual></nsiSpecialPurchase><nsiSpecialPurchase><oos:id>8908016</oos:id><oos:code>P33_1_93</oos:code><oos:purchasePlanShortName>Преподавательские услуги (п.33 ч.1 ст.93 Федерального закона №44-ФЗ)</oos:purchasePlanShortName><oos:purchasePlanFullName>Преподавательские услуги, оказываемые физическими лицами (п.33 ч.1 ст.93 Федерального закона №44-ФЗ)</oos:purchasePlanFullName><oos:tenderPlan2017ShortName>Преподавательские услуги (п.33 ч.1 ст.93 Федерального закона №44-ФЗ)</oos:tenderPlan2017ShortName><oos:tenderPlan2017FullName>Преподавательские услуги, оказываемые физическими лицами (п.33 ч.1 ст.93 Федерального закона №44-ФЗ)</oos:tenderPlan2017FullName><oos:actual>true</oos:actual></nsiSpecialPurchase><nsiSpecialPurchase><oos:id>8908017</oos:id><oos:code>P33_1_93_G</oos:code><oos:purchasePlanShortName>Услуги экскурсовода (гида) (п.33 ч.1 ст.93 Федерального закона №44-ФЗ)</oos:purchasePlanShortName><oos:purchasePlanFullName>Услуги экскурсовода (гида), оказываемые физическими лицами (п.33 ч.1 ст.93 Федерального закона №44-ФЗ)</oos:purchasePlanFullName><oos:tenderPlan2017ShortName>Услуги экскурсовода (гида) (п.33 ч.1 ст.93 Федерального закона №44-ФЗ)</oos:tenderPlan2017ShortName><oos:tenderPlan2017FullName>Услуги экскурсовода (гида), оказываемые физическими лицами (п.33 ч.1 ст.93 Федерального закона №44-ФЗ)</oos:tenderPlan2017FullName><oos:actual>true</oos:actual></nsiSpecialPurchase><nsiSpecialPurchase><oos:id>8908018</oos:id><oos:code>P42_1_93</oos:code><oos:purchasePlanShortName>Сбор и обработка первичных статистических данных (п.42 ч.1. ст.93 44-ФЗ)</oos:purchasePlanShortName><oos:purchasePlanFullName>Сбор и обработка первичных статистических данных (п.42 ч.1. ст.93 44-ФЗ)</oos:purchasePlanFullName><oos:actual>false</oos:actual></nsiSpecialPurchase><nsiSpecialPurchase><oos:id>9410818</oos:id><oos:code>P23_1_93</oos:code><oos:purchasePlanShortName>Услуги по содержанию и ремонту нежилых помещений, а также по снабжению, охране и вывозу бытовых отходов (п.23 ч.1 ст.93 Федерального закона №44-ФЗ)</oos:purchasePlanShortName><oos:purchasePlanFullName>Услуги по содержанию и ремонту одного или нескольких нежилых помещений, переданных в безвозмездное пользование или оперативное управление заказчику, услуги по водо-, тепло-, газо- и энергоснабжению, услуги по охране, услуги по вывозу бытовых отходов в случае, если такие услуги оказываются другому лицу или другим лицам, пользующимся нежилыми помещениями, находящимися в здании, в котором расположены помещения, переданные заказчику в безвозмездное пользование или оперативное управление (п.23 ч.1 ст.93 Федерального закона №44-ФЗ)</oos:purchasePlanFullName><oos:tenderPlan2017ShortName>Услуги по содержанию и ремонту нежилых помещений, а также по снабжению, охране и вывозу бытовых отходов (п.23 ч.1 ст.93 Федерального закона №44-ФЗ)</oos:tenderPlan2017ShortName><oos:tenderPlan2017FullName>Услуги по содержанию и ремонту одного или нескольких нежилых помещений, переданных в безвозмездное пользование или оперативное управление заказчику, услуги по водо-, тепло-, газо- и энергоснабжению, услуги по охране, услуги по вывозу бытовых отходов в случае, если такие услуги оказываются другому лицу или другим лицам, пользующимся нежилыми помещениями, находящимися в здании, в котором расположены помещения, переданные заказчику в безвозмездное пользование или оперативное управление (п.23 ч.1 ст.93 Федерального закона №44-ФЗ)</oos:tenderPlan2017FullName><oos:actual>true</oos:actual></nsiSpecialPurchase><nsiSpecialPurchase><oos:id>9410819</oos:id><oos:code>P42_1_93</oos:code><oos:purchasePlanShortName>Работы по сбору и обработке первичных статистических данных (п.42 ч.1 ст.93 Федерального закона №44-ФЗ)</oos:purchasePlanShortName><oos:purchasePlanFullName>Работы, связанные со сбором и обработкой первичных статистических данных при проведении на территории Российской Федерации федерального статистического наблюдения в соответствии с законодательством Российской Федерации об официальном статистическом учете, выполняемые физическими лицами (п.42 ч.1 ст.93 Федерального закона №44-ФЗ)</oos:purchasePlanFullName><oos:tenderPlan2017ShortName>Работы по сбору и обработке первичных статистических данных (п.42 ч.1 ст.93 Федерального закона №44-ФЗ)</oos:tenderPlan2017ShortName><oos:tenderPlan2017FullName>Работы, связанные со сбором и обработкой первичных статистических данных при проведении на территории Российской Федерации федерального статистического наблюдения в соответствии с законодательством Российской Федерации об официальном статистическом учете, выполняемые физическими лицами (п.42 ч.1 ст.93 Федерального закона №44-ФЗ)</oos:tenderPlan2017FullName><oos:actual>true</oos:actual></nsiSpecialPurchase><nsiSpecialPurchase><oos:id>9410820</oos:id><oos:code>P44_1_93</oos:code><oos:purchasePlanShortName>Услуги по предоставлению права на доступ к информации, содержащейся в базах данных международных индексов научного цитирования (п.44 ч.1 ст.93 Федерального закона №44-ФЗ)</oos:purchasePlanShortName><oos:purchasePlanFullName>Услуги по предоставлению права на доступ к информации, содержащейся в документальных, документографических, реферативных, полнотекстовых зарубежных базах данных и специализированных базах данных международных индексов научного цитирования (п.44 ч.1 ст.93 Федерального закона №44-ФЗ)</oos:purchasePlanFullName><oos:tenderPlan2017ShortName>Услуги по предоставлению права на доступ к информации, содержащейся в базах данных международных индексов научного цитирования (п.44 ч.1 ст.93 Федерального закона №44-ФЗ)</oos:tenderPlan2017ShortName><oos:tenderPlan2017FullName>Услуги по предоставлению права на доступ к информации, содержащейся в документальных, документографических, реферативных, полнотекстовых зарубежных базах данных и специализированных базах данных международных индексов научного цитирования (п.44 ч.1 ст.93 Федерального закона №44-ФЗ)</oos:tenderPlan2017FullName><oos:actual>true</oos:actual></nsiSpecialPurchase></nsiSpecialPurchases></export>