<?xml version="1.0" encoding="UTF-8"?><export xmlns:xsi="http://www.w3.org/2001/XMLSchema-instance" xmlns="http://zakupki.gov.ru/oos/export/1" xmlns:oos="http://zakupki.gov.ru/oos/types/1"><nsiETPs><nsiETP><oos:code>1</oos:code><oos:name>ЕЭТП</oos:name><oos:description>ЕЭТП</oos:description><oos:phone>7-499-0000000-1</oos:phone><oos:address>ADDRESS</oos:address><oos:email>etp@lanit.ru</oos:email><oos:actual>false</oos:actual></nsiETP><nsiETP><oos:code>2</oos:code><oos:name>ММВБ</oos:name><oos:description>ММВБ</oos:description><oos:phone>7-499-0000000-2</oos:phone><oos:address>ADDRESS</oos:address><oos:email>etp@lanit.ru</oos:email><oos:actual>false</oos:actual></nsiETP><nsiETP><oos:code>3</oos:code><oos:name>Площадка РТ</oos:name><oos:description>Площадка РТ</oos:description><oos:phone>7-499-0000000-3</oos:phone><oos:address>ADDRESS</oos:address><oos:email>etp@lanit.ru</oos:email><oos:actual>false</oos:actual></nsiETP><nsiETP><oos:code>4</oos:code><oos:name>Сбербанк-АТС</oos:name><oos:description>Сбербанк-АТС</oos:description><oos:phone>7-499-0000000-4</oos:phone><oos:address>ADDRESS</oos:address><oos:email>etp@lanit.ru</oos:email><oos:actual>false</oos:actual></nsiETP><nsiETP><oos:code>5</oos:code><oos:name>ИА РТС</oos:name><oos:description>ИА РТС</oos:description><oos:phone>7-499-0000000-5</oos:phone><oos:address>ADDRESS</oos:address><oos:email>etp@lanit.ru</oos:email><oos:actual>false</oos:actual></nsiETP><nsiETP><oos:code>007</oos:code><oos:name>Тестовая площадка</oos:name><oos:description>Дополнительная информация</oos:description><oos:phone>7-555-555-5555</oos:phone><oos:address>www.google.com</oos:address><oos:email>testoos@yandex.ru</oos:email><oos:actual>false</oos:actual></nsiETP><nsiETP><oos:code>008</oos:code><oos:name>Тест</oos:name><oos:phone>7-555-555-5555</oos:phone><oos:address>www.test.com</oos:address><oos:email>testoos@yandex.ru</oos:email><oos:actual>false</oos:actual></nsiETP><nsiETP><oos:code>0071</oos:code><oos:name>Тест22</oos:name><oos:phone>7-55555-5-5</oos:phone><oos:address>www.tes222t.com</oos:address><oos:email>testoos@yandex.ru</oos:email><oos:actual>false</oos:actual></nsiETP><nsiETP><oos:code>ETP_AVK</oos:code><oos:name>АГЗ РТ</oos:name><oos:description>ГУП &quot;Агентство по государственному заказу, межрегиональным связям и инвестиционной деятельности Республики Татарстан&quot;</oos:description><oos:phone>7343-9033434-34303303</oos:phone><oos:address>http://etp.zakazrf.ru</oos:address><oos:email>avk@tatar.ru</oos:email><oos:fullName>АКЦИОНЕРНОЕ ОБЩЕСТВО &quot;АГЕНТСТВО ПО ГОСУДАРСТВЕННОМУ ЗАКАЗУ РЕСПУБЛИКИ ТАТАРСТАН&quot;</oos:fullName><oos:INN>1655391893</oos:INN><oos:KPP>165501001</oos:KPP><oos:actual>true</oos:actual></nsiETP><nsiETP><oos:code>ETP_EETP</oos:code><oos:name>АО «ЕЭТП»</oos:name><oos:description>АО «Единая электронная торговая площадка»</oos:description><oos:phone>7-985-7815501</oos:phone><oos:address>http://roseltorg.ru</oos:address><oos:email>info@roseltorg.ru</oos:email><oos:fullName>АКЦИОНЕРНОЕ ОБЩЕСТВО &quot;ЕДИНАЯ ЭЛЕКТРОННАЯ ТОРГОВАЯ ПЛОЩАДКА&quot;</oos:fullName><oos:INN>7707704692</oos:INN><oos:KPP>772501001</oos:KPP><oos:actual>true</oos:actual></nsiETP><nsiETP><oos:code>ETP_RTS</oos:code><oos:name>РТС-тендер</oos:name><oos:description>ООО «РТС-тендер»</oos:description><oos:phone>8-800-5007500</oos:phone><oos:address>http://www.rts-tender.ru</oos:address><oos:email>oos-support@rts.ru</oos:email><oos:fullName>ОБЩЕСТВО С ОГРАНИЧЕННОЙ ОТВЕТСТВЕННОСТЬЮ &quot;РТС-ТЕНДЕР&quot;</oos:fullName><oos:INN>7710357167</oos:INN><oos:KPP>770701001</oos:KPP><oos:actual>true</oos:actual></nsiETP><nsiETP><oos:code>ETP_SBAST</oos:code><oos:name>АО «Сбербанк-АСТ»</oos:name><oos:description>АО «Сбербанк-АСТ»</oos:description><oos:phone>7-495-7872997</oos:phone><oos:address>http://www.sberbank-ast.ru</oos:address><oos:email>oos_interaction@sberbank-ast.ru</oos:email><oos:fullName>АКЦИОНЕРНОЕ ОБЩЕСТВО «СБЕРБАНК - АВТОМАТИЗИРОВАННАЯ СИСТЕМА ТОРГОВ»</oos:fullName><oos:INN>7707308480</oos:INN><oos:KPP>770401001</oos:KPP><oos:actual>true</oos:actual></nsiETP><nsiETP><oos:code>ETP_MMVB</oos:code><oos:name>Национальная электронная площадка</oos:name><oos:phone>8-800-1002540</oos:phone><oos:address>http://www.etp-ets.ru</oos:address><oos:email>Etp-oper@micex.com</oos:email><oos:fullName>АКЦИОНЕРНОЕ ОБЩЕСТВО &quot;ЭЛЕКТРОННЫЕ ТОРГОВЫЕ СИСТЕМЫ&quot;</oos:fullName><oos:INN>7703668940</oos:INN><oos:KPP>770301001</oos:KPP><oos:actual>true</oos:actual></nsiETP><nsiETP><oos:code>ETP_TEST</oos:code><oos:name>Тестовая ЭП</oos:name><oos:phone>7-495-71111111</oos:phone><oos:address>http://www.etp.test.ru</oos:address><oos:email>oostest@yandex.ru</oos:email><oos:actual>false</oos:actual></nsiETP><nsiETP><oos:code>ETP_RAD</oos:code><oos:name>АО &quot;РАД&quot;</oos:name><oos:description>АКЦИОНЕРНОЕ ОБЩЕСТВО &quot;РОССИЙСКИЙ АУКЦИОННЫЙ ДОМ&quot;</oos:description><oos:phone>8-800-7775757</oos:phone><oos:address>https://gz.lot-online.ru</oos:address><oos:email>support@lot-online.ru</oos:email><oos:fullName>АКЦИОНЕРНОЕ ОБЩЕСТВО &quot;РОССИЙСКИЙ АУКЦИОННЫЙ ДОМ&quot;</oos:fullName><oos:INN>7838430413</oos:INN><oos:KPP>783801001</oos:KPP><oos:actual>true</oos:actual></nsiETP><nsiETP><oos:code>ETP_GPB</oos:code><oos:name>ЭТП Газпромбанк</oos:name><oos:description>ЭТП Газпромбанк</oos:description><oos:phone>8 (495) 2760051</oos:phone><oos:address>https://etpgpb.ru/</oos:address><oos:email> </oos:email><oos:fullName>ООО &quot;Электронная торговая площадка ГПБ&quot;</oos:fullName><oos:INN>7724514910</oos:INN><oos:KPP>772801001</oos:KPP><oos:actual>true</oos:actual></nsiETP><nsiETP><oos:code>ETP_TEKTORG</oos:code><oos:name>ЭТП ТЭК-Торг</oos:name><oos:description>ЭТП ТЭК-Торг</oos:description><oos:phone>8 (495) 734-81-18</oos:phone><oos:address>http://www.tektorg.ru/</oos:address><oos:email>help@tektorg.ru</oos:email><oos:fullName>АО &quot;ТЭК-Торг&quot;</oos:fullName><oos:INN>7704824695</oos:INN><oos:KPP>770401001</oos:KPP><oos:actual>true</oos:actual></nsiETP><nsiETP><oos:code>ETP_TEKTORG_FUTURE</oos:code><oos:name>ЭТП ТЭК-Торг future</oos:name><oos:description>ЭТП ТЭК-Торг future</oos:description><oos:phone>8 (495) 734-81-18</oos:phone><oos:address>http://www.tektorg.ru/</oos:address><oos:email>help@tektorg.ru</oos:email><oos:fullName>АО &quot;ТЭК-Торг&quot; 2</oos:fullName><oos:INN>7840389730</oos:INN><oos:KPP>784001001</oos:KPP><oos:actual>false</oos:actual></nsiETP><nsiETP><oos:code>ETP_ASTGOZ</oos:code><oos:name>АСТ ГОЗ</oos:name><oos:description>Общество с ограниченной ответственностью &quot;Автоматизированная система торгов государственного оборонного заказа&quot;</oos:description><oos:phone>+7(495)787-29-94</oos:phone><oos:address>http://www.astgoz.ru/</oos:address><oos:email>info@astgoz.ru</oos:email><oos:fullName>Общество с ограниченной ответственностью «Автоматизированная система торгов государственного оборонного заказа»</oos:fullName><oos:INN>7728312865</oos:INN><oos:KPP>772801001</oos:KPP><oos:actual>true</oos:actual></nsiETP></nsiETPs></export>