<?xml version="1.0" encoding="UTF-8"?><export xmlns:xsi="http://www.w3.org/2001/XMLSchema-instance" xmlns="http://zakupki.gov.ru/oos/export/1" xmlns:oos="http://zakupki.gov.ru/oos/types/1"><nsiKTRUNotUsingReasons><nsiKTRUNotUsingReason><oos:code>00</oos:code><oos:name>Иное</oos:name><oos:updateDate>2020-07-05T14:54:30</oos:updateDate><oos:isActual>true</oos:isActual></nsiKTRUNotUsingReason><nsiKTRUNotUsingReason><oos:code>01</oos:code><oos:name>В КТРУ отсутствует необходимая единица измерения</oos:name><oos:updateDate>2020-07-05T14:54:30</oos:updateDate><oos:isActual>true</oos:isActual></nsiKTRUNotUsingReason><nsiKTRUNotUsingReason><oos:code>02</oos:code><oos:name>Приведение единицы измерения в соответствие с заключенным контрактом</oos:name><oos:updateDate>2020-07-05T14:54:30</oos:updateDate><oos:isActual>true</oos:isActual></nsiKTRUNotUsingReason></nsiKTRUNotUsingReasons></export>