<?xml version="1.0" encoding="UTF-8"?><export xmlns:xsi="http://www.w3.org/2001/XMLSchema-instance" xmlns="http://zakupki.gov.ru/oos/export/1" xmlns:oos="http://zakupki.gov.ru/oos/types/1"><nsiPublicDiscussionQuestionnaries><nsiPublicDiscussionQuestionnarie><oos:id>1</oos:id><oos:code>1</oos:code><oos:facetName>Соответствие закупок требованиям законодательства Российской Федерации и иных нормативных правовых актов, в том числе о контрактной системе в сфере закупок товаров, работ, услуг для обеспечения государственных и муниципальных нужд</oos:facetName><oos:questions><oos:question><oos:id>1</oos:id><oos:code>1</oos:code><oos:name>Положения документации содержат требования к характеристикам закупаемых товаров (работ, услуг), которые ограничивают конкуренцию или не позволяют принять участие в закупках отдельным поставщикам (подрядчикам, исполнителям)? Укажите конкретные положения документации.</oos:name><oos:answers><oos:answer>Да</oos:answer><oos:answer>Нет</oos:answer><oos:answer>Частично</oos:answer></oos:answers><oos:actual>true</oos:actual></oos:question><oos:question><oos:id>2</oos:id><oos:code>2</oos:code><oos:name>Положениями документации предусмотрены сроки поставки (выполнения работ, оказания услуг), не позволяющие предоставить качественный товар (работу, услугу)?</oos:name><oos:answers><oos:answer>Да</oos:answer><oos:answer>Нет</oos:answer><oos:answer>Частично</oos:answer></oos:answers><oos:actual>true</oos:actual></oos:question><oos:question><oos:id>3</oos:id><oos:code>3</oos:code><oos:name>В положениях документации содержатся условия гарантии, обременительные для бизнеса, которые могут привести к отсутствию заявок на участие в конкурсе или аукционе?</oos:name><oos:answers><oos:answer>Да</oos:answer><oos:answer>Нет</oos:answer><oos:answer>Частично</oos:answer></oos:answers><oos:actual>true</oos:actual></oos:question><oos:question><oos:id>4</oos:id><oos:code>4</oos:code><oos:name>Заказчик предусмотрел необходимые преимущества (условия допуска) для отечественных поставщиков, предусмотренные законодательством?</oos:name><oos:answers><oos:answer>Да</oos:answer><oos:answer>Нет</oos:answer><oos:answer>Частично</oos:answer></oos:answers><oos:actual>true</oos:actual></oos:question><oos:question><oos:id>5</oos:id><oos:code>5</oos:code><oos:name>Положения документации содержат требования к выполнению отдельных работ, услуг поставщиками, исполнителями, не являющихся предметом контракта, либо по законодательству являющихся функцией заказчика?</oos:name><oos:answers><oos:answer>Да</oos:answer><oos:answer>Нет</oos:answer><oos:answer>Частично</oos:answer></oos:answers><oos:actual>true</oos:actual></oos:question><oos:question><oos:id>6</oos:id><oos:code>6</oos:code><oos:name>Положения документации содержат иные положения по процедурам осуществления закупки, приводящих к ограничению участия поставщиков, исполнителей?</oos:name><oos:answers><oos:answer>Да</oos:answer><oos:answer>Нет</oos:answer><oos:answer>Частично</oos:answer></oos:answers><oos:actual>true</oos:actual></oos:question></oos:questions><oos:type>LP</oos:type><oos:actual>true</oos:actual></nsiPublicDiscussionQuestionnarie><nsiPublicDiscussionQuestionnarie><oos:id>2</oos:id><oos:code>2</oos:code><oos:facetName>Соответствие закупок целям и мероприятиям, предусмотренным государственными программами Российской Федерации (в том числе федеральными целевыми программами, иными документами стратегического и программно-целевого планирования Российской Федерации), государственными программами субъектов Российской Федерации (в том числе региональными целевыми программами, иными документами стратегического и программно-целевого планирования субъектов Российской Федерации), муниципальными программами</oos:facetName><oos:questions><oos:question><oos:id>7</oos:id><oos:code>1</oos:code><oos:name>Предполагаемая закупка соответствует целям и мероприятиям, предусмотренным государственными программами Российской Федерации?</oos:name><oos:answers><oos:answer>Да</oos:answer><oos:answer>Нет</oos:answer><oos:answer>Частично</oos:answer></oos:answers><oos:actual>true</oos:actual></oos:question><oos:question><oos:id>8</oos:id><oos:code>2</oos:code><oos:name>Предполагаемая закупка соответствует целям и мероприятиям, предусмотренным государственными программами субъектов Российской Федерации?</oos:name><oos:answers><oos:answer>Да</oos:answer><oos:answer>Нет</oos:answer><oos:answer>Частично</oos:answer></oos:answers><oos:actual>true</oos:actual></oos:question><oos:question><oos:id>9</oos:id><oos:code>3</oos:code><oos:name>Предполагаемая закупка соответствует целям и мероприятиям, предусмотренным муниципальными программами?</oos:name><oos:answers><oos:answer>Да</oos:answer><oos:answer>Нет</oos:answer><oos:answer>Частично</oos:answer></oos:answers><oos:actual>true</oos:actual></oos:question></oos:questions><oos:type>LP</oos:type><oos:actual>true</oos:actual></nsiPublicDiscussionQuestionnarie><nsiPublicDiscussionQuestionnarie><oos:id>3</oos:id><oos:code>3</oos:code><oos:facetName>Соответствие закупок международным обязательствам Российской Федерации, межгосударственным целевым программам, участником которых является Российская Федерация</oos:facetName><oos:questions><oos:question><oos:id>10</oos:id><oos:code>1</oos:code><oos:name>Предполагаемая закупка соответствует международным обязательствам Российской Федерации?</oos:name><oos:answers><oos:answer>Да</oos:answer><oos:answer>Нет</oos:answer><oos:answer>Частично</oos:answer></oos:answers><oos:actual>true</oos:actual></oos:question><oos:question><oos:id>11</oos:id><oos:code>2</oos:code><oos:name>Предполагаемая закупка соответствует межгосударственным целевым программам, участником которых является Российская Федерация?</oos:name><oos:answers><oos:answer>Да</oos:answer><oos:answer>Нет</oos:answer><oos:answer>Частично</oos:answer></oos:answers><oos:actual>true</oos:actual></oos:question></oos:questions><oos:type>LP</oos:type><oos:actual>true</oos:actual></nsiPublicDiscussionQuestionnarie><nsiPublicDiscussionQuestionnarie><oos:id>4</oos:id><oos:code>4</oos:code><oos:facetName>Соответствие закупок функциям и полномочиям государственных органов, органов управления государственными внебюджетными фондами или органов местного самоуправления, Государственной корпорации по атомной энергии «Росатом» или Государственной корпорации по космической деятельности «Роскосмос»</oos:facetName><oos:questions><oos:question><oos:id>12</oos:id><oos:code>1</oos:code><oos:name>Предполагаемая закупка соответствует требованиям, достаточным для обеспечения деятельности заказчика или соответствует целям деятельности заказчика?</oos:name><oos:answers><oos:answer>Да</oos:answer><oos:answer>Нет</oos:answer><oos:answer>Частично</oos:answer></oos:answers><oos:actual>true</oos:actual></oos:question><oos:question><oos:id>13</oos:id><oos:code>2</oos:code><oos:name>Предполагаемая закупка предполагает приобретение товаров (работ, услуг), имеющих избыточные потребительские свойства?</oos:name><oos:answers><oos:answer>Да</oos:answer><oos:answer>Нет</oos:answer><oos:answer>Частично</oos:answer></oos:answers><oos:actual>true</oos:actual></oos:question><oos:question><oos:id>14</oos:id><oos:code>3</oos:code><oos:name>Предполагаемая закупка целесообразна в целом? Укажите причины, по которым делается указанный вывод.</oos:name><oos:answers><oos:answer>Да</oos:answer><oos:answer>Нет</oos:answer><oos:answer>Частично</oos:answer></oos:answers><oos:actual>true</oos:actual></oos:question></oos:questions><oos:type>LP</oos:type><oos:actual>true</oos:actual></nsiPublicDiscussionQuestionnarie><nsiPublicDiscussionQuestionnarie><oos:id>5</oos:id><oos:code>5</oos:code><oos:facetName>Соответствие закупок решениям, поручениям, указаниям Президента Российской Федерации, решениям, поручениям Правительства Российской Федерации, решениям, поручениям высших исполнительных органов государственной власти субъектов Российской Федерации, а также муниципальным правовым актам</oos:facetName><oos:questions><oos:question><oos:id>15</oos:id><oos:code>1</oos:code><oos:name>Предполагаемая закупка соответствует решениям, поручениям, указаниям Президента Российской Федерации?</oos:name><oos:answers><oos:answer>Да</oos:answer><oos:answer>Нет</oos:answer><oos:answer>Частично</oos:answer></oos:answers><oos:actual>true</oos:actual></oos:question><oos:question><oos:id>16</oos:id><oos:code>2</oos:code><oos:name>Предполагаемая закупка соответствует решениям, поручениям Правительства Российской Федерации?</oos:name><oos:answers><oos:answer>Да</oos:answer><oos:answer>Нет</oos:answer><oos:answer>Частично</oos:answer></oos:answers><oos:actual>true</oos:actual></oos:question><oos:question><oos:id>17</oos:id><oos:code>3</oos:code><oos:name>Предполагаемая закупка соответствует решениям, поручениям высших исполнительных органов государственной власти субъектов Российской Федерации?</oos:name><oos:answers><oos:answer>Да</oos:answer><oos:answer>Нет</oos:answer><oos:answer>Частично</oos:answer></oos:answers><oos:actual>true</oos:actual></oos:question><oos:question><oos:id>18</oos:id><oos:code>4</oos:code><oos:name>Предполагаемая закупка соответствует муниципальным правовым актам?</oos:name><oos:answers><oos:answer>Да</oos:answer><oos:answer>Нет</oos:answer><oos:answer>Частично</oos:answer></oos:answers><oos:actual>true</oos:actual></oos:question></oos:questions><oos:type>LP</oos:type><oos:actual>true</oos:actual></nsiPublicDiscussionQuestionnarie><nsiPublicDiscussionQuestionnarie><oos:id>6</oos:id><oos:code>6</oos:code><oos:facetName>Соответствие закупок требованиям актов о нормировании в сфере закупок</oos:facetName><oos:questions><oos:question><oos:id>19</oos:id><oos:code>1</oos:code><oos:name>Заказчик указал объективное обоснование начальной (максимальной) цены контракта?</oos:name><oos:answers><oos:answer>Да</oos:answer><oos:answer>Нет</oos:answer><oos:answer>Частично</oos:answer></oos:answers><oos:actual>true</oos:actual></oos:question><oos:question><oos:id>20</oos:id><oos:code>2</oos:code><oos:name>Обоснование цены, предложенное заказчиком, содержит ссылки на источники информации, на основании которых производился расчет цены контракта?</oos:name><oos:answers><oos:answer>Да</oos:answer><oos:answer>Нет</oos:answer><oos:answer>Частично</oos:answer></oos:answers><oos:actual>true</oos:actual></oos:question></oos:questions><oos:type>LP</oos:type><oos:actual>true</oos:actual></nsiPublicDiscussionQuestionnarie><nsiPublicDiscussionQuestionnarie><oos:id>7</oos:id><oos:code>7</oos:code><oos:facetName>Соответствие закупок приоритету обеспечения государственных и муниципальных нужд путем закупок инновационной и высокотехнологической продукции</oos:facetName><oos:questions><oos:question><oos:id>21</oos:id><oos:code>1</oos:code><oos:name>Предполагаемая закупка соответствует приоритету обеспечения государственных и нужд Российской Федерации путем закупок инновационной и высокотехнологической продукции?</oos:name><oos:answers><oos:answer>Да</oos:answer><oos:answer>Нет</oos:answer><oos:answer>Частично</oos:answer></oos:answers><oos:actual>true</oos:actual></oos:question><oos:question><oos:id>22</oos:id><oos:code>2</oos:code><oos:name>Предполагаемая закупка соответствует приоритету обеспечения государственных и нужд субъектов Российской Федерации путем закупок инновационной и высокотехнологической продукции?</oos:name><oos:answers><oos:answer>Да</oos:answer><oos:answer>Нет</oos:answer><oos:answer>Частично</oos:answer></oos:answers><oos:actual>true</oos:actual></oos:question><oos:question><oos:id>23</oos:id><oos:code>3</oos:code><oos:name>Предполагаемая закупка соответствует приоритету обеспечения муниципальных нужд путем закупок инновационной и высокотехнологической продукции?</oos:name><oos:answers><oos:answer>Да</oos:answer><oos:answer>Нет</oos:answer><oos:answer>Частично</oos:answer></oos:answers><oos:actual>true</oos:actual></oos:question></oos:questions><oos:type>LP</oos:type><oos:actual>true</oos:actual></nsiPublicDiscussionQuestionnarie><nsiPublicDiscussionQuestionnarie><oos:id>8</oos:id><oos:code>8</oos:code><oos:facetName>Иные замечания или предложения, в том числе по уточнению положений документации</oos:facetName><oos:type>LP</oos:type><oos:actual>true</oos:actual></nsiPublicDiscussionQuestionnarie><nsiPublicDiscussionQuestionnarie><oos:id>9</oos:id><oos:code>1</oos:code><oos:facetName>Соответствие закупок требованиям законодательства Российской Федерации и иных нормативных правовых актов, в том числе о контрактной системе в сфере закупок товаров, работ, услуг для обеспечения государственных и муниципальных нужд</oos:facetName><oos:questions><oos:question><oos:id>24</oos:id><oos:code>1</oos:code><oos:name>Положения документации содержат требования к характеристикам закупаемых товаров (работ, услуг), которые ограничивают конкуренцию или не позволяют принять участие в закупках отдельным поставщикам (подрядчикам, исполнителям)? Укажите конкретные положения документации.</oos:name><oos:answers><oos:answer>Да</oos:answer><oos:answer>Нет</oos:answer><oos:answer>Частично</oos:answer></oos:answers><oos:actual>true</oos:actual></oos:question><oos:question><oos:id>25</oos:id><oos:code>2</oos:code><oos:name>Положениями документации предусмотрены сроки поставки (выполнения работ, оказания услуг), не позволяющие предоставить качественный товар (работу, услугу)?</oos:name><oos:answers><oos:answer>Да</oos:answer><oos:answer>Нет</oos:answer><oos:answer>Частично</oos:answer></oos:answers><oos:actual>true</oos:actual></oos:question><oos:question><oos:id>26</oos:id><oos:code>3</oos:code><oos:name>В положениях документации содержатся условия гарантии, обременительные для бизнеса, которые могут привести к отсутствию заявок на участие в конкурсе или аукционе?</oos:name><oos:answers><oos:answer>Да</oos:answer><oos:answer>Нет</oos:answer><oos:answer>Частично</oos:answer></oos:answers><oos:actual>true</oos:actual></oos:question><oos:question><oos:id>27</oos:id><oos:code>4</oos:code><oos:name>Заказчик предусмотрел необходимые преимущества (условия допуска) для отечественных поставщиков, предусмотренные законодательством?</oos:name><oos:answers><oos:answer>Да</oos:answer><oos:answer>Нет</oos:answer><oos:answer>Частично</oos:answer></oos:answers><oos:actual>true</oos:actual></oos:question><oos:question><oos:id>28</oos:id><oos:code>5</oos:code><oos:name>Положения документации содержат требования к выполнению отдельных работ, услуг поставщиками, исполнителями, не являющихся предметом контракта, либо по законодательству являющихся функцией заказчика?</oos:name><oos:answers><oos:answer>Да</oos:answer><oos:answer>Нет</oos:answer><oos:answer>Частично</oos:answer></oos:answers><oos:actual>true</oos:actual></oos:question><oos:question><oos:id>29</oos:id><oos:code>6</oos:code><oos:name>Положения документации содержат иные положения по процедурам осуществления закупки, приводящих к ограничению участия поставщиков, исполнителей?</oos:name><oos:answers><oos:answer>Да</oos:answer><oos:answer>Нет</oos:answer><oos:answer>Частично</oos:answer></oos:answers><oos:actual>true</oos:actual></oos:question></oos:questions><oos:type>LP</oos:type><oos:actual>true</oos:actual></nsiPublicDiscussionQuestionnarie><nsiPublicDiscussionQuestionnarie><oos:id>10</oos:id><oos:code>2</oos:code><oos:facetName>Соответствие закупок целям и мероприятиям, предусмотренным государственными программами Российской Федерации (в том числе федеральными целевыми программами, иными документами стратегического и программно-целевого планирования Российской Федерации), государственными программами субъектов Российской Федерации (в том числе региональными целевыми программами, иными документами стратегического и программно-целевого планирования субъектов Российской Федерации), муниципальными программами</oos:facetName><oos:questions><oos:question><oos:id>30</oos:id><oos:code>1</oos:code><oos:name>Предполагаемая закупка соответствует целям и мероприятиям, предусмотренным государственными программами Российской Федерации?</oos:name><oos:answers><oos:answer>Да</oos:answer><oos:answer>Нет</oos:answer><oos:answer>Частично</oos:answer></oos:answers><oos:actual>true</oos:actual></oos:question><oos:question><oos:id>31</oos:id><oos:code>2</oos:code><oos:name>Предполагаемая закупка соответствует целям и мероприятиям, предусмотренным государственными программами субъектов Российской Федерации?</oos:name><oos:answers><oos:answer>Да</oos:answer><oos:answer>Нет</oos:answer><oos:answer>Частично</oos:answer></oos:answers><oos:actual>true</oos:actual></oos:question><oos:question><oos:id>32</oos:id><oos:code>3</oos:code><oos:name>Предполагаемая закупка соответствует целям и мероприятиям, предусмотренным муниципальными программами?</oos:name><oos:answers><oos:answer>Да</oos:answer><oos:answer>Нет</oos:answer><oos:answer>Частично</oos:answer></oos:answers><oos:actual>true</oos:actual></oos:question></oos:questions><oos:type>LP</oos:type><oos:actual>true</oos:actual></nsiPublicDiscussionQuestionnarie><nsiPublicDiscussionQuestionnarie><oos:id>11</oos:id><oos:code>3</oos:code><oos:facetName>Соответствие закупок международным обязательствам Российской Федерации, межгосударственным целевым программам, участником которых является Российская Федерация</oos:facetName><oos:questions><oos:question><oos:id>33</oos:id><oos:code>1</oos:code><oos:name>Предполагаемая закупка соответствует международным обязательствам Российской Федерации?</oos:name><oos:answers><oos:answer>Да</oos:answer><oos:answer>Нет</oos:answer><oos:answer>Частично</oos:answer></oos:answers><oos:actual>true</oos:actual></oos:question><oos:question><oos:id>34</oos:id><oos:code>2</oos:code><oos:name>Предполагаемая закупка соответствует межгосударственным целевым программам, участником которых является Российская Федерация?</oos:name><oos:answers><oos:answer>Да</oos:answer><oos:answer>Нет</oos:answer><oos:answer>Частично</oos:answer></oos:answers><oos:actual>true</oos:actual></oos:question></oos:questions><oos:type>LP</oos:type><oos:actual>true</oos:actual></nsiPublicDiscussionQuestionnarie><nsiPublicDiscussionQuestionnarie><oos:id>12</oos:id><oos:code>4</oos:code><oos:facetName>Соответствие закупок функциям и полномочиям государственных органов, органов управления государственными внебюджетными фондами или органов местного самоуправления, Государственной корпорации по атомной энергии «Росатом» или Государственной корпорации по космической деятельности «Роскосмос»</oos:facetName><oos:questions><oos:question><oos:id>35</oos:id><oos:code>1</oos:code><oos:name>Предполагаемая закупка соответствует требованиям, достаточным для обеспечения деятельности заказчика или соответствует целям деятельности заказчика?</oos:name><oos:answers><oos:answer>Да</oos:answer><oos:answer>Нет</oos:answer><oos:answer>Частично</oos:answer></oos:answers><oos:actual>true</oos:actual></oos:question><oos:question><oos:id>36</oos:id><oos:code>2</oos:code><oos:name>Предполагаемая закупка предполагает приобретение товаров (работ, услуг), имеющих избыточные потребительские свойства?</oos:name><oos:answers><oos:answer>Да</oos:answer><oos:answer>Нет</oos:answer><oos:answer>Частично</oos:answer></oos:answers><oos:actual>true</oos:actual></oos:question><oos:question><oos:id>37</oos:id><oos:code>3</oos:code><oos:name>Предполагаемая закупка целесообразна в целом? Укажите причины, по которым делается указанный вывод.</oos:name><oos:answers><oos:answer>Да</oos:answer><oos:answer>Нет</oos:answer><oos:answer>Частично</oos:answer></oos:answers><oos:actual>true</oos:actual></oos:question></oos:questions><oos:type>LP</oos:type><oos:actual>true</oos:actual></nsiPublicDiscussionQuestionnarie><nsiPublicDiscussionQuestionnarie><oos:id>13</oos:id><oos:code>5</oos:code><oos:facetName>Соответствие закупок решениям, поручениям, указаниям Президента Российской Федерации, решениям, поручениям Правительства Российской Федерации, решениям, поручениям высших исполнительных органов государственной власти субъектов Российской Федерации, а также муниципальным правовым актам</oos:facetName><oos:questions><oos:question><oos:id>38</oos:id><oos:code>1</oos:code><oos:name>Предполагаемая закупка соответствует решениям, поручениям, указаниям Президента Российской Федерации?</oos:name><oos:answers><oos:answer>Да</oos:answer><oos:answer>Нет</oos:answer><oos:answer>Частично</oos:answer></oos:answers><oos:actual>true</oos:actual></oos:question><oos:question><oos:id>39</oos:id><oos:code>2</oos:code><oos:name>Предполагаемая закупка соответствует решениям, поручениям Правительства Российской Федерации?</oos:name><oos:answers><oos:answer>Да</oos:answer><oos:answer>Нет</oos:answer><oos:answer>Частично</oos:answer></oos:answers><oos:actual>true</oos:actual></oos:question><oos:question><oos:id>40</oos:id><oos:code>3</oos:code><oos:name>Предполагаемая закупка соответствует решениям, поручениям высших исполнительных органов государственной власти субъектов Российской Федерации?</oos:name><oos:answers><oos:answer>Да</oos:answer><oos:answer>Нет</oos:answer><oos:answer>Частично</oos:answer></oos:answers><oos:actual>true</oos:actual></oos:question><oos:question><oos:id>41</oos:id><oos:code>4</oos:code><oos:name>Предполагаемая закупка соответствует муниципальным правовым актам?</oos:name><oos:answers><oos:answer>Да</oos:answer><oos:answer>Нет</oos:answer><oos:answer>Частично</oos:answer></oos:answers><oos:actual>true</oos:actual></oos:question></oos:questions><oos:type>LP</oos:type><oos:actual>true</oos:actual></nsiPublicDiscussionQuestionnarie><nsiPublicDiscussionQuestionnarie><oos:id>14</oos:id><oos:code>6</oos:code><oos:facetName>Соответствие закупок требованиям актов о нормировании в сфере закупок</oos:facetName><oos:questions><oos:question><oos:id>42</oos:id><oos:code>1</oos:code><oos:name>Заказчик указал объективное обоснование начальной (максимальной) цены контракта?</oos:name><oos:answers><oos:answer>Да</oos:answer><oos:answer>Нет</oos:answer><oos:answer>Частично</oos:answer></oos:answers><oos:actual>true</oos:actual></oos:question><oos:question><oos:id>43</oos:id><oos:code>2</oos:code><oos:name>Обоснование цены, предложенное заказчиком, содержит ссылки на источники информации, на основании которых производился расчет цены контракта?</oos:name><oos:answers><oos:answer>Да</oos:answer><oos:answer>Нет</oos:answer><oos:answer>Частично</oos:answer></oos:answers><oos:actual>true</oos:actual></oos:question></oos:questions><oos:type>LP</oos:type><oos:actual>true</oos:actual></nsiPublicDiscussionQuestionnarie><nsiPublicDiscussionQuestionnarie><oos:id>15</oos:id><oos:code>7</oos:code><oos:facetName>Соответствие закупок приоритету обеспечения государственных и муниципальных нужд путем закупок инновационной и высокотехнологической продукции</oos:facetName><oos:questions><oos:question><oos:id>44</oos:id><oos:code>1</oos:code><oos:name>Предполагаемая закупка соответствует приоритету обеспечения государственных и нужд Российской Федерации путем закупок инновационной и высокотехнологической продукции?</oos:name><oos:answers><oos:answer>Да</oos:answer><oos:answer>Нет</oos:answer><oos:answer>Частично</oos:answer></oos:answers><oos:actual>true</oos:actual></oos:question><oos:question><oos:id>45</oos:id><oos:code>2</oos:code><oos:name>Предполагаемая закупка соответствует приоритету обеспечения государственных и нужд субъектов Российской Федерации путем закупок инновационной и высокотехнологической продукции?</oos:name><oos:answers><oos:answer>Да</oos:answer><oos:answer>Нет</oos:answer><oos:answer>Частично</oos:answer></oos:answers><oos:actual>true</oos:actual></oos:question><oos:question><oos:id>46</oos:id><oos:code>3</oos:code><oos:name>Предполагаемая закупка соответствует приоритету обеспечения муниципальных нужд путем закупок инновационной и высокотехнологической продукции?</oos:name><oos:answers><oos:answer>Да</oos:answer><oos:answer>Нет</oos:answer><oos:answer>Частично</oos:answer></oos:answers><oos:actual>true</oos:actual></oos:question></oos:questions><oos:type>LP</oos:type><oos:actual>true</oos:actual></nsiPublicDiscussionQuestionnarie><nsiPublicDiscussionQuestionnarie><oos:id>16</oos:id><oos:code>8</oos:code><oos:facetName>Иные замечания или предложения, в том числе по уточнению положений документации</oos:facetName><oos:type>LP</oos:type><oos:actual>true</oos:actual></nsiPublicDiscussionQuestionnarie></nsiPublicDiscussionQuestionnaries></export>