<?xml version="1.0" encoding="UTF-8"?><export xmlns:xsi="http://www.w3.org/2001/XMLSchema-instance" xmlns="http://zakupki.gov.ru/oos/export/1" xmlns:oos="http://zakupki.gov.ru/oos/types/1"><nsiDrugChangeReasons><nsiDrugChangeReason><oos:code>1</oos:code><oos:name>Сведения о лекарственном препарате отсутствуют в ЕСКЛП (при наличии их в государственном реестре лекарственных средств)</oos:name><oos:mustSpecifyCommentOrRequestNumber>false</oos:mustSpecifyCommentOrRequestNumber><oos:mustSpecifyDrugRef>true</oos:mustSpecifyDrugRef><oos:isActual>true</oos:isActual></nsiDrugChangeReason><nsiDrugChangeReason><oos:code>2</oos:code><oos:name>Сведения о лекарственном препарате в ЕСКЛП отражены некорректно</oos:name><oos:mustSpecifyCommentOrRequestNumber>false</oos:mustSpecifyCommentOrRequestNumber><oos:mustSpecifyDrugRef>true</oos:mustSpecifyDrugRef><oos:isActual>true</oos:isActual></nsiDrugChangeReason><nsiDrugChangeReason><oos:code>3</oos:code><oos:name>Закупка лекарственного препарата для ветеринарного применения</oos:name><oos:mustSpecifyCommentOrRequestNumber>true</oos:mustSpecifyCommentOrRequestNumber><oos:mustSpecifyDrugRef>false</oos:mustSpecifyDrugRef><oos:isActual>true</oos:isActual></nsiDrugChangeReason><nsiDrugChangeReason><oos:code>4</oos:code><oos:name>Закупка лекарственного препарата, производимого аптечной организацией</oos:name><oos:mustSpecifyCommentOrRequestNumber>true</oos:mustSpecifyCommentOrRequestNumber><oos:mustSpecifyDrugRef>false</oos:mustSpecifyDrugRef><oos:isActual>true</oos:isActual></nsiDrugChangeReason><nsiDrugChangeReason><oos:code>5</oos:code><oos:name>Закупка лекарственного препарата, незарегистрированного в государственном реестре лекарственных средств</oos:name><oos:mustSpecifyCommentOrRequestNumber>true</oos:mustSpecifyCommentOrRequestNumber><oos:mustSpecifyDrugRef>false</oos:mustSpecifyDrugRef><oos:isActual>true</oos:isActual></nsiDrugChangeReason></nsiDrugChangeReasons></export>