<?xml version="1.0" encoding="UTF-8"?><export xmlns:xsi="http://www.w3.org/2001/XMLSchema-instance" xmlns="http://zakupki.gov.ru/oos/export/1" xmlns:oos="http://zakupki.gov.ru/oos/types/1"><nsiOKEIList><nsiOKEI><oos:code>3135</oos:code><oos:fullName>Децибел</oos:fullName><oos:section><oos:code>3</oos:code><oos:name>ЧЕТЫРЕХЗНАЧНЫЕ НАЦИОНАЛЬНЫЕ ЕДИНИЦЫ ИЗМЕРЕНИЯ, ВКЛЮЧЕННЫЕ В ОКЕИ</oos:name></oos:section><oos:group><oos:id>5</oos:id><oos:name>Технические единицы</oos:name></oos:group><oos:localName>ДЕЦИБЕЛ</oos:localName><oos:internationalName></oos:internationalName><oos:localSymbol>дБ</oos:localSymbol><oos:actual>true</oos:actual><oos:isTemporaryForKTRU>false</oos:isTemporaryForKTRU></nsiOKEI></nsiOKEIList></export>