<?xml version="1.0" encoding="UTF-8"?><export xmlns:xsi="http://www.w3.org/2001/XMLSchema-instance" xmlns="http://zakupki.gov.ru/oos/export/1" xmlns:oos="http://zakupki.gov.ru/oos/types/1"><nsiCommissionRoleList><nsiCommissionRole><oos:id>27</oos:id><oos:code>1</oos:code><oos:name>Председатель комиссии</oos:name><oos:order>1</oos:order><oos:rightVote>true</oos:rightVote><oos:actual>true</oos:actual></nsiCommissionRole><nsiCommissionRole><oos:id>198</oos:id><oos:code>2</oos:code><oos:name>Зам. председателя комиссии</oos:name><oos:order>2</oos:order><oos:rightVote>true</oos:rightVote><oos:actual>true</oos:actual></nsiCommissionRole><nsiCommissionRole><oos:id>193</oos:id><oos:code>3</oos:code><oos:name>И.О.  председателя комиссии</oos:name><oos:order>3</oos:order><oos:rightVote>true</oos:rightVote><oos:actual>true</oos:actual></nsiCommissionRole><nsiCommissionRole><oos:id>28</oos:id><oos:code>4</oos:code><oos:name>Член комиссии</oos:name><oos:order>5</oos:order><oos:rightVote>true</oos:rightVote><oos:actual>true</oos:actual></nsiCommissionRole><nsiCommissionRole><oos:id>200</oos:id><oos:code>5</oos:code><oos:name>Секретарь</oos:name><oos:order>11</oos:order><oos:rightVote>true</oos:rightVote><oos:actual>true</oos:actual></nsiCommissionRole><nsiCommissionRole><oos:id>18079</oos:id><oos:code>6</oos:code><oos:name>Зам. уполномоченного</oos:name><oos:order>12</oos:order><oos:rightVote>true</oos:rightVote><oos:actual>true</oos:actual></nsiCommissionRole><nsiCommissionRole><oos:id>18253</oos:id><oos:code>7</oos:code><oos:name>Уполномоченный член комиссии</oos:name><oos:order>13</oos:order><oos:rightVote>true</oos:rightVote><oos:actual>true</oos:actual></nsiCommissionRole><nsiCommissionRole><oos:id>29</oos:id><oos:code>8</oos:code><oos:name>Секретарь комиссии</oos:name><oos:order>14</oos:order><oos:rightVote>true</oos:rightVote><oos:actual>true</oos:actual></nsiCommissionRole><nsiCommissionRole><oos:id>6324830</oos:id><oos:code>9</oos:code><oos:name>Секретарь комиссии (без права голоса)</oos:name><oos:order>15</oos:order><oos:rightVote>false</oos:rightVote><oos:actual>true</oos:actual></nsiCommissionRole><nsiCommissionRole><oos:id>195</oos:id><oos:code>23</oos:code><oos:name>И.О.  председателя комиссии</oos:name><oos:order>16</oos:order><oos:rightVote>true</oos:rightVote><oos:actual>false</oos:actual></nsiCommissionRole><nsiCommissionRole><oos:id>6324829</oos:id><oos:code>24</oos:code><oos:name>тест22</oos:name><oos:order>18</oos:order><oos:rightVote>true</oos:rightVote><oos:actual>false</oos:actual></nsiCommissionRole><nsiCommissionRole><oos:id>51186</oos:id><oos:code>25</oos:code><oos:name>q</oos:name><oos:order>19</oos:order><oos:rightVote>true</oos:rightVote><oos:actual>false</oos:actual></nsiCommissionRole><nsiCommissionRole><oos:id>6324826</oos:id><oos:code>26</oos:code><oos:name>Тестовая роль</oos:name><oos:order>20</oos:order><oos:rightVote>true</oos:rightVote><oos:actual>false</oos:actual></nsiCommissionRole><nsiCommissionRole><oos:id>50906</oos:id><oos:code>27</oos:code><oos:name>ffdfd</oos:name><oos:order>21</oos:order><oos:rightVote>true</oos:rightVote><oos:actual>false</oos:actual></nsiCommissionRole><nsiCommissionRole><oos:id>16501</oos:id><oos:code>28</oos:code><oos:name>Добавленная рcvsdfsdfsdf</oos:name><oos:order>22</oos:order><oos:rightVote>true</oos:rightVote><oos:actual>false</oos:actual></nsiCommissionRole><nsiCommissionRole><oos:id>16500</oos:id><oos:code>29</oos:code><oos:name>Добавленная роль3</oos:name><oos:order>23</oos:order><oos:rightVote>true</oos:rightVote><oos:actual>false</oos:actual></nsiCommissionRole><nsiCommissionRole><oos:id>15110</oos:id><oos:code>30</oos:code><oos:name>32</oos:name><oos:order>24</oos:order><oos:rightVote>true</oos:rightVote><oos:actual>false</oos:actual></nsiCommissionRole><nsiCommissionRole><oos:id>49060</oos:id><oos:code>31</oos:code><oos:name>222</oos:name><oos:order>25</oos:order><oos:rightVote>true</oos:rightVote><oos:actual>false</oos:actual></nsiCommissionRole><nsiCommissionRole><oos:id>49059</oos:id><oos:code>32</oos:code><oos:name>ййй</oos:name><oos:order>26</oos:order><oos:rightVote>true</oos:rightVote><oos:actual>false</oos:actual></nsiCommissionRole><nsiCommissionRole><oos:id>48270</oos:id><oos:code>33</oos:code><oos:name>ggg</oos:name><oos:order>27</oos:order><oos:rightVote>true</oos:rightVote><oos:actual>false</oos:actual></nsiCommissionRole><nsiCommissionRole><oos:id>18927</oos:id><oos:code>34</oos:code><oos:name>ен</oos:name><oos:order>28</oos:order><oos:rightVote>true</oos:rightVote><oos:actual>false</oos:actual></nsiCommissionRole><nsiCommissionRole><oos:id>42214</oos:id><oos:code>35</oos:code><oos:name>fghgfxhfdhdf</oos:name><oos:order>29</oos:order><oos:rightVote>true</oos:rightVote><oos:actual>false</oos:actual></nsiCommissionRole><nsiCommissionRole><oos:id>16826313</oos:id><oos:code>36</oos:code><oos:name>ntcnn</oos:name><oos:order>30</oos:order><oos:rightVote>false</oos:rightVote><oos:actual>false</oos:actual></nsiCommissionRole></nsiCommissionRoleList></export>