<?xml version="1.0" encoding="UTF-8"?><export xmlns:xsi="http://www.w3.org/2001/XMLSchema-instance" xmlns="http://zakupki.gov.ru/oos/export/1" xmlns:oos="http://zakupki.gov.ru/oos/types/1"><nsiContractReparationDoc><nsiContractReparationDoc><oos:code>11</oos:code><oos:name>дополнительное соглашение к контракту</oos:name><oos:actual>true</oos:actual></nsiContractReparationDoc><nsiContractReparationDoc><oos:code>12</oos:code><oos:name>решение суда</oos:name><oos:actual>true</oos:actual></nsiContractReparationDoc><nsiContractReparationDoc><oos:code>22</oos:code><oos:name>решение суда</oos:name><oos:actual>true</oos:actual></nsiContractReparationDoc><nsiContractReparationDoc><oos:code>32</oos:code><oos:name>решение суда</oos:name><oos:actual>true</oos:actual></nsiContractReparationDoc><nsiContractReparationDoc><oos:code>42</oos:code><oos:name>решение суда</oos:name><oos:actual>true</oos:actual></nsiContractReparationDoc><nsiContractReparationDoc><oos:code>33</oos:code><oos:name>документ поставщика (подрядчика, исполнителя) о начислении суммы возмещения фактически понесенного ущерба в связи с принятием заказчиком решения об одностороннем отказе от исполнения контракта</oos:name><oos:actual>true</oos:actual></nsiContractReparationDoc><nsiContractReparationDoc><oos:code>43</oos:code><oos:name>документ заказчика о начислении суммы возмещения фактически понесенного ущерба в связи с принятием поставщиком (подрядчиком, исполнителем) решения об одностороннем отказе от исполнения контракта</oos:name><oos:actual>true</oos:actual></nsiContractReparationDoc></nsiContractReparationDoc></export>