<?xml version="1.0" encoding="UTF-8"?><export xmlns:xsi="http://www.w3.org/2001/XMLSchema-instance" xmlns="http://zakupki.gov.ru/oos/export/1" xmlns:oos="http://zakupki.gov.ru/oos/types/1"><nsiCalendarDayList><nsiCalendarDay><oos:startDate>2021-01-01T00:00:00</oos:startDate><oos:endDate>2021-12-31T00:00:00</oos:endDate><oos:days><oos:day><oos:dayDate>2021-01-01T00:00:00</oos:dayDate><oos:isWorkDay>false</oos:isWorkDay></oos:day><oos:day><oos:dayDate>2021-01-02T00:00:00</oos:dayDate><oos:isWorkDay>false</oos:isWorkDay></oos:day><oos:day><oos:dayDate>2021-01-03T00:00:00</oos:dayDate><oos:isWorkDay>false</oos:isWorkDay></oos:day><oos:day><oos:dayDate>2021-01-04T00:00:00</oos:dayDate><oos:isWorkDay>false</oos:isWorkDay></oos:day><oos:day><oos:dayDate>2021-01-05T00:00:00</oos:dayDate><oos:isWorkDay>false</oos:isWorkDay></oos:day><oos:day><oos:dayDate>2021-01-06T00:00:00</oos:dayDate><oos:isWorkDay>false</oos:isWorkDay></oos:day><oos:day><oos:dayDate>2021-01-07T00:00:00</oos:dayDate><oos:isWorkDay>false</oos:isWorkDay></oos:day><oos:day><oos:dayDate>2021-01-08T00:00:00</oos:dayDate><oos:isWorkDay>false</oos:isWorkDay></oos:day><oos:day><oos:dayDate>2021-01-09T00:00:00</oos:dayDate><oos:isWorkDay>false</oos:isWorkDay></oos:day><oos:day><oos:dayDate>2021-01-10T00:00:00</oos:dayDate><oos:isWorkDay>false</oos:isWorkDay></oos:day><oos:day><oos:dayDate>2021-01-16T00:00:00</oos:dayDate><oos:isWorkDay>false</oos:isWorkDay></oos:day><oos:day><oos:dayDate>2021-01-17T00:00:00</oos:dayDate><oos:isWorkDay>false</oos:isWorkDay></oos:day><oos:day><oos:dayDate>2021-01-23T00:00:00</oos:dayDate><oos:isWorkDay>false</oos:isWorkDay></oos:day><oos:day><oos:dayDate>2021-01-24T00:00:00</oos:dayDate><oos:isWorkDay>false</oos:isWorkDay></oos:day><oos:day><oos:dayDate>2021-01-30T00:00:00</oos:dayDate><oos:isWorkDay>false</oos:isWorkDay></oos:day><oos:day><oos:dayDate>2021-01-31T00:00:00</oos:dayDate><oos:isWorkDay>false</oos:isWorkDay></oos:day><oos:day><oos:dayDate>2021-02-06T00:00:00</oos:dayDate><oos:isWorkDay>false</oos:isWorkDay></oos:day><oos:day><oos:dayDate>2021-02-07T00:00:00</oos:dayDate><oos:isWorkDay>false</oos:isWorkDay></oos:day><oos:day><oos:dayDate>2021-02-13T00:00:00</oos:dayDate><oos:isWorkDay>false</oos:isWorkDay></oos:day><oos:day><oos:dayDate>2021-02-14T00:00:00</oos:dayDate><oos:isWorkDay>false</oos:isWorkDay></oos:day><oos:day><oos:dayDate>2021-02-20T00:00:00</oos:dayDate><oos:isWorkDay>true</oos:isWorkDay></oos:day><oos:day><oos:dayDate>2021-02-21T00:00:00</oos:dayDate><oos:isWorkDay>false</oos:isWorkDay></oos:day><oos:day><oos:dayDate>2021-02-27T00:00:00</oos:dayDate><oos:isWorkDay>false</oos:isWorkDay></oos:day><oos:day><oos:dayDate>2021-02-28T00:00:00</oos:dayDate><oos:isWorkDay>false</oos:isWorkDay></oos:day><oos:day><oos:dayDate>2021-02-22T00:00:00</oos:dayDate><oos:isWorkDay>false</oos:isWorkDay></oos:day><oos:day><oos:dayDate>2021-02-23T00:00:00</oos:dayDate><oos:isWorkDay>false</oos:isWorkDay></oos:day><oos:day><oos:dayDate>2021-03-06T00:00:00</oos:dayDate><oos:isWorkDay>false</oos:isWorkDay></oos:day><oos:day><oos:dayDate>2021-03-07T00:00:00</oos:dayDate><oos:isWorkDay>false</oos:isWorkDay></oos:day><oos:day><oos:dayDate>2021-03-08T00:00:00</oos:dayDate><oos:isWorkDay>false</oos:isWorkDay></oos:day><oos:day><oos:dayDate>2021-03-13T00:00:00</oos:dayDate><oos:isWorkDay>false</oos:isWorkDay></oos:day><oos:day><oos:dayDate>2021-03-14T00:00:00</oos:dayDate><oos:isWorkDay>false</oos:isWorkDay></oos:day><oos:day><oos:dayDate>2021-03-20T00:00:00</oos:dayDate><oos:isWorkDay>false</oos:isWorkDay></oos:day><oos:day><oos:dayDate>2021-03-21T00:00:00</oos:dayDate><oos:isWorkDay>false</oos:isWorkDay></oos:day><oos:day><oos:dayDate>2021-03-27T00:00:00</oos:dayDate><oos:isWorkDay>false</oos:isWorkDay></oos:day><oos:day><oos:dayDate>2021-03-28T00:00:00</oos:dayDate><oos:isWorkDay>false</oos:isWorkDay></oos:day><oos:day><oos:dayDate>2021-04-03T00:00:00</oos:dayDate><oos:isWorkDay>false</oos:isWorkDay></oos:day><oos:day><oos:dayDate>2021-04-04T00:00:00</oos:dayDate><oos:isWorkDay>false</oos:isWorkDay></oos:day><oos:day><oos:dayDate>2021-04-10T00:00:00</oos:dayDate><oos:isWorkDay>false</oos:isWorkDay></oos:day><oos:day><oos:dayDate>2021-04-11T00:00:00</oos:dayDate><oos:isWorkDay>false</oos:isWorkDay></oos:day><oos:day><oos:dayDate>2021-04-17T00:00:00</oos:dayDate><oos:isWorkDay>false</oos:isWorkDay></oos:day><oos:day><oos:dayDate>2021-04-18T00:00:00</oos:dayDate><oos:isWorkDay>false</oos:isWorkDay></oos:day><oos:day><oos:dayDate>2021-04-24T00:00:00</oos:dayDate><oos:isWorkDay>false</oos:isWorkDay></oos:day><oos:day><oos:dayDate>2021-04-25T00:00:00</oos:dayDate><oos:isWorkDay>false</oos:isWorkDay></oos:day><oos:day><oos:dayDate>2021-05-01T00:00:00</oos:dayDate><oos:isWorkDay>false</oos:isWorkDay></oos:day><oos:day><oos:dayDate>2021-05-02T00:00:00</oos:dayDate><oos:isWorkDay>false</oos:isWorkDay></oos:day><oos:day><oos:dayDate>2021-05-03T00:00:00</oos:dayDate><oos:isWorkDay>false</oos:isWorkDay></oos:day><oos:day><oos:dayDate>2021-05-08T00:00:00</oos:dayDate><oos:isWorkDay>false</oos:isWorkDay></oos:day><oos:day><oos:dayDate>2021-05-09T00:00:00</oos:dayDate><oos:isWorkDay>false</oos:isWorkDay></oos:day><oos:day><oos:dayDate>2021-05-10T00:00:00</oos:dayDate><oos:isWorkDay>false</oos:isWorkDay></oos:day><oos:day><oos:dayDate>2021-05-15T00:00:00</oos:dayDate><oos:isWorkDay>false</oos:isWorkDay></oos:day><oos:day><oos:dayDate>2021-05-16T00:00:00</oos:dayDate><oos:isWorkDay>false</oos:isWorkDay></oos:day><oos:day><oos:dayDate>2021-05-22T00:00:00</oos:dayDate><oos:isWorkDay>false</oos:isWorkDay></oos:day><oos:day><oos:dayDate>2021-05-23T00:00:00</oos:dayDate><oos:isWorkDay>false</oos:isWorkDay></oos:day><oos:day><oos:dayDate>2021-05-29T00:00:00</oos:dayDate><oos:isWorkDay>false</oos:isWorkDay></oos:day><oos:day><oos:dayDate>2021-05-30T00:00:00</oos:dayDate><oos:isWorkDay>false</oos:isWorkDay></oos:day><oos:day><oos:dayDate>2021-06-05T00:00:00</oos:dayDate><oos:isWorkDay>false</oos:isWorkDay></oos:day><oos:day><oos:dayDate>2021-06-06T00:00:00</oos:dayDate><oos:isWorkDay>false</oos:isWorkDay></oos:day><oos:day><oos:dayDate>2021-06-12T00:00:00</oos:dayDate><oos:isWorkDay>false</oos:isWorkDay></oos:day><oos:day><oos:dayDate>2021-06-13T00:00:00</oos:dayDate><oos:isWorkDay>false</oos:isWorkDay></oos:day><oos:day><oos:dayDate>2021-06-14T00:00:00</oos:dayDate><oos:isWorkDay>false</oos:isWorkDay></oos:day><oos:day><oos:dayDate>2021-06-19T00:00:00</oos:dayDate><oos:isWorkDay>false</oos:isWorkDay></oos:day><oos:day><oos:dayDate>2021-06-20T00:00:00</oos:dayDate><oos:isWorkDay>false</oos:isWorkDay></oos:day><oos:day><oos:dayDate>2021-06-26T00:00:00</oos:dayDate><oos:isWorkDay>false</oos:isWorkDay></oos:day><oos:day><oos:dayDate>2021-06-27T00:00:00</oos:dayDate><oos:isWorkDay>false</oos:isWorkDay></oos:day><oos:day><oos:dayDate>2021-07-03T00:00:00</oos:dayDate><oos:isWorkDay>false</oos:isWorkDay></oos:day><oos:day><oos:dayDate>2021-07-04T00:00:00</oos:dayDate><oos:isWorkDay>false</oos:isWorkDay></oos:day><oos:day><oos:dayDate>2021-07-10T00:00:00</oos:dayDate><oos:isWorkDay>false</oos:isWorkDay></oos:day><oos:day><oos:dayDate>2021-07-11T00:00:00</oos:dayDate><oos:isWorkDay>false</oos:isWorkDay></oos:day><oos:day><oos:dayDate>2021-07-17T00:00:00</oos:dayDate><oos:isWorkDay>false</oos:isWorkDay></oos:day><oos:day><oos:dayDate>2021-07-18T00:00:00</oos:dayDate><oos:isWorkDay>false</oos:isWorkDay></oos:day><oos:day><oos:dayDate>2021-07-24T00:00:00</oos:dayDate><oos:isWorkDay>false</oos:isWorkDay></oos:day><oos:day><oos:dayDate>2021-07-25T00:00:00</oos:dayDate><oos:isWorkDay>false</oos:isWorkDay></oos:day><oos:day><oos:dayDate>2021-07-31T00:00:00</oos:dayDate><oos:isWorkDay>false</oos:isWorkDay></oos:day><oos:day><oos:dayDate>2021-08-01T00:00:00</oos:dayDate><oos:isWorkDay>false</oos:isWorkDay></oos:day><oos:day><oos:dayDate>2021-08-07T00:00:00</oos:dayDate><oos:isWorkDay>false</oos:isWorkDay></oos:day><oos:day><oos:dayDate>2021-08-08T00:00:00</oos:dayDate><oos:isWorkDay>false</oos:isWorkDay></oos:day><oos:day><oos:dayDate>2021-08-14T00:00:00</oos:dayDate><oos:isWorkDay>false</oos:isWorkDay></oos:day><oos:day><oos:dayDate>2021-08-15T00:00:00</oos:dayDate><oos:isWorkDay>false</oos:isWorkDay></oos:day><oos:day><oos:dayDate>2021-08-21T00:00:00</oos:dayDate><oos:isWorkDay>false</oos:isWorkDay></oos:day><oos:day><oos:dayDate>2021-08-22T00:00:00</oos:dayDate><oos:isWorkDay>false</oos:isWorkDay></oos:day><oos:day><oos:dayDate>2021-08-28T00:00:00</oos:dayDate><oos:isWorkDay>false</oos:isWorkDay></oos:day><oos:day><oos:dayDate>2021-08-29T00:00:00</oos:dayDate><oos:isWorkDay>false</oos:isWorkDay></oos:day><oos:day><oos:dayDate>2021-09-04T00:00:00</oos:dayDate><oos:isWorkDay>false</oos:isWorkDay></oos:day><oos:day><oos:dayDate>2021-09-05T00:00:00</oos:dayDate><oos:isWorkDay>false</oos:isWorkDay></oos:day><oos:day><oos:dayDate>2021-09-11T00:00:00</oos:dayDate><oos:isWorkDay>false</oos:isWorkDay></oos:day><oos:day><oos:dayDate>2021-09-12T00:00:00</oos:dayDate><oos:isWorkDay>false</oos:isWorkDay></oos:day><oos:day><oos:dayDate>2021-09-18T00:00:00</oos:dayDate><oos:isWorkDay>false</oos:isWorkDay></oos:day><oos:day><oos:dayDate>2021-09-19T00:00:00</oos:dayDate><oos:isWorkDay>false</oos:isWorkDay></oos:day><oos:day><oos:dayDate>2021-09-25T00:00:00</oos:dayDate><oos:isWorkDay>false</oos:isWorkDay></oos:day><oos:day><oos:dayDate>2021-09-26T00:00:00</oos:dayDate><oos:isWorkDay>false</oos:isWorkDay></oos:day><oos:day><oos:dayDate>2021-10-02T00:00:00</oos:dayDate><oos:isWorkDay>false</oos:isWorkDay></oos:day><oos:day><oos:dayDate>2021-10-03T00:00:00</oos:dayDate><oos:isWorkDay>false</oos:isWorkDay></oos:day><oos:day><oos:dayDate>2021-10-09T00:00:00</oos:dayDate><oos:isWorkDay>false</oos:isWorkDay></oos:day><oos:day><oos:dayDate>2021-10-10T00:00:00</oos:dayDate><oos:isWorkDay>false</oos:isWorkDay></oos:day><oos:day><oos:dayDate>2021-10-16T00:00:00</oos:dayDate><oos:isWorkDay>false</oos:isWorkDay></oos:day><oos:day><oos:dayDate>2021-10-17T00:00:00</oos:dayDate><oos:isWorkDay>false</oos:isWorkDay></oos:day><oos:day><oos:dayDate>2021-10-23T00:00:00</oos:dayDate><oos:isWorkDay>false</oos:isWorkDay></oos:day><oos:day><oos:dayDate>2021-10-24T00:00:00</oos:dayDate><oos:isWorkDay>false</oos:isWorkDay></oos:day><oos:day><oos:dayDate>2021-10-30T00:00:00</oos:dayDate><oos:isWorkDay>false</oos:isWorkDay></oos:day><oos:day><oos:dayDate>2021-10-31T00:00:00</oos:dayDate><oos:isWorkDay>false</oos:isWorkDay></oos:day><oos:day><oos:dayDate>2021-11-04T00:00:00</oos:dayDate><oos:isWorkDay>false</oos:isWorkDay></oos:day><oos:day><oos:dayDate>2021-11-05T00:00:00</oos:dayDate><oos:isWorkDay>false</oos:isWorkDay></oos:day><oos:day><oos:dayDate>2021-11-06T00:00:00</oos:dayDate><oos:isWorkDay>false</oos:isWorkDay></oos:day><oos:day><oos:dayDate>2021-11-07T00:00:00</oos:dayDate><oos:isWorkDay>false</oos:isWorkDay></oos:day><oos:day><oos:dayDate>2021-11-13T00:00:00</oos:dayDate><oos:isWorkDay>false</oos:isWorkDay></oos:day><oos:day><oos:dayDate>2021-11-14T00:00:00</oos:dayDate><oos:isWorkDay>false</oos:isWorkDay></oos:day><oos:day><oos:dayDate>2021-11-20T00:00:00</oos:dayDate><oos:isWorkDay>false</oos:isWorkDay></oos:day><oos:day><oos:dayDate>2021-11-21T00:00:00</oos:dayDate><oos:isWorkDay>false</oos:isWorkDay></oos:day><oos:day><oos:dayDate>2021-11-27T00:00:00</oos:dayDate><oos:isWorkDay>false</oos:isWorkDay></oos:day><oos:day><oos:dayDate>2021-11-28T00:00:00</oos:dayDate><oos:isWorkDay>false</oos:isWorkDay></oos:day><oos:day><oos:dayDate>2021-12-04T00:00:00</oos:dayDate><oos:isWorkDay>false</oos:isWorkDay></oos:day><oos:day><oos:dayDate>2021-12-05T00:00:00</oos:dayDate><oos:isWorkDay>false</oos:isWorkDay></oos:day><oos:day><oos:dayDate>2021-12-11T00:00:00</oos:dayDate><oos:isWorkDay>false</oos:isWorkDay></oos:day><oos:day><oos:dayDate>2021-12-12T00:00:00</oos:dayDate><oos:isWorkDay>false</oos:isWorkDay></oos:day><oos:day><oos:dayDate>2021-12-18T00:00:00</oos:dayDate><oos:isWorkDay>false</oos:isWorkDay></oos:day><oos:day><oos:dayDate>2021-12-19T00:00:00</oos:dayDate><oos:isWorkDay>false</oos:isWorkDay></oos:day><oos:day><oos:dayDate>2021-12-25T00:00:00</oos:dayDate><oos:isWorkDay>false</oos:isWorkDay></oos:day><oos:day><oos:dayDate>2021-12-26T00:00:00</oos:dayDate><oos:isWorkDay>false</oos:isWorkDay></oos:day><oos:day><oos:dayDate>2021-12-31T00:00:00</oos:dayDate><oos:isWorkDay>false</oos:isWorkDay></oos:day><oos:day><oos:dayDate>2021-03-01T00:00:00</oos:dayDate><oos:regions><oos:region><oos:kladrType>R</oos:kladrType><oos:kladrCode>44000000000</oos:kladrCode><oos:fullName>Костромская обл</oos:fullName></oos:region></oos:regions><oos:isWorkDay>false</oos:isWorkDay></oos:day></oos:days></nsiCalendarDay></nsiCalendarDayList></export>