<?xml version="1.0" encoding="UTF-8"?><export xmlns:xsi="http://www.w3.org/2001/XMLSchema-instance" xmlns="http://zakupki.gov.ru/oos/export/1" xmlns:oos="http://zakupki.gov.ru/oos/types/1"><nsiDrugsOKEI><nsiDrugOKEI><oos:code>796</oos:code><oos:fullName>Штука</oos:fullName><oos:localName>шт</oos:localName><oos:actual>true</oos:actual></nsiDrugOKEI><nsiDrugOKEI><oos:code>161</oos:code><oos:fullName>Миллиграмм</oos:fullName><oos:localName>мг</oos:localName><oos:actual>true</oos:actual></nsiDrugOKEI><nsiDrugOKEI><oos:code>163</oos:code><oos:fullName>Грамм</oos:fullName><oos:localName>г</oos:localName><oos:actual>true</oos:actual></nsiDrugOKEI><nsiDrugOKEI><oos:code>166</oos:code><oos:fullName>Килограмм</oos:fullName><oos:localName>кг</oos:localName><oos:actual>true</oos:actual></nsiDrugOKEI><nsiDrugOKEI><oos:code>111</oos:code><oos:fullName>Кубический сантиметр;^миллилитр</oos:fullName><oos:localName>см[3*];^мл</oos:localName><oos:actual>true</oos:actual></nsiDrugOKEI><nsiDrugOKEI><oos:code>112</oos:code><oos:fullName>Литр;^кубический дециметр</oos:fullName><oos:localName>л;^дм[3*]</oos:localName><oos:actual>true</oos:actual></nsiDrugOKEI><nsiDrugOKEI><oos:code>113</oos:code><oos:fullName>Кубический метр</oos:fullName><oos:localName>м[3*]</oos:localName><oos:actual>true</oos:actual></nsiDrugOKEI><nsiDrugOKEI><oos:code>051</oos:code><oos:fullName>Квадратный сантиметр</oos:fullName><oos:localName>см[2*]</oos:localName><oos:actual>true</oos:actual></nsiDrugOKEI><nsiDrugOKEI><oos:code>639</oos:code><oos:fullName>Доза</oos:fullName><oos:localName>доз</oos:localName><oos:actual>true</oos:actual></nsiDrugOKEI><nsiDrugOKEI><oos:code>640</oos:code><oos:fullName>Тысяча доз</oos:fullName><oos:localName>10[3*] доз</oos:localName><oos:actual>true</oos:actual></nsiDrugOKEI><nsiDrugOKEI><oos:code>937</oos:code><oos:fullName>Миллион доз</oos:fullName><oos:localName>10[6*] доз</oos:localName><oos:actual>true</oos:actual></nsiDrugOKEI><nsiDrugOKEI><oos:code>778</oos:code><oos:fullName>Упаковка</oos:fullName><oos:localName>упак</oos:localName><oos:actual>true</oos:actual></nsiDrugOKEI><nsiDrugOKEI><oos:code>9920</oos:code><oos:fullName>Единица действия биологической активности</oos:fullName><oos:localName>ЕД</oos:localName><oos:actual>true</oos:actual></nsiDrugOKEI><nsiDrugOKEI><oos:code>307</oos:code><oos:fullName>Мегабеккерель</oos:fullName><oos:localName>МБк</oos:localName><oos:actual>true</oos:actual></nsiDrugOKEI><nsiDrugOKEI><oos:code>9910</oos:code><oos:fullName>Международная единица биологической активности</oos:fullName><oos:localName>МЕ</oos:localName><oos:actual>true</oos:actual></nsiDrugOKEI><nsiDrugOKEI><oos:code>164</oos:code><oos:fullName>Микрограмм</oos:fullName><oos:localName>мкг</oos:localName><oos:actual>true</oos:actual></nsiDrugOKEI><nsiDrugOKEI><oos:code>9983</oos:code><oos:fullName>Протеолитическая единица</oos:fullName><oos:localName>ПЕ</oos:localName><oos:actual>true</oos:actual></nsiDrugOKEI></nsiDrugsOKEI></export>