<?xml version="1.0" encoding="UTF-8"?><export xmlns:xsi="http://www.w3.org/2001/XMLSchema-instance" xmlns="http://zakupki.gov.ru/oos/export/1" xmlns:oos="http://zakupki.gov.ru/oos/types/1"><nsiPurchasePlanPositionChangeReasons><nsiPurchasePlanPositionChangeReason><oos:id>8908002</oos:id><oos:code>1</oos:code><oos:description>Приведение планов закупок в соответствие с утвержденными изменениями целей осуществления закупок, определенных с учетом положений статьи 13 Федерального закона, а также установленных в соответствии со статьей 19 Федерального закона требований к закупаемым товарам, работам, услугам (в том числе предельной цены товаров, работ, услуг) и (или) нормативных затрат на обеспечение функций федеральных органов государственной власти (государственных органов), органов управления государственными внебюджетными фондами Российской Федерации и подведомственных им казенных учреждений.</oos:description><oos:actual>false</oos:actual></nsiPurchasePlanPositionChangeReason><nsiPurchasePlanPositionChangeReason><oos:id>8908003</oos:id><oos:code>2</oos:code><oos:description>Приведение планов закупок в соответствие с федеральным законом о внесении изменений в федеральный закон о федеральном бюджете на текущий финансовый год и плановый период, а также федеральными законами о внесении изменений в федеральные законы о бюджетах государственных внебюджетных фондов Российской Федерации на текущий финансовый год и плановый период.</oos:description><oos:actual>false</oos:actual></nsiPurchasePlanPositionChangeReason><nsiPurchasePlanPositionChangeReason><oos:id>8908004</oos:id><oos:code>3</oos:code><oos:description>Реализация федеральных законов, решений, поручений, указаний Президента Российской Федерации, решений и поручений Правительства Российской Федерации, которые приняты (даны) после утверждения планов закупок и не приводят к изменению объема бюджетных ассигнований, утвержденных в установленном бюджетным законодательством Российской Федерации порядке на текущий финансовый год и плановый период, федеральными законами о бюджетах государственных внебюджетных фондов Российской Федерации на текущий финансовый год и плановый период.</oos:description><oos:actual>false</oos:actual></nsiPurchasePlanPositionChangeReason><nsiPurchasePlanPositionChangeReason><oos:id>8908005</oos:id><oos:code>4</oos:code><oos:description>Изменение доведенного до Заказчика, указанного в подпункте &quot;а&quot; пункта 2 настоящих Правил, объема прав в денежном выражении на принятие и (или) исполнение обязательств в соответствии с бюджетным законодательством Российской Федерации, изменение показателей планов финансово-хозяйственной деятельности соответствующих федеральных государственных бюджетных учреждений, а также изменение соответствующих решений и (или) соглашений о предоставлении субсидий.</oos:description><oos:actual>false</oos:actual></nsiPurchasePlanPositionChangeReason><nsiPurchasePlanPositionChangeReason><oos:id>8908006</oos:id><oos:code>5</oos:code><oos:description>Реализация решения, принятого по итогам обязательного общественного обсуждения закупки.</oos:description><oos:actual>false</oos:actual></nsiPurchasePlanPositionChangeReason><nsiPurchasePlanPositionChangeReason><oos:id>8908007</oos:id><oos:code>6</oos:code><oos:description>Использование в соответствии с законодательством Российской Федерации экономии, полученной при осуществлении закупки.</oos:description><oos:actual>false</oos:actual></nsiPurchasePlanPositionChangeReason><nsiPurchasePlanPositionChangeReason><oos:id>8908008</oos:id><oos:code>7</oos:code><oos:description>Выдача предписания органами контроля, определенными статьей 99 Федерального закона, в том числе об аннулировании процедуры определения поставщиков (подрядчиков, исполнителей.</oos:description><oos:actual>false</oos:actual></nsiPurchasePlanPositionChangeReason><nsiPurchasePlanPositionChangeReason><oos:id>8908009</oos:id><oos:code>8</oos:code><oos:description>Изменение сроков и (или) периодичности приобретения товаров, выполнения работ, оказания услуг.</oos:description><oos:actual>false</oos:actual></nsiPurchasePlanPositionChangeReason><nsiPurchasePlanPositionChangeReason><oos:id>8908010</oos:id><oos:code>9</oos:code><oos:description>Возникновение иных существенных обстоятельств, предвидеть которые на дату утверждения плана закупок было невозможно.</oos:description><oos:actual>false</oos:actual></nsiPurchasePlanPositionChangeReason><nsiPurchasePlanPositionChangeReason><oos:id>9365967</oos:id><oos:code>1</oos:code><oos:shortName>Приведение планов закупок в соответствие с утвержденными изменениями целей осуществления закупок</oos:shortName><oos:description>Приведение планов закупок в соответствие с утвержденными изменениями целей осуществления закупок, определенных с учетом положений статьи 13 Федерального закона и установленных в соответствии со статьей 19 Федерального закона требований к закупаемым товарам, работам, услугам (в том числе предельной цены товаров, работ, услуг) и нормативных затрат на обеспечение функций государственных органов, органов управления территориальными государственными внебюджетными фондами, муниципальных органов и подведомственных им казенных учреждений</oos:description><oos:legalActDetails>PPF1043</oos:legalActDetails><oos:actual>true</oos:actual></nsiPurchasePlanPositionChangeReason><nsiPurchasePlanPositionChangeReason><oos:id>9365968</oos:id><oos:code>2</oos:code><oos:shortName>Приведение планов закупок в соответствие с законами субъектов Российской Федерации о внесении изменений в законы субъектов Российской Федерации о бюджетах</oos:shortName><oos:description>Приведение планов закупок в соответствие с законами субъектов Российской Федерации о внесении изменений в законы субъектов Российской Федерации о бюджетах субъектов Российской Федерации на текущий финансовый год (текущий финансовый год и плановый период), законами субъектов Российской Федерации о внесении изменений в законы о бюджетах территориальных государственных внебюджетных фондов и муниципальными правовыми актами о внесении изменений в муниципальные правовые акты о местных бюджетах на текущий финансовый год (текущий финансовый год и плановый период)</oos:description><oos:legalActDetails>PPF1043</oos:legalActDetails><oos:actual>true</oos:actual></nsiPurchasePlanPositionChangeReason><nsiPurchasePlanPositionChangeReason><oos:id>9365969</oos:id><oos:code>3</oos:code><oos:shortName>Реализация законов, решений, поручений, указаний Президента РФ, Правительства РФ, субъектов РФ, муниципальных правовых актов</oos:shortName><oos:description>Реализация федеральных законов, решений, поручений, указаний Президента Российской Федерации, решений, поручений Правительства Российской Федерации, законов субъектов Российской Федерации, решений, поручений высших исполнительных органов государственной власти субъектов Российской Федерации, муниципальных правовых актов, которые приняты после утверждения планов закупок и не приводят к изменению объема бюджетных ассигнований, утвержденных законом (решением) о бюджете</oos:description><oos:legalActDetails>PPF1043</oos:legalActDetails><oos:actual>true</oos:actual></nsiPurchasePlanPositionChangeReason><nsiPurchasePlanPositionChangeReason><oos:id>9365970</oos:id><oos:code>4</oos:code><oos:shortName>Реализация решения, принятого по итогам обязательного общественного обсуждения закупок</oos:shortName><oos:description>Реализация решения, принятого государственным заказчиком (муниципальным заказчиком) или юридическим лицом по итогам обязательного общественного обсуждения закупок</oos:description><oos:legalActDetails>PPF1043</oos:legalActDetails><oos:actual>true</oos:actual></nsiPurchasePlanPositionChangeReason><nsiPurchasePlanPositionChangeReason><oos:id>9365971</oos:id><oos:code>5</oos:code><oos:shortName>Использование экономии</oos:shortName><oos:description>Использование в соответствии с законодательством Российской Федерации экономии, полученной при осуществлении закупок</oos:description><oos:legalActDetails>PPF1043</oos:legalActDetails><oos:actual>true</oos:actual></nsiPurchasePlanPositionChangeReason><nsiPurchasePlanPositionChangeReason><oos:id>9365972</oos:id><oos:code>6</oos:code><oos:shortName>Выдача предписания органами контроля</oos:shortName><oos:description>Выдача предписания органами контроля, определенными статьей 99 Федерального закона, в том числе об аннулировании процедуры определения поставщиков (подрядчиков, исполнителей)</oos:description><oos:legalActDetails>PPF1043</oos:legalActDetails><oos:actual>true</oos:actual></nsiPurchasePlanPositionChangeReason><nsiPurchasePlanPositionChangeReason><oos:id>9365973</oos:id><oos:code>7</oos:code><oos:shortName>Иные случаи</oos:shortName><oos:description>Иные случаи, установленные высшим исполнительным органом государственной власти субъекта Российской Федерации (местной администрацией) в порядке формирования, утверждения и ведения планов закупок</oos:description><oos:legalActDetails>PPF1043</oos:legalActDetails><oos:actual>true</oos:actual></nsiPurchasePlanPositionChangeReason><nsiPurchasePlanPositionChangeReason><oos:id>9365974</oos:id><oos:code>8</oos:code><oos:shortName>Приведение планов закупок в соответствие с утвержденными изменениями целей осуществления закупок</oos:shortName><oos:description>Приведение планов закупок в соответствие с утвержденными изменениями целей осуществления закупок, определенных с учетом положений статьи 13 Федерального закона, а также установленных в соответствии со статьей 19 Федерального закона требований к закупаемым товарам, работам, услугам (в том числе предельной цены товаров, работ, услуг) и (или) нормативных затрат на обеспечение функций федеральных органов государственной власти (государственных органов), органов управления государственными внебюджетными фондами Российской Федерации и подведомственных им казенных учреждений</oos:description><oos:legalActDetails>PPF552</oos:legalActDetails><oos:actual>true</oos:actual></nsiPurchasePlanPositionChangeReason><nsiPurchasePlanPositionChangeReason><oos:id>9365975</oos:id><oos:code>9</oos:code><oos:shortName>Приведение планов закупок в соответствие с федеральным законом о внесении изменений в федеральный закон о федеральном бюджете на текущий финансовый год и плановый период, а также федеральными законами о внесении изменений в федеральные законы о бюджетах государственных внебюджетных фондов</oos:shortName><oos:description>Приведение планов закупок в соответствие с федеральным законом о внесении изменений в федеральный закон о федеральном бюджете на текущий финансовый год и плановый период, а также федеральными законами о внесении изменений в федеральные законы о бюджетах государственных внебюджетных фондов Российской Федерации на текущий финансовый год и плановый период</oos:description><oos:legalActDetails>PPF552</oos:legalActDetails><oos:actual>true</oos:actual></nsiPurchasePlanPositionChangeReason><nsiPurchasePlanPositionChangeReason><oos:id>9365976</oos:id><oos:code>10</oos:code><oos:shortName>Реализация законов, решений, поручений, указаний Президента РФ, Правительства РФ</oos:shortName><oos:description>Реализация федеральных законов, решений, поручений, указаний Президента Российской Федерации, решений и поручений Правительства Российской Федерации, которые приняты (даны) после утверждения планов закупок и не приводят к изменению объема бюджетных ассигнований, утвержденных в установленном бюджетным законодательством Российской Федерации порядке на текущий финансовый год и плановый период, федеральными законами о бюджетах государственных внебюджетных фондов Российской Федерации на текущий финансовый год и плановый период</oos:description><oos:legalActDetails>PPF552</oos:legalActDetails><oos:actual>true</oos:actual></nsiPurchasePlanPositionChangeReason><nsiPurchasePlanPositionChangeReason><oos:id>9365977</oos:id><oos:code>11</oos:code><oos:shortName>Изменение доведенного до заказчика объема прав в денежном выражении на принятие и (или) исполнение обязательств, изменение показателей планов финансово-хозяйственной деятельности, изменение соответствующих решений и (или) соглашений о предоставлении субсидий</oos:shortName><oos:description>Изменение доведенного до заказчика объема прав в денежном выражении на принятие и (или) исполнение обязательств в соответствии с бюджетным законодательством Российской Федерации, изменение показателей планов финансово-хозяйственной деятельности соответствующих федеральных государственных бюджетных учреждений, а также изменение соответствующих решений и (или) соглашений о предоставлении субсидий</oos:description><oos:legalActDetails>PPF552</oos:legalActDetails><oos:actual>true</oos:actual></nsiPurchasePlanPositionChangeReason><nsiPurchasePlanPositionChangeReason><oos:id>9365978</oos:id><oos:code>12</oos:code><oos:shortName>Реализация решения, принятого по итогам обязательного общественного обсуждения закупки</oos:shortName><oos:description>Реализация решения, принятого по итогам обязательного общественного обсуждения закупки</oos:description><oos:legalActDetails>PPF552</oos:legalActDetails><oos:actual>true</oos:actual></nsiPurchasePlanPositionChangeReason><nsiPurchasePlanPositionChangeReason><oos:id>9365979</oos:id><oos:code>13</oos:code><oos:shortName>Использование экономии</oos:shortName><oos:description>Использование в соответствии с законодательством Российской Федерации экономии, полученной при осуществлении закупки</oos:description><oos:legalActDetails>PPF552</oos:legalActDetails><oos:actual>true</oos:actual></nsiPurchasePlanPositionChangeReason><nsiPurchasePlanPositionChangeReason><oos:id>9365980</oos:id><oos:code>14</oos:code><oos:shortName>Выдача предписания органами контроля</oos:shortName><oos:description>Выдача предписания органами контроля, определенными статьей 99 Федерального закона, в том числе об аннулировании процедуры определения поставщиков (подрядчиков, исполнителей)</oos:description><oos:legalActDetails>PPF552</oos:legalActDetails><oos:actual>true</oos:actual></nsiPurchasePlanPositionChangeReason><nsiPurchasePlanPositionChangeReason><oos:id>9365981</oos:id><oos:code>15</oos:code><oos:shortName>Изменение сроков и (или) периодичности приобретения товаров, выполнения работ, оказания услуг</oos:shortName><oos:description>Изменение сроков и (или) периодичности приобретения товаров, выполнения работ, оказания услуг</oos:description><oos:legalActDetails>PPF552</oos:legalActDetails><oos:actual>false</oos:actual></nsiPurchasePlanPositionChangeReason><nsiPurchasePlanPositionChangeReason><oos:id>9365982</oos:id><oos:code>16</oos:code><oos:shortName>Возникновение иных существенных обстоятельств</oos:shortName><oos:description>Возникновение иных существенных обстоятельств, предвидеть которые на дату утверждения плана закупок было невозможно</oos:description><oos:legalActDetails>PPF552</oos:legalActDetails><oos:actual>true</oos:actual></nsiPurchasePlanPositionChangeReason></nsiPurchasePlanPositionChangeReasons></export>