<?xml version="1.0" encoding="UTF-8"?><export xmlns:xsi="http://www.w3.org/2001/XMLSchema-instance" xmlns="http://zakupki.gov.ru/oos/export/1" xmlns:oos="http://zakupki.gov.ru/oos/types/1"><nsiContractTerminationReason><nsiContractTerminationReason><oos:id>1</oos:id><oos:name>По соглашению сторон</oos:name><oos:subsystemType>FZ94</oos:subsystemType><oos:actual>true</oos:actual></nsiContractTerminationReason><nsiContractTerminationReason><oos:id>2</oos:id><oos:name>По решению суда в случае существенного нарушения договора одной из сторон</oos:name><oos:subsystemType>FZ94</oos:subsystemType><oos:actual>true</oos:actual></nsiContractTerminationReason><nsiContractTerminationReason><oos:id>3</oos:id><oos:name>По соглашению сторон вследствие существенно изменившихся обстоятельств</oos:name><oos:subsystemType>FZ94</oos:subsystemType><oos:actual>true</oos:actual></nsiContractTerminationReason><nsiContractTerminationReason><oos:id>4</oos:id><oos:name>По решению суда вследствие существенно изменившихся обстоятельств</oos:name><oos:subsystemType>FZ94</oos:subsystemType><oos:actual>true</oos:actual></nsiContractTerminationReason><nsiContractTerminationReason><oos:id>8326974</oos:id><oos:name>По решению заказчика в одностороннем порядке</oos:name><oos:subsystemType>FZ94</oos:subsystemType><oos:actual>true</oos:actual></nsiContractTerminationReason><nsiContractTerminationReason><oos:id>8326975</oos:id><oos:name>По решению поставщика в одностороннем порядке</oos:name><oos:subsystemType>FZ94</oos:subsystemType><oos:actual>true</oos:actual></nsiContractTerminationReason><nsiContractTerminationReason><oos:id>8361022</oos:id><oos:name>Решение заказчика об одностороннем отказе от исполнения контракта</oos:name><oos:subsystemType>FZ44</oos:subsystemType><oos:actual>false</oos:actual></nsiContractTerminationReason><nsiContractTerminationReason><oos:id>8361023</oos:id><oos:name>Решение поставщика (подрядчика, исполнителя) об одностороннем отказе от исполнения контракта</oos:name><oos:subsystemType>FZ44</oos:subsystemType><oos:actual>false</oos:actual></nsiContractTerminationReason><nsiContractTerminationReason><oos:id>8361024</oos:id><oos:name>По соглашению сторон</oos:name><oos:subsystemType>FZ44</oos:subsystemType><oos:actual>false</oos:actual></nsiContractTerminationReason><nsiContractTerminationReason><oos:id>8361025</oos:id><oos:name>По решению суда</oos:name><oos:subsystemType>FZ44</oos:subsystemType><oos:actual>false</oos:actual></nsiContractTerminationReason><nsiContractTerminationReason><oos:id>8724080</oos:id><oos:code>1</oos:code><oos:name>Соглашение сторон</oos:name><oos:subsystemType>FZ44</oos:subsystemType><oos:actual>true</oos:actual><oos:documents><oos:document><oos:code>11</oos:code><oos:name>Дополнительное соглашение к контракту</oos:name><oos:actual>true</oos:actual></oos:document></oos:documents><oos:reparationsDocuments><oos:document><oos:code>11</oos:code><oos:name>дополнительное соглашение к контракту</oos:name><oos:actual>true</oos:actual></oos:document><oos:document><oos:code>12</oos:code><oos:name>решение суда</oos:name><oos:actual>true</oos:actual></oos:document></oos:reparationsDocuments></nsiContractTerminationReason><nsiContractTerminationReason><oos:id>8724081</oos:id><oos:code>2</oos:code><oos:name>Судебный акт</oos:name><oos:subsystemType>FZ44</oos:subsystemType><oos:actual>true</oos:actual><oos:documents><oos:document><oos:code>21</oos:code><oos:name>Судебный акт</oos:name><oos:actual>true</oos:actual></oos:document></oos:documents><oos:reparationsDocuments><oos:document><oos:code>11</oos:code><oos:name>дополнительное соглашение к контракту</oos:name><oos:actual>true</oos:actual></oos:document><oos:document><oos:code>22</oos:code><oos:name>решение суда</oos:name><oos:actual>true</oos:actual></oos:document></oos:reparationsDocuments></nsiContractTerminationReason><nsiContractTerminationReason><oos:id>8724082</oos:id><oos:code>3</oos:code><oos:name>Односторонний отказ заказчика от исполнения контракта в соответствии с гражданским законодательством</oos:name><oos:subsystemType>FZ44</oos:subsystemType><oos:actual>true</oos:actual><oos:documents><oos:document><oos:code>31</oos:code><oos:name>Решение заказчика об одностороннем отказе от исполнения контракта</oos:name><oos:actual>true</oos:actual></oos:document></oos:documents><oos:reparationsDocuments><oos:document><oos:code>11</oos:code><oos:name>дополнительное соглашение к контракту</oos:name><oos:actual>true</oos:actual></oos:document><oos:document><oos:code>32</oos:code><oos:name>решение суда</oos:name><oos:actual>true</oos:actual></oos:document><oos:document><oos:code>33</oos:code><oos:name>документ поставщика (подрядчика, исполнителя) о начислении суммы возмещения фактически понесенного ущерба в связи с принятием заказчиком решения об одностороннем отказе от исполнения контракта</oos:name><oos:actual>true</oos:actual></oos:document></oos:reparationsDocuments></nsiContractTerminationReason><nsiContractTerminationReason><oos:id>8724083</oos:id><oos:code>4</oos:code><oos:name>Односторонний отказ поставщика (подрядчика, исполнителя) от исполнения контракта в соответствии с гражданским законодательством</oos:name><oos:subsystemType>FZ44</oos:subsystemType><oos:actual>true</oos:actual><oos:documents><oos:document><oos:code>41</oos:code><oos:name>Решение поставщика (подрядчика, исполнителя) об одностороннем отказе от исполнения контракта</oos:name><oos:actual>true</oos:actual></oos:document></oos:documents><oos:reparationsDocuments><oos:document><oos:code>11</oos:code><oos:name>дополнительное соглашение к контракту</oos:name><oos:actual>true</oos:actual></oos:document><oos:document><oos:code>42</oos:code><oos:name>решение суда</oos:name><oos:actual>true</oos:actual></oos:document><oos:document><oos:code>43</oos:code><oos:name>документ заказчика о начислении суммы возмещения фактически понесенного ущерба в связи с принятием поставщиком (подрядчиком, исполнителем) решения об одностороннем отказе от исполнения контракта</oos:name><oos:actual>true</oos:actual></oos:document></oos:reparationsDocuments></nsiContractTerminationReason></nsiContractTerminationReason></export>