<?xml version="1.0" encoding="UTF-8"?><export xmlns:xsi="http://www.w3.org/2001/XMLSchema-instance" xmlns="http://zakupki.gov.ru/oos/export/1" xmlns:oos="http://zakupki.gov.ru/oos/types/1"><nsiOKTMOPPOList><nsiOKTMOPPO><oos:code>37202818003</oos:code><oos:name>деревня Учкулево</oos:name><oos:OKTMOCode>37602418111</oos:OKTMOCode><oos:registerName>д Учкулево</oos:registerName><oos:actual>true</oos:actual></nsiOKTMOPPO><nsiOKTMOPPO><oos:code>37204849002</oos:code><oos:name>деревня Волосникова</oos:name><oos:OKTMOCode>37604449106</oos:OKTMOCode><oos:registerName>д Волосникова</oos:registerName><oos:actual>true</oos:actual></nsiOKTMOPPO><nsiOKTMOPPO><oos:code>37204842004</oos:code><oos:name>деревня Гагарье</oos:name><oos:OKTMOCode>37604442116</oos:OKTMOCode><oos:registerName>д Гагарье</oos:registerName><oos:actual>true</oos:actual></nsiOKTMOPPO><nsiOKTMOPPO><oos:code>37204817001</oos:code><oos:name>село Боровское</oos:name><oos:OKTMOCode>37604417101</oos:OKTMOCode><oos:registerName>с Боровское</oos:registerName><oos:actual>true</oos:actual></nsiOKTMOPPO><nsiOKTMOPPO><oos:code>37208834002</oos:code><oos:name>деревня Загайнова</oos:name><oos:OKTMOCode>37608434106</oos:OKTMOCode><oos:registerName>д Загайнова</oos:registerName><oos:actual>true</oos:actual></nsiOKTMOPPO><nsiOKTMOPPO><oos:code>37204822003</oos:code><oos:name>деревня Подборная</oos:name><oos:OKTMOCode>37604422111</oos:OKTMOCode><oos:registerName>д Подборная</oos:registerName><oos:actual>true</oos:actual></nsiOKTMOPPO><nsiOKTMOPPO><oos:code>37202816003</oos:code><oos:name>деревня Килей-Казаккулово</oos:name><oos:OKTMOCode>37602416111</oos:OKTMOCode><oos:registerName>д Килей-Казаккулово</oos:registerName><oos:actual>true</oos:actual></nsiOKTMOPPO><nsiOKTMOPPO><oos:code>37206551017</oos:code><oos:name>деревня Старопесьяное</oos:name><oos:OKTMOCode>37606151186</oos:OKTMOCode><oos:registerName>д Старопесьяное</oos:registerName><oos:actual>true</oos:actual></nsiOKTMOPPO><nsiOKTMOPPO><oos:code>37204842006</oos:code><oos:name>деревня Охотино</oos:name><oos:OKTMOCode>37604442126</oos:OKTMOCode><oos:registerName>д Охотино</oos:registerName><oos:actual>true</oos:actual></nsiOKTMOPPO><nsiOKTMOPPO><oos:code>37206877004</oos:code><oos:name>деревня Секисово</oos:name><oos:OKTMOCode>37606477116</oos:OKTMOCode><oos:registerName>д Секисово</oos:registerName><oos:actual>true</oos:actual></nsiOKTMOPPO><nsiOKTMOPPO><oos:code>37202851001</oos:code><oos:name>село Ягодное</oos:name><oos:OKTMOCode>37602451101</oos:OKTMOCode><oos:registerName>с Ягодное</oos:registerName><oos:actual>true</oos:actual></nsiOKTMOPPO><nsiOKTMOPPO><oos:code>37208830007</oos:code><oos:name>деревня Белое</oos:name><oos:OKTMOCode>37608430131</oos:OKTMOCode><oos:registerName>д Белое</oos:registerName><oos:actual>true</oos:actual></nsiOKTMOPPO><nsiOKTMOPPO><oos:code>37208854002</oos:code><oos:name>деревня Ленинка</oos:name><oos:OKTMOCode>37608454106</oos:OKTMOCode><oos:registerName>д Ленинка</oos:registerName><oos:actual>true</oos:actual></nsiOKTMOPPO><nsiOKTMOPPO><oos:code>37204808003</oos:code><oos:name>деревня Корюкина</oos:name><oos:OKTMOCode>37604408111</oos:OKTMOCode><oos:registerName>д Корюкина</oos:registerName><oos:actual>true</oos:actual></nsiOKTMOPPO><nsiOKTMOPPO><oos:code>37204863006</oos:code><oos:name>деревня Русаково</oos:name><oos:OKTMOCode>37604463126</oos:OKTMOCode><oos:registerName>д Русаково</oos:registerName><oos:actual>true</oos:actual></nsiOKTMOPPO><nsiOKTMOPPO><oos:code>37209852003</oos:code><oos:name>деревня Северный</oos:name><oos:OKTMOCode>37609452111</oos:OKTMOCode><oos:registerName>д Северный</oos:registerName><oos:actual>true</oos:actual></nsiOKTMOPPO><nsiOKTMOPPO><oos:code>37204830001</oos:code><oos:name>село Большой Камаган</oos:name><oos:OKTMOCode>37604430101</oos:OKTMOCode><oos:registerName>с Большой Камаган</oos:registerName><oos:actual>true</oos:actual></nsiOKTMOPPO><nsiOKTMOPPO><oos:code>37208878002</oos:code><oos:name>деревня Осокина</oos:name><oos:OKTMOCode>37608478106</oos:OKTMOCode><oos:registerName>д Осокина</oos:registerName><oos:actual>true</oos:actual></nsiOKTMOPPO><nsiOKTMOPPO><oos:code>37209845003</oos:code><oos:name>деревня Зубаревка</oos:name><oos:OKTMOCode>37609445111</oos:OKTMOCode><oos:registerName>д Зубаревка</oos:registerName><oos:actual>true</oos:actual></nsiOKTMOPPO><nsiOKTMOPPO><oos:code>37206551000</oos:code><oos:name>рабочий поселок Варгаши</oos:name><oos:OKTMOCode>37606151051</oos:OKTMOCode><oos:registerName>рп Варгаши</oos:registerName><oos:actual>true</oos:actual></nsiOKTMOPPO><nsiOKTMOPPO><oos:code>37208808001</oos:code><oos:name>село Верхний Яр</oos:name><oos:OKTMOCode>37608408101</oos:OKTMOCode><oos:registerName>с Верхний Яр</oos:registerName><oos:actual>true</oos:actual></nsiOKTMOPPO><nsiOKTMOPPO><oos:code>37204860002</oos:code><oos:name>деревня Екимово</oos:name><oos:OKTMOCode>37604460106</oos:OKTMOCode><oos:registerName>д Екимово</oos:registerName><oos:actual>true</oos:actual></nsiOKTMOPPO><nsiOKTMOPPO><oos:code>37204855002</oos:code><oos:name>деревня Малый Камаган</oos:name><oos:OKTMOCode>37604455106</oos:OKTMOCode><oos:registerName>д Малый Камаган</oos:registerName><oos:actual>true</oos:actual></nsiOKTMOPPO><nsiOKTMOPPO><oos:code>37206813005</oos:code><oos:name>село Большое Просеково</oos:name><oos:OKTMOCode>37606413107</oos:OKTMOCode><oos:registerName>с Большое Просеково</oos:registerName><oos:actual>true</oos:actual></nsiOKTMOPPO><nsiOKTMOPPO><oos:code>37208830004</oos:code><oos:name>деревня Потанина</oos:name><oos:OKTMOCode>37608430116</oos:OKTMOCode><oos:registerName>д Потанина</oos:registerName><oos:actual>true</oos:actual></nsiOKTMOPPO><nsiOKTMOPPO><oos:code>37208830005</oos:code><oos:name>деревня Спицина</oos:name><oos:OKTMOCode>37608430121</oos:OKTMOCode><oos:registerName>д Спицина</oos:registerName><oos:actual>true</oos:actual></nsiOKTMOPPO><nsiOKTMOPPO><oos:code>37208888001</oos:code><oos:name>село Уральцевское</oos:name><oos:OKTMOCode>37608488101</oos:OKTMOCode><oos:registerName>с Уральцевское</oos:registerName><oos:actual>true</oos:actual></nsiOKTMOPPO><nsiOKTMOPPO><oos:code>37202830002</oos:code><oos:name>деревня Казаккулово</oos:name><oos:OKTMOCode>37602430106</oos:OKTMOCode><oos:registerName>д Казаккулово</oos:registerName><oos:actual>true</oos:actual></nsiOKTMOPPO><nsiOKTMOPPO><oos:code>37204842005</oos:code><oos:name>деревня Малый Заполой</oos:name><oos:OKTMOCode>37604442121</oos:OKTMOCode><oos:registerName>д Малый Заполой</oos:registerName><oos:actual>true</oos:actual></nsiOKTMOPPO><nsiOKTMOPPO><oos:code>37208501002</oos:code><oos:name>деревня Верхний Суварыш</oos:name><oos:OKTMOCode>37608101111</oos:OKTMOCode><oos:registerName>д Верхний Суварыш</oos:registerName><oos:actual>true</oos:actual></nsiOKTMOPPO><nsiOKTMOPPO><oos:code>37202818001</oos:code><oos:name>село Малышево</oos:name><oos:OKTMOCode>37602418101</oos:OKTMOCode><oos:registerName>с Малышево</oos:registerName><oos:actual>true</oos:actual></nsiOKTMOPPO><nsiOKTMOPPO><oos:code>37206813002</oos:code><oos:name>деревня Белово</oos:name><oos:OKTMOCode>37606413106</oos:OKTMOCode><oos:registerName>д Белово</oos:registerName><oos:actual>true</oos:actual></nsiOKTMOPPO><nsiOKTMOPPO><oos:code>37204880001</oos:code><oos:name>деревня Ягодная</oos:name><oos:OKTMOCode>37604480101</oos:OKTMOCode><oos:registerName>д Ягодная</oos:registerName><oos:actual>true</oos:actual></nsiOKTMOPPO><nsiOKTMOPPO><oos:code>37208815002</oos:code><oos:name>село Красноисетское</oos:name><oos:OKTMOCode>37608415106</oos:OKTMOCode><oos:registerName>с Красноисетское</oos:registerName><oos:actual>true</oos:actual></nsiOKTMOPPO><nsiOKTMOPPO><oos:code>37206551007</oos:code><oos:name>село Камышное</oos:name><oos:OKTMOCode>37606151136</oos:OKTMOCode><oos:registerName>с Камышное</oos:registerName><oos:actual>true</oos:actual></nsiOKTMOPPO><nsiOKTMOPPO><oos:code>37209818002</oos:code><oos:name>деревня Украинец</oos:name><oos:OKTMOCode>37609418106</oos:OKTMOCode><oos:registerName>д Украинец</oos:registerName><oos:actual>true</oos:actual></nsiOKTMOPPO><nsiOKTMOPPO><oos:code>37204875001</oos:code><oos:name>село Скопино</oos:name><oos:OKTMOCode>37604475101</oos:OKTMOCode><oos:registerName>с Скопино</oos:registerName><oos:actual>true</oos:actual></nsiOKTMOPPO><nsiOKTMOPPO><oos:code>37208867001</oos:code><oos:name>село Першинское</oos:name><oos:OKTMOCode>37608467101</oos:OKTMOCode><oos:registerName>с Першинское</oos:registerName><oos:actual>true</oos:actual></nsiOKTMOPPO><nsiOKTMOPPO><oos:code>37204842001</oos:code><oos:name>село Нижнетобольное</oos:name><oos:OKTMOCode>37604442101</oos:OKTMOCode><oos:registerName>с Нижнетобольное</oos:registerName><oos:actual>true</oos:actual></nsiOKTMOPPO><nsiOKTMOPPO><oos:code>37206813011</oos:code><oos:name>село Терпугово</oos:name><oos:OKTMOCode>37606413131</oos:OKTMOCode><oos:registerName>с Терпугово</oos:registerName><oos:actual>true</oos:actual></nsiOKTMOPPO><nsiOKTMOPPO><oos:code>37209852002</oos:code><oos:name>деревня Лебедевка</oos:name><oos:OKTMOCode>37609452106</oos:OKTMOCode><oos:registerName>д Лебедевка</oos:registerName><oos:actual>true</oos:actual></nsiOKTMOPPO><nsiOKTMOPPO><oos:code>37209818001</oos:code><oos:name>село Звериноголовское</oos:name><oos:OKTMOCode>37609418101</oos:OKTMOCode><oos:registerName>с Звериноголовское</oos:registerName><oos:actual>true</oos:actual></nsiOKTMOPPO><nsiOKTMOPPO><oos:code>37206813003</oos:code><oos:name>деревня Сосновка</oos:name><oos:OKTMOCode>37606413111</oos:OKTMOCode><oos:registerName>д Сосновка</oos:registerName><oos:actual>true</oos:actual></nsiOKTMOPPO><nsiOKTMOPPO><oos:code>37210868017</oos:code><oos:name>село Пустуево</oos:name><oos:OKTMOCode>37610468117</oos:OKTMOCode><oos:registerName>с Пустуево</oos:registerName><oos:actual>true</oos:actual></nsiOKTMOPPO><nsiOKTMOPPO><oos:code>37209830005</oos:code><oos:name>деревня Краснознаменка</oos:name><oos:OKTMOCode>37609430121</oos:OKTMOCode><oos:registerName>д Краснознаменка</oos:registerName><oos:actual>true</oos:actual></nsiOKTMOPPO><nsiOKTMOPPO><oos:code>37209821001</oos:code><oos:name>поселок Искра</oos:name><oos:OKTMOCode>37609421101</oos:OKTMOCode><oos:registerName>п Искра</oos:registerName><oos:actual>true</oos:actual></nsiOKTMOPPO><nsiOKTMOPPO><oos:code>37208830002</oos:code><oos:name>деревня Большой Атяж</oos:name><oos:OKTMOCode>37608430106</oos:OKTMOCode><oos:registerName>д Большой Атяж</oos:registerName><oos:actual>true</oos:actual></nsiOKTMOPPO><nsiOKTMOPPO><oos:code>37208882001</oos:code><oos:name>село Тамакульское</oos:name><oos:OKTMOCode>37608482101</oos:OKTMOCode><oos:registerName>с Тамакульское</oos:registerName><oos:actual>true</oos:actual></nsiOKTMOPPO><nsiOKTMOPPO><oos:code>37208878003</oos:code><oos:name>деревня Подкорытова</oos:name><oos:OKTMOCode>37608478111</oos:OKTMOCode><oos:registerName>д Подкорытова</oos:registerName><oos:actual>true</oos:actual></nsiOKTMOPPO><nsiOKTMOPPO><oos:code>37210827006</oos:code><oos:name>деревня Одина</oos:name><oos:OKTMOCode>37610427126</oos:OKTMOCode><oos:registerName>д Одина</oos:registerName><oos:actual>true</oos:actual></nsiOKTMOPPO><nsiOKTMOPPO><oos:code>37210829002</oos:code><oos:name>деревня Вишневка</oos:name><oos:OKTMOCode>37610429106</oos:OKTMOCode><oos:registerName>д Вишневка</oos:registerName><oos:actual>true</oos:actual></nsiOKTMOPPO><nsiOKTMOPPO><oos:code>37210868021</oos:code><oos:name>деревня Чемякина</oos:name><oos:OKTMOCode>37610468146</oos:OKTMOCode><oos:registerName>д Чемякина</oos:registerName><oos:actual>true</oos:actual></nsiOKTMOPPO><nsiOKTMOPPO><oos:code>37210830005</oos:code><oos:name>деревня Заречье</oos:name><oos:OKTMOCode>37610430121</oos:OKTMOCode><oos:registerName>д Заречье</oos:registerName><oos:actual>true</oos:actual></nsiOKTMOPPO><nsiOKTMOPPO><oos:code>37210860001</oos:code><oos:name>поселок Твердыш</oos:name><oos:OKTMOCode>37610460101</oos:OKTMOCode><oos:registerName>п Твердыш</oos:registerName><oos:actual>true</oos:actual></nsiOKTMOPPO><nsiOKTMOPPO><oos:code>37210829001</oos:code><oos:name>село Зауральское</oos:name><oos:OKTMOCode>37610429101</oos:OKTMOCode><oos:registerName>с Зауральское</oos:registerName><oos:actual>true</oos:actual></nsiOKTMOPPO><nsiOKTMOPPO><oos:code>37210855005</oos:code><oos:name>деревня Шляпникова</oos:name><oos:OKTMOCode>37610455121</oos:OKTMOCode><oos:registerName>д Шляпникова</oos:registerName><oos:actual>true</oos:actual></nsiOKTMOPPO><nsiOKTMOPPO><oos:code>37210820006</oos:code><oos:name>село Окуневское</oos:name><oos:OKTMOCode>37610420126</oos:OKTMOCode><oos:registerName>с Окуневское</oos:registerName><oos:actual>true</oos:actual></nsiOKTMOPPO><nsiOKTMOPPO><oos:code>37210830003</oos:code><oos:name>деревня Бобылева</oos:name><oos:OKTMOCode>37610430111</oos:OKTMOCode><oos:registerName>д Бобылева</oos:registerName><oos:actual>true</oos:actual></nsiOKTMOPPO><nsiOKTMOPPO><oos:code>37214808005</oos:code><oos:name>деревня Передергина</oos:name><oos:OKTMOCode>37614408116</oos:OKTMOCode><oos:registerName>д Передергина</oos:registerName><oos:actual>true</oos:actual></nsiOKTMOPPO><nsiOKTMOPPO><oos:code>37214808002</oos:code><oos:name>деревня Белый Яр</oos:name><oos:OKTMOCode>37614408106</oos:OKTMOCode><oos:registerName>д Белый Яр</oos:registerName><oos:actual>true</oos:actual></nsiOKTMOPPO><nsiOKTMOPPO><oos:code>37210864003</oos:code><oos:name>деревня Липнягова</oos:name><oos:OKTMOCode>37610464111</oos:OKTMOCode><oos:registerName>д Липнягова</oos:registerName><oos:actual>true</oos:actual></nsiOKTMOPPO><nsiOKTMOPPO><oos:code>37210868001</oos:code><oos:name>село Чаши</oos:name><oos:OKTMOCode>37610468101</oos:OKTMOCode><oos:registerName>с Чаши</oos:registerName><oos:actual>true</oos:actual></nsiOKTMOPPO><nsiOKTMOPPO><oos:code>37210551005</oos:code><oos:name>деревня Шабарчина</oos:name><oos:OKTMOCode>37610151126</oos:OKTMOCode><oos:registerName>д Шабарчина</oos:registerName><oos:actual>true</oos:actual></nsiOKTMOPPO><nsiOKTMOPPO><oos:code>37209830002</oos:code><oos:name>деревня Верхняя Алабуга</oos:name><oos:OKTMOCode>37609430106</oos:OKTMOCode><oos:registerName>д Верхняя Алабуга</oos:registerName><oos:actual>true</oos:actual></nsiOKTMOPPO><nsiOKTMOPPO><oos:code>37210808007</oos:code><oos:name>деревня Мурзина</oos:name><oos:OKTMOCode>37610408111</oos:OKTMOCode><oos:registerName>д Мурзина</oos:registerName><oos:actual>true</oos:actual></nsiOKTMOPPO><nsiOKTMOPPO><oos:code>37212816001</oos:code><oos:name>село Верхние Пески</oos:name><oos:OKTMOCode>37612416101</oos:OKTMOCode><oos:registerName>с Верхние Пески</oos:registerName><oos:actual>true</oos:actual></nsiOKTMOPPO><nsiOKTMOPPO><oos:code>37210845003</oos:code><oos:name>деревня Предеина</oos:name><oos:OKTMOCode>37610445111</oos:OKTMOCode><oos:registerName>д Предеина</oos:registerName><oos:actual>true</oos:actual></nsiOKTMOPPO><nsiOKTMOPPO><oos:code>37214840007</oos:code><oos:name>деревня Шкодинское</oos:name><oos:OKTMOCode>37614440126</oos:OKTMOCode><oos:registerName>д Шкодинское</oos:registerName><oos:actual>true</oos:actual></nsiOKTMOPPO><nsiOKTMOPPO><oos:code>37212808002</oos:code><oos:name>деревня Гусиное</oos:name><oos:OKTMOCode>37612408106</oos:OKTMOCode><oos:registerName>д Гусиное</oos:registerName><oos:actual>true</oos:actual></nsiOKTMOPPO><nsiOKTMOPPO><oos:code>37212840006</oos:code><oos:name>деревня Малая Горбунова</oos:name><oos:OKTMOCode>37612440126</oos:OKTMOCode><oos:registerName>д Малая Горбунова</oos:registerName><oos:actual>true</oos:actual></nsiOKTMOPPO><nsiOKTMOPPO><oos:code>37210855001</oos:code><oos:name>село Тагильское</oos:name><oos:OKTMOCode>37610455101</oos:OKTMOCode><oos:registerName>с Тагильское</oos:registerName><oos:actual>true</oos:actual></nsiOKTMOPPO><nsiOKTMOPPO><oos:code>37210830007</oos:code><oos:name>поселок Каргаполье</oos:name><oos:OKTMOCode>37610430131</oos:OKTMOCode><oos:registerName>п Каргаполье</oos:registerName><oos:actual>true</oos:actual></nsiOKTMOPPO><nsiOKTMOPPO><oos:code>37210829003</oos:code><oos:name>деревня Лесное</oos:name><oos:OKTMOCode>37610429111</oos:OKTMOCode><oos:registerName>д Лесное</oos:registerName><oos:actual>true</oos:actual></nsiOKTMOPPO><nsiOKTMOPPO><oos:code>37210830006</oos:code><oos:name>деревня Комсомольская</oos:name><oos:OKTMOCode>37610430126</oos:OKTMOCode><oos:registerName>д Комсомольская</oos:registerName><oos:actual>true</oos:actual></nsiOKTMOPPO><nsiOKTMOPPO><oos:code>37214824004</oos:code><oos:name>поселок Чашинский</oos:name><oos:OKTMOCode>37614424116</oos:OKTMOCode><oos:registerName>п Чашинский</oos:registerName><oos:actual>false</oos:actual></nsiOKTMOPPO><nsiOKTMOPPO><oos:code>37212856001</oos:code><oos:name>село Шутино</oos:name><oos:OKTMOCode>37612456101</oos:OKTMOCode><oos:registerName>с Шутино</oos:registerName><oos:actual>true</oos:actual></nsiOKTMOPPO><nsiOKTMOPPO><oos:code>37210808001</oos:code><oos:name>село Малышева</oos:name><oos:OKTMOCode>37610408101</oos:OKTMOCode><oos:registerName>с Малышева</oos:registerName><oos:actual>true</oos:actual></nsiOKTMOPPO><nsiOKTMOPPO><oos:code>37210820002</oos:code><oos:name>деревня Жарникова</oos:name><oos:OKTMOCode>37610420106</oos:OKTMOCode><oos:registerName>д Жарникова</oos:registerName><oos:actual>true</oos:actual></nsiOKTMOPPO><nsiOKTMOPPO><oos:code>37210551004</oos:code><oos:name>деревня Храмова</oos:name><oos:OKTMOCode>37610151121</oos:OKTMOCode><oos:registerName>д Храмова</oos:registerName><oos:actual>true</oos:actual></nsiOKTMOPPO><nsiOKTMOPPO><oos:code>37210808004</oos:code><oos:name>поселок Грибной</oos:name><oos:OKTMOCode>37610408106</oos:OKTMOCode><oos:registerName>п Грибной</oos:registerName><oos:actual>true</oos:actual></nsiOKTMOPPO><nsiOKTMOPPO><oos:code>37210554000</oos:code><oos:name>рабочий поселок Красный Октябрь</oos:name><oos:OKTMOCode>37610154051</oos:OKTMOCode><oos:registerName>рп Красный Октябрь</oos:registerName><oos:actual>true</oos:actual></nsiOKTMOPPO><nsiOKTMOPPO><oos:code>37210868014</oos:code><oos:name>деревня Мамонова</oos:name><oos:OKTMOCode>37610468113</oos:OKTMOCode><oos:registerName>д Мамонова</oos:registerName><oos:actual>true</oos:actual></nsiOKTMOPPO><nsiOKTMOPPO><oos:code>37210820007</oos:code><oos:name>деревня Скоробогатова</oos:name><oos:OKTMOCode>37610420131</oos:OKTMOCode><oos:registerName>д Скоробогатова</oos:registerName><oos:actual>true</oos:actual></nsiOKTMOPPO><nsiOKTMOPPO><oos:code>37212812005</oos:code><oos:name>деревня Марай</oos:name><oos:OKTMOCode>37612412121</oos:OKTMOCode><oos:registerName>д Марай</oos:registerName><oos:actual>true</oos:actual></nsiOKTMOPPO><nsiOKTMOPPO><oos:code>37210868008</oos:code><oos:name>деревня Белоусова</oos:name><oos:OKTMOCode>37610468103</oos:OKTMOCode><oos:registerName>д Белоусова</oos:registerName><oos:actual>true</oos:actual></nsiOKTMOPPO><nsiOKTMOPPO><oos:code>37214820002</oos:code><oos:name>станция Платформа 2349 километр</oos:name><oos:OKTMOCode>37614420106</oos:OKTMOCode><oos:registerName>ст Платформа 2349 км</oos:registerName><oos:actual>true</oos:actual></nsiOKTMOPPO><nsiOKTMOPPO><oos:code>37210829005</oos:code><oos:name>деревня Шуткино</oos:name><oos:OKTMOCode>37610429121</oos:OKTMOCode><oos:registerName>д Шуткино</oos:registerName><oos:actual>true</oos:actual></nsiOKTMOPPO><nsiOKTMOPPO><oos:code>37210804002</oos:code><oos:name>деревня Деулина</oos:name><oos:OKTMOCode>37610404106</oos:OKTMOCode><oos:registerName>д Деулина</oos:registerName><oos:actual>true</oos:actual></nsiOKTMOPPO><nsiOKTMOPPO><oos:code>37214856004</oos:code><oos:name>деревня Костоусово</oos:name><oos:OKTMOCode>37614456116</oos:OKTMOCode><oos:registerName>д Костоусово</oos:registerName><oos:actual>true</oos:actual></nsiOKTMOPPO><nsiOKTMOPPO><oos:code>37212812001</oos:code><oos:name>село Верхнеключевское</oos:name><oos:OKTMOCode>37612412101</oos:OKTMOCode><oos:registerName>с Верхнеключевское</oos:registerName><oos:actual>true</oos:actual></nsiOKTMOPPO><nsiOKTMOPPO><oos:code>37214812006</oos:code><oos:name>поселок Чернавский</oos:name><oos:OKTMOCode>37614412121</oos:OKTMOCode><oos:registerName>п Чернавский</oos:registerName><oos:actual>true</oos:actual></nsiOKTMOPPO><nsiOKTMOPPO><oos:code>37214812004</oos:code><oos:name>поселок Малиновка</oos:name><oos:OKTMOCode>37614412111</oos:OKTMOCode><oos:registerName>п Малиновка</oos:registerName><oos:actual>true</oos:actual></nsiOKTMOPPO><nsiOKTMOPPO><oos:code>37210804001</oos:code><oos:name>село Большое Банниково</oos:name><oos:OKTMOCode>37610404101</oos:OKTMOCode><oos:registerName>с Большое Банниково</oos:registerName><oos:actual>true</oos:actual></nsiOKTMOPPO><nsiOKTMOPPO><oos:code>37210820003</oos:code><oos:name>деревня Заозерная</oos:name><oos:OKTMOCode>37610420111</oos:OKTMOCode><oos:registerName>д Заозерная</oos:registerName><oos:actual>true</oos:actual></nsiOKTMOPPO><nsiOKTMOPPO><oos:code>37210827005</oos:code><oos:name>деревня Жилина</oos:name><oos:OKTMOCode>37610427121</oos:OKTMOCode><oos:registerName>д Жилина</oos:registerName><oos:actual>true</oos:actual></nsiOKTMOPPO><nsiOKTMOPPO><oos:code>37214864001</oos:code><oos:name>село Просвет</oos:name><oos:OKTMOCode>37614464101</oos:OKTMOCode><oos:registerName>с Просвет</oos:registerName><oos:actual>true</oos:actual></nsiOKTMOPPO><nsiOKTMOPPO><oos:code>37210820008</oos:code><oos:name>село Соколово</oos:name><oos:OKTMOCode>37610420136</oos:OKTMOCode><oos:registerName>с Соколово</oos:registerName><oos:actual>true</oos:actual></nsiOKTMOPPO><nsiOKTMOPPO><oos:code>37212820003</oos:code><oos:name>деревня Казанцева</oos:name><oos:OKTMOCode>37612420111</oos:OKTMOCode><oos:registerName>д Казанцева</oos:registerName><oos:actual>true</oos:actual></nsiOKTMOPPO><nsiOKTMOPPO><oos:code>37214804003</oos:code><oos:name>деревня Новая Затобольная</oos:name><oos:OKTMOCode>37614404111</oos:OKTMOCode><oos:registerName>д Новая Затобольная</oos:registerName><oos:actual>true</oos:actual></nsiOKTMOPPO><nsiOKTMOPPO><oos:code>37210868006</oos:code><oos:name>деревня Рыбная</oos:name><oos:OKTMOCode>37610468126</oos:OKTMOCode><oos:registerName>д Рыбная</oos:registerName><oos:actual>true</oos:actual></nsiOKTMOPPO><nsiOKTMOPPO><oos:code>37210852003</oos:code><oos:name>поселок Первомайский</oos:name><oos:OKTMOCode>37610452111</oos:OKTMOCode><oos:registerName>п Первомайский</oos:registerName><oos:actual>true</oos:actual></nsiOKTMOPPO><nsiOKTMOPPO><oos:code>37210868009</oos:code><oos:name>деревня Бралгина</oos:name><oos:OKTMOCode>37610468104</oos:OKTMOCode><oos:registerName>д Бралгина</oos:registerName><oos:actual>true</oos:actual></nsiOKTMOPPO><nsiOKTMOPPO><oos:code>37210864001</oos:code><oos:name>село Усть-Миасское</oos:name><oos:OKTMOCode>37610464101</oos:OKTMOCode><oos:registerName>с Усть-Миасское</oos:registerName><oos:actual>true</oos:actual></nsiOKTMOPPO><nsiOKTMOPPO><oos:code>37212848002</oos:code><oos:name>деревня Балинское</oos:name><oos:OKTMOCode>37612448106</oos:OKTMOCode><oos:registerName>д Балинское</oos:registerName><oos:actual>true</oos:actual></nsiOKTMOPPO><nsiOKTMOPPO><oos:code>37214836003</oos:code><oos:name>поселок Нефтяников</oos:name><oos:OKTMOCode>37614436111</oos:OKTMOCode><oos:registerName>п Нефтяников</oos:registerName><oos:actual>true</oos:actual></nsiOKTMOPPO><nsiOKTMOPPO><oos:code>37214812003</oos:code><oos:name>деревня Логоушка</oos:name><oos:OKTMOCode>37614412106</oos:OKTMOCode><oos:registerName>д Логоушка</oos:registerName><oos:actual>true</oos:actual></nsiOKTMOPPO><nsiOKTMOPPO><oos:code>37212812007</oos:code><oos:name>деревня Чернушка</oos:name><oos:OKTMOCode>37612412131</oos:OKTMOCode><oos:registerName>д Чернушка</oos:registerName><oos:actual>true</oos:actual></nsiOKTMOPPO><nsiOKTMOPPO><oos:code>37214824003</oos:code><oos:name>поселок Илецкий</oos:name><oos:OKTMOCode>37614424111</oos:OKTMOCode><oos:registerName>п Илецкий</oos:registerName><oos:actual>true</oos:actual></nsiOKTMOPPO><nsiOKTMOPPO><oos:code>37214804001</oos:code><oos:name>село Бараба</oos:name><oos:OKTMOCode>37614404101</oos:OKTMOCode><oos:registerName>с Бараба</oos:registerName><oos:actual>true</oos:actual></nsiOKTMOPPO><nsiOKTMOPPO><oos:code>37218844001</oos:code><oos:name>село Головное</oos:name><oos:OKTMOCode>37618444101</oos:OKTMOCode><oos:registerName>с Головное</oos:registerName><oos:actual>true</oos:actual></nsiOKTMOPPO><nsiOKTMOPPO><oos:code>37218804001</oos:code><oos:name>село Арлагуль</oos:name><oos:OKTMOCode>37618404101</oos:OKTMOCode><oos:registerName>с Арлагуль</oos:registerName><oos:actual>false</oos:actual></nsiOKTMOPPO><nsiOKTMOPPO><oos:code>37216812001</oos:code><oos:name>село Долговка</oos:name><oos:OKTMOCode>37616412101</oos:OKTMOCode><oos:registerName>с Долговка</oos:registerName><oos:actual>true</oos:actual></nsiOKTMOPPO><nsiOKTMOPPO><oos:code>37214852003</oos:code><oos:name>село Ровная</oos:name><oos:OKTMOCode>37614452111</oos:OKTMOCode><oos:registerName>с Ровная</oos:registerName><oos:actual>true</oos:actual></nsiOKTMOPPO><nsiOKTMOPPO><oos:code>37216848007</oos:code><oos:name>село Закоулово</oos:name><oos:OKTMOCode>37616448104</oos:OKTMOCode><oos:registerName>с Закоулово</oos:registerName><oos:actual>true</oos:actual></nsiOKTMOPPO><nsiOKTMOPPO><oos:code>37212852004</oos:code><oos:name>село Корюково</oos:name><oos:OKTMOCode>37612452103</oos:OKTMOCode><oos:registerName>с Корюково</oos:registerName><oos:actual>true</oos:actual></nsiOKTMOPPO><nsiOKTMOPPO><oos:code>37214836002</oos:code><oos:name>деревня Лукино</oos:name><oos:OKTMOCode>37614436106</oos:OKTMOCode><oos:registerName>д Лукино</oos:registerName><oos:actual>true</oos:actual></nsiOKTMOPPO><nsiOKTMOPPO><oos:code>37210830002</oos:code><oos:name>деревня Березовка</oos:name><oos:OKTMOCode>37610430106</oos:OKTMOCode><oos:registerName>д Березовка</oos:registerName><oos:actual>true</oos:actual></nsiOKTMOPPO><nsiOKTMOPPO><oos:code>37212840007</oos:code><oos:name>деревня Чуга</oos:name><oos:OKTMOCode>37612440131</oos:OKTMOCode><oos:registerName>д Чуга</oos:registerName><oos:actual>true</oos:actual></nsiOKTMOPPO><nsiOKTMOPPO><oos:code>37210820005</oos:code><oos:name>деревня Луговая</oos:name><oos:OKTMOCode>37610420121</oos:OKTMOCode><oos:registerName>д Луговая</oos:registerName><oos:actual>true</oos:actual></nsiOKTMOPPO><nsiOKTMOPPO><oos:code>37210855002</oos:code><oos:name>поселок Дачный</oos:name><oos:OKTMOCode>37610455106</oos:OKTMOCode><oos:registerName>п Дачный</oos:registerName><oos:actual>true</oos:actual></nsiOKTMOPPO><nsiOKTMOPPO><oos:code>37214874002</oos:code><oos:name>поселок Горелый Михаль</oos:name><oos:OKTMOCode>37614474106</oos:OKTMOCode><oos:registerName>п Горелый Михаль</oos:registerName><oos:actual>true</oos:actual></nsiOKTMOPPO><nsiOKTMOPPO><oos:code>37214875001</oos:code><oos:name>деревня Становая</oos:name><oos:OKTMOCode>37614475101</oos:OKTMOCode><oos:registerName>д Становая</oos:registerName><oos:actual>true</oos:actual></nsiOKTMOPPO><nsiOKTMOPPO><oos:code>37214873003</oos:code><oos:name>станция Марково</oos:name><oos:OKTMOCode>37614473111</oos:OKTMOCode><oos:registerName>ст Марково</oos:registerName><oos:actual>true</oos:actual></nsiOKTMOPPO><nsiOKTMOPPO><oos:code>37218848001</oos:code><oos:name>село Плоское</oos:name><oos:OKTMOCode>37618448101</oos:OKTMOCode><oos:registerName>с Плоское</oos:registerName><oos:actual>true</oos:actual></nsiOKTMOPPO><nsiOKTMOPPO><oos:code>37210868003</oos:code><oos:name>деревня Иткуль</oos:name><oos:OKTMOCode>37610468111</oos:OKTMOCode><oos:registerName>д Иткуль</oos:registerName><oos:actual>true</oos:actual></nsiOKTMOPPO><nsiOKTMOPPO><oos:code>37216832004</oos:code><oos:name>деревня Черноборье</oos:name><oos:OKTMOCode>37616432116</oos:OKTMOCode><oos:registerName>д Черноборье</oos:registerName><oos:actual>true</oos:actual></nsiOKTMOPPO><nsiOKTMOPPO><oos:code>37212820008</oos:code><oos:name>деревня Новая Белоярка</oos:name><oos:OKTMOCode>37612420120</oos:OKTMOCode><oos:registerName>д Новая Белоярка</oos:registerName><oos:actual>true</oos:actual></nsiOKTMOPPO><nsiOKTMOPPO><oos:code>37216844006</oos:code><oos:name>деревня Перевалово</oos:name><oos:OKTMOCode>37616444126</oos:OKTMOCode><oos:registerName>д Перевалово</oos:registerName><oos:actual>true</oos:actual></nsiOKTMOPPO><nsiOKTMOPPO><oos:code>37212812004</oos:code><oos:name>село Зырянка</oos:name><oos:OKTMOCode>37612412116</oos:OKTMOCode><oos:registerName>с Зырянка</oos:registerName><oos:actual>true</oos:actual></nsiOKTMOPPO><nsiOKTMOPPO><oos:code>37212860002</oos:code><oos:name>деревня Бисерова</oos:name><oos:OKTMOCode>37612460106</oos:OKTMOCode><oos:registerName>д Бисерова</oos:registerName><oos:actual>true</oos:actual></nsiOKTMOPPO><nsiOKTMOPPO><oos:code>37212828002</oos:code><oos:name>поселок Заречье</oos:name><oos:OKTMOCode>37612428106</oos:OKTMOCode><oos:registerName>п Заречье</oos:registerName><oos:actual>true</oos:actual></nsiOKTMOPPO><nsiOKTMOPPO><oos:code>37218816005</oos:code><oos:name>деревня Бочаговка</oos:name><oos:OKTMOCode>37618416104</oos:OKTMOCode><oos:registerName>д Бочаговка</oos:registerName><oos:actual>true</oos:actual></nsiOKTMOPPO><nsiOKTMOPPO><oos:code>37216848010</oos:code><oos:name>деревня Язево</oos:name><oos:OKTMOCode>37616448113</oos:OKTMOCode><oos:registerName>д Язево</oos:registerName><oos:actual>false</oos:actual></nsiOKTMOPPO><nsiOKTMOPPO><oos:code>37224824002</oos:code><oos:name>деревня Круглое</oos:name><oos:OKTMOCode>37624424106</oos:OKTMOCode><oos:registerName>д Круглое</oos:registerName><oos:actual>true</oos:actual></nsiOKTMOPPO><nsiOKTMOPPO><oos:code>37214876001</oos:code><oos:name>село Сычево</oos:name><oos:OKTMOCode>37614476101</oos:OKTMOCode><oos:registerName>с Сычево</oos:registerName><oos:actual>true</oos:actual></nsiOKTMOPPO><nsiOKTMOPPO><oos:code>37214836004</oos:code><oos:name>деревня Патронная</oos:name><oos:OKTMOCode>37614436116</oos:OKTMOCode><oos:registerName>д Патронная</oos:registerName><oos:actual>true</oos:actual></nsiOKTMOPPO><nsiOKTMOPPO><oos:code>37216824007</oos:code><oos:name>деревня Новая Калиновка</oos:name><oos:OKTMOCode>37616424109</oos:OKTMOCode><oos:registerName>д Новая Калиновка</oos:registerName><oos:actual>true</oos:actual></nsiOKTMOPPO><nsiOKTMOPPO><oos:code>37218824001</oos:code><oos:name>село Камышное</oos:name><oos:OKTMOCode>37618424101</oos:OKTMOCode><oos:registerName>с Камышное</oos:registerName><oos:actual>true</oos:actual></nsiOKTMOPPO><nsiOKTMOPPO><oos:code>37218848003</oos:code><oos:name>деревня Копайское 1-е</oos:name><oos:OKTMOCode>37618448111</oos:OKTMOCode><oos:registerName>д Копайское 1-ое</oos:registerName><oos:actual>true</oos:actual></nsiOKTMOPPO><nsiOKTMOPPO><oos:code>37218840001</oos:code><oos:name>село Налимово</oos:name><oos:OKTMOCode>37618440101</oos:OKTMOCode><oos:registerName>с Налимово</oos:registerName><oos:actual>true</oos:actual></nsiOKTMOPPO><nsiOKTMOPPO><oos:code>37216848005</oos:code><oos:name>деревня Белое</oos:name><oos:OKTMOCode>37616448102</oos:OKTMOCode><oos:registerName>д Белое</oos:registerName><oos:actual>true</oos:actual></nsiOKTMOPPO><nsiOKTMOPPO><oos:code>37216824001</oos:code><oos:name>село Камаган</oos:name><oos:OKTMOCode>37616424101</oos:OKTMOCode><oos:registerName>с Камаган</oos:registerName><oos:actual>true</oos:actual></nsiOKTMOPPO><nsiOKTMOPPO><oos:code>37216851003</oos:code><oos:name>деревня Таволжанка</oos:name><oos:OKTMOCode>37616451111</oos:OKTMOCode><oos:registerName>д Таволжанка</oos:registerName><oos:actual>true</oos:actual></nsiOKTMOPPO><nsiOKTMOPPO><oos:code>37214840004</oos:code><oos:name>поселок Зеленый Лог</oos:name><oos:OKTMOCode>37614440116</oos:OKTMOCode><oos:registerName>п Зеленый Лог</oos:registerName><oos:actual>true</oos:actual></nsiOKTMOPPO><nsiOKTMOPPO><oos:code>37228832004</oos:code><oos:name>станция Сумки</oos:name><oos:OKTMOCode>37628432116</oos:OKTMOCode><oos:registerName>ст Сумки</oos:registerName><oos:actual>true</oos:actual></nsiOKTMOPPO><nsiOKTMOPPO><oos:code>37216824002</oos:code><oos:name>деревня Донки</oos:name><oos:OKTMOCode>37616424106</oos:OKTMOCode><oos:registerName>д Донки</oos:registerName><oos:actual>true</oos:actual></nsiOKTMOPPO><nsiOKTMOPPO><oos:code>37224828006</oos:code><oos:name>село Карпунино</oos:name><oos:OKTMOCode>37624428103</oos:OKTMOCode><oos:registerName>с Карпунино</oos:registerName><oos:actual>true</oos:actual></nsiOKTMOPPO><nsiOKTMOPPO><oos:code>37216816002</oos:code><oos:name>деревня Сорокино</oos:name><oos:OKTMOCode>37616416106</oos:OKTMOCode><oos:registerName>д Сорокино</oos:registerName><oos:actual>true</oos:actual></nsiOKTMOPPO><nsiOKTMOPPO><oos:code>37216844002</oos:code><oos:name>деревня Губанова</oos:name><oos:OKTMOCode>37616444106</oos:OKTMOCode><oos:registerName>д Губанова</oos:registerName><oos:actual>true</oos:actual></nsiOKTMOPPO><nsiOKTMOPPO><oos:code>37218804005</oos:code><oos:name>деревня Старощетниково</oos:name><oos:OKTMOCode>37618404121</oos:OKTMOCode><oos:registerName>д Старощетниково</oos:registerName><oos:actual>true</oos:actual></nsiOKTMOPPO><nsiOKTMOPPO><oos:code>37214884003</oos:code><oos:name>деревня Конево-Казанцева</oos:name><oos:OKTMOCode>37614484111</oos:OKTMOCode><oos:registerName>д Конево-Казанцева</oos:registerName><oos:actual>true</oos:actual></nsiOKTMOPPO><nsiOKTMOPPO><oos:code>37214840002</oos:code><oos:name>деревня Грачево</oos:name><oos:OKTMOCode>37614440106</oos:OKTMOCode><oos:registerName>д Грачево</oos:registerName><oos:actual>true</oos:actual></nsiOKTMOPPO><nsiOKTMOPPO><oos:code>37216864008</oos:code><oos:name>село Угловое</oos:name><oos:OKTMOCode>37616464126</oos:OKTMOCode><oos:registerName>с Угловое</oos:registerName><oos:actual>true</oos:actual></nsiOKTMOPPO><nsiOKTMOPPO><oos:code>37228836004</oos:code><oos:name>деревня Воздвиженка</oos:name><oos:OKTMOCode>37628436103</oos:OKTMOCode><oos:registerName>д Воздвиженка</oos:registerName><oos:actual>true</oos:actual></nsiOKTMOPPO><nsiOKTMOPPO><oos:code>37214846001</oos:code><oos:name>село Марково</oos:name><oos:OKTMOCode>37614446101</oos:OKTMOCode><oos:registerName>с Марково</oos:registerName><oos:actual>true</oos:actual></nsiOKTMOPPO><nsiOKTMOPPO><oos:code>37222826001</oos:code><oos:name>село Кирово</oos:name><oos:OKTMOCode>37622426101</oos:OKTMOCode><oos:registerName>с Кирово</oos:registerName><oos:actual>true</oos:actual></nsiOKTMOPPO><nsiOKTMOPPO><oos:code>37222812003</oos:code><oos:name>деревня Сладкокарасинское</oos:name><oos:OKTMOCode>37622412111</oos:OKTMOCode><oos:registerName>д Сладкокарасинское</oos:registerName><oos:actual>true</oos:actual></nsiOKTMOPPO><nsiOKTMOPPO><oos:code>37218816004</oos:code><oos:name>село Балакуль</oos:name><oos:OKTMOCode>37618416103</oos:OKTMOCode><oos:registerName>с Балакуль</oos:registerName><oos:actual>true</oos:actual></nsiOKTMOPPO><nsiOKTMOPPO><oos:code>37214852002</oos:code><oos:name>деревня Лиственная</oos:name><oos:OKTMOCode>37614452106</oos:OKTMOCode><oos:registerName>д Лиственная</oos:registerName><oos:actual>true</oos:actual></nsiOKTMOPPO><nsiOKTMOPPO><oos:code>37226820001</oos:code><oos:name>село Зотино</oos:name><oos:OKTMOCode>37626420101</oos:OKTMOCode><oos:registerName>с Зотино</oos:registerName><oos:actual>true</oos:actual></nsiOKTMOPPO><nsiOKTMOPPO><oos:code>37216832003</oos:code><oos:name>деревня Клоктухино</oos:name><oos:OKTMOCode>37616432111</oos:OKTMOCode><oos:registerName>д Клоктухино</oos:registerName><oos:actual>true</oos:actual></nsiOKTMOPPO><nsiOKTMOPPO><oos:code>37222808003</oos:code><oos:name>деревня Пестово</oos:name><oos:OKTMOCode>37622408111</oos:OKTMOCode><oos:registerName>д Пестово</oos:registerName><oos:actual>true</oos:actual></nsiOKTMOPPO><nsiOKTMOPPO><oos:code>37224856002</oos:code><oos:name>деревня Большое Щучье</oos:name><oos:OKTMOCode>37624456106</oos:OKTMOCode><oos:registerName>д Большое Щучье</oos:registerName><oos:actual>true</oos:actual></nsiOKTMOPPO><nsiOKTMOPPO><oos:code>37230834003</oos:code><oos:name>деревня Заборская</oos:name><oos:OKTMOCode>37630434111</oos:OKTMOCode><oos:registerName>д Заборская</oos:registerName><oos:actual>false</oos:actual></nsiOKTMOPPO><nsiOKTMOPPO><oos:code>37216852003</oos:code><oos:name>деревня Лебяжье</oos:name><oos:OKTMOCode>37616452111</oos:OKTMOCode><oos:registerName>д Лебяжье</oos:registerName><oos:actual>true</oos:actual></nsiOKTMOPPO><nsiOKTMOPPO><oos:code>37222830001</oos:code><oos:name>село Коровье</oos:name><oos:OKTMOCode>37622430101</oos:OKTMOCode><oos:registerName>с Коровье</oos:registerName><oos:actual>true</oos:actual></nsiOKTMOPPO><nsiOKTMOPPO><oos:code>37222816004</oos:code><oos:name>село Иванково</oos:name><oos:OKTMOCode>37622416111</oos:OKTMOCode><oos:registerName>с Иванково</oos:registerName><oos:actual>true</oos:actual></nsiOKTMOPPO><nsiOKTMOPPO><oos:code>37222840003</oos:code><oos:name>деревня Троицкое</oos:name><oos:OKTMOCode>37622440111</oos:OKTMOCode><oos:registerName>д Троицкое</oos:registerName><oos:actual>true</oos:actual></nsiOKTMOPPO><nsiOKTMOPPO><oos:code>37230804003</oos:code><oos:name>село Нижнеберезово</oos:name><oos:OKTMOCode>37630404111</oos:OKTMOCode><oos:registerName>с Нижнеберезово</oos:registerName><oos:actual>true</oos:actual></nsiOKTMOPPO><nsiOKTMOPPO><oos:code>37222868001</oos:code><oos:name>село Бутырское</oos:name><oos:OKTMOCode>37622468101</oos:OKTMOCode><oos:registerName>с Бутырское</oos:registerName><oos:actual>true</oos:actual></nsiOKTMOPPO><nsiOKTMOPPO><oos:code>37218848002</oos:code><oos:name>деревня Белянино</oos:name><oos:OKTMOCode>37618448106</oos:OKTMOCode><oos:registerName>д Белянино</oos:registerName><oos:actual>true</oos:actual></nsiOKTMOPPO><nsiOKTMOPPO><oos:code>37224812002</oos:code><oos:name>деревня Селезнево</oos:name><oos:OKTMOCode>37624412106</oos:OKTMOCode><oos:registerName>д Селезнево</oos:registerName><oos:actual>true</oos:actual></nsiOKTMOPPO><nsiOKTMOPPO><oos:code>37226804001</oos:code><oos:name>село Актабан</oos:name><oos:OKTMOCode>37626404101</oos:OKTMOCode><oos:registerName>с Актабан</oos:registerName><oos:actual>true</oos:actual></nsiOKTMOPPO><nsiOKTMOPPO><oos:code>37224824003</oos:code><oos:name>деревня Малое Середкино</oos:name><oos:OKTMOCode>37624424111</oos:OKTMOCode><oos:registerName>д Малое Середкино</oos:registerName><oos:actual>true</oos:actual></nsiOKTMOPPO><nsiOKTMOPPO><oos:code>37224844003</oos:code><oos:name>деревня Круглое</oos:name><oos:OKTMOCode>37624444111</oos:OKTMOCode><oos:registerName>д Круглое</oos:registerName><oos:actual>false</oos:actual></nsiOKTMOPPO><nsiOKTMOPPO><oos:code>37216844004</oos:code><oos:name>деревня Коновалова</oos:name><oos:OKTMOCode>37616444116</oos:OKTMOCode><oos:registerName>д Коновалова</oos:registerName><oos:actual>true</oos:actual></nsiOKTMOPPO><nsiOKTMOPPO><oos:code>37222804001</oos:code><oos:name>село Варлаково</oos:name><oos:OKTMOCode>37622404101</oos:OKTMOCode><oos:registerName>с Варлаково</oos:registerName><oos:actual>true</oos:actual></nsiOKTMOPPO><nsiOKTMOPPO><oos:code>37218808002</oos:code><oos:name>деревня Александровка</oos:name><oos:OKTMOCode>37618408106</oos:OKTMOCode><oos:registerName>д Александровка</oos:registerName><oos:actual>true</oos:actual></nsiOKTMOPPO><nsiOKTMOPPO><oos:code>37224820001</oos:code><oos:name>село Лопарево</oos:name><oos:OKTMOCode>37624420101</oos:OKTMOCode><oos:registerName>с Лопарево</oos:registerName><oos:actual>true</oos:actual></nsiOKTMOPPO><nsiOKTMOPPO><oos:code>37226848002</oos:code><oos:name>деревня Новогеоргиевка 1-я</oos:name><oos:OKTMOCode>37626448106</oos:OKTMOCode><oos:registerName>д Новогеоргиевка 1-я</oos:registerName><oos:actual>true</oos:actual></nsiOKTMOPPO><nsiOKTMOPPO><oos:code>37218832002</oos:code><oos:name>деревня Песьяное</oos:name><oos:OKTMOCode>37618432106</oos:OKTMOCode><oos:registerName>д Песьяное</oos:registerName><oos:actual>true</oos:actual></nsiOKTMOPPO><nsiOKTMOPPO><oos:code>37216851002</oos:code><oos:name>село Маслово</oos:name><oos:OKTMOCode>37616451106</oos:OKTMOCode><oos:registerName>с Маслово</oos:registerName><oos:actual>true</oos:actual></nsiOKTMOPPO><nsiOKTMOPPO><oos:code>37224836002</oos:code><oos:name>деревня Большое Каменное</oos:name><oos:OKTMOCode>37624436106</oos:OKTMOCode><oos:registerName>д Большое Каменное</oos:registerName><oos:actual>true</oos:actual></nsiOKTMOPPO><nsiOKTMOPPO><oos:code>37228812001</oos:code><oos:name>село Булдак</oos:name><oos:OKTMOCode>37628412101</oos:OKTMOCode><oos:registerName>с Булдак</oos:registerName><oos:actual>true</oos:actual></nsiOKTMOPPO><nsiOKTMOPPO><oos:code>37218864004</oos:code><oos:name>деревня Чаешное</oos:name><oos:OKTMOCode>37618464106</oos:OKTMOCode><oos:registerName>д Чаешное</oos:registerName><oos:actual>true</oos:actual></nsiOKTMOPPO><nsiOKTMOPPO><oos:code>37222816003</oos:code><oos:name>деревня Большое Окунево</oos:name><oos:OKTMOCode>37622416103</oos:OKTMOCode><oos:registerName>д Большое Окунево</oos:registerName><oos:actual>true</oos:actual></nsiOKTMOPPO><nsiOKTMOPPO><oos:code>37230820005</oos:code><oos:name>деревня Поляковка</oos:name><oos:OKTMOCode>37630420121</oos:OKTMOCode><oos:registerName>д Поляковка</oos:registerName><oos:actual>false</oos:actual></nsiOKTMOPPO><nsiOKTMOPPO><oos:code>37234820008</oos:code><oos:name>деревня Первомайка</oos:name><oos:OKTMOCode>37634420136</oos:OKTMOCode><oos:registerName>д Первомайка</oos:registerName><oos:actual>true</oos:actual></nsiOKTMOPPO><nsiOKTMOPPO><oos:code>37228828013</oos:code><oos:name>село Хлупово</oos:name><oos:OKTMOCode>37628428126</oos:OKTMOCode><oos:registerName>с Хлупово</oos:registerName><oos:actual>true</oos:actual></nsiOKTMOPPO><nsiOKTMOPPO><oos:code>37216802002</oos:code><oos:name>деревня Узково</oos:name><oos:OKTMOCode>37616402106</oos:OKTMOCode><oos:registerName>д Узково</oos:registerName><oos:actual>true</oos:actual></nsiOKTMOPPO><nsiOKTMOPPO><oos:code>37222812002</oos:code><oos:name>деревня Восточная</oos:name><oos:OKTMOCode>37622412106</oos:OKTMOCode><oos:registerName>д Восточная</oos:registerName><oos:actual>true</oos:actual></nsiOKTMOPPO><nsiOKTMOPPO><oos:code>37226822002</oos:code><oos:name>село Утчанское</oos:name><oos:OKTMOCode>37626422106</oos:OKTMOCode><oos:registerName>с Утчанское</oos:registerName><oos:actual>true</oos:actual></nsiOKTMOPPO><nsiOKTMOPPO><oos:code>37224828004</oos:code><oos:name>деревня Чесноково</oos:name><oos:OKTMOCode>37624428116</oos:OKTMOCode><oos:registerName>д Чесноково</oos:registerName><oos:actual>true</oos:actual></nsiOKTMOPPO><nsiOKTMOPPO><oos:code>37226822001</oos:code><oos:name>&quot;поселок Курорт &quot;&quot;Озеро Медвежье&quot;&quot;&quot;</oos:name><oos:OKTMOCode>37626422101</oos:OKTMOCode><oos:registerName>&quot;п Курорт &quot;&quot;Озеро Медвежье&quot;&quot;&quot;</oos:registerName><oos:actual>true</oos:actual></nsiOKTMOPPO><nsiOKTMOPPO><oos:code>37226836002</oos:code><oos:name>деревня Буранное</oos:name><oos:OKTMOCode>37626436106</oos:OKTMOCode><oos:registerName>д Буранное</oos:registerName><oos:actual>true</oos:actual></nsiOKTMOPPO><nsiOKTMOPPO><oos:code>37216848006</oos:code><oos:name>деревня Грызаново</oos:name><oos:OKTMOCode>37616448103</oos:OKTMOCode><oos:registerName>д Грызаново</oos:registerName><oos:actual>true</oos:actual></nsiOKTMOPPO><nsiOKTMOPPO><oos:code>37218860001</oos:code><oos:name>село Хутора</oos:name><oos:OKTMOCode>37618460101</oos:OKTMOCode><oos:registerName>с Хутора</oos:registerName><oos:actual>true</oos:actual></nsiOKTMOPPO><nsiOKTMOPPO><oos:code>37226804004</oos:code><oos:name>село Большое Каменное</oos:name><oos:OKTMOCode>37626404102</oos:OKTMOCode><oos:registerName>с Большое Каменное</oos:registerName><oos:actual>true</oos:actual></nsiOKTMOPPO><nsiOKTMOPPO><oos:code>37218856003</oos:code><oos:name>деревня Кузинка</oos:name><oos:OKTMOCode>37618456111</oos:OKTMOCode><oos:registerName>д Кузинка</oos:registerName><oos:actual>true</oos:actual></nsiOKTMOPPO><nsiOKTMOPPO><oos:code>37226816001</oos:code><oos:name>село Жидки</oos:name><oos:OKTMOCode>37626416101</oos:OKTMOCode><oos:registerName>с Жидки</oos:registerName><oos:actual>true</oos:actual></nsiOKTMOPPO><nsiOKTMOPPO><oos:code>37230820006</oos:code><oos:name>деревня Туманова</oos:name><oos:OKTMOCode>37630420126</oos:OKTMOCode><oos:registerName>д Туманова</oos:registerName><oos:actual>true</oos:actual></nsiOKTMOPPO><nsiOKTMOPPO><oos:code>37230850002</oos:code><oos:name>село Ярославское</oos:name><oos:OKTMOCode>37630450106</oos:OKTMOCode><oos:registerName>с Ярославское</oos:registerName><oos:actual>true</oos:actual></nsiOKTMOPPO><nsiOKTMOPPO><oos:code>37230804002</oos:code><oos:name>поселок Водный</oos:name><oos:OKTMOCode>37630404106</oos:OKTMOCode><oos:registerName>п Водный</oos:registerName><oos:actual>true</oos:actual></nsiOKTMOPPO><nsiOKTMOPPO><oos:code>37232828002</oos:code><oos:name>деревня Киреевка</oos:name><oos:OKTMOCode>37632428106</oos:OKTMOCode><oos:registerName>д Киреевка</oos:registerName><oos:actual>true</oos:actual></nsiOKTMOPPO><nsiOKTMOPPO><oos:code>37224840001</oos:code><oos:name>село Одино</oos:name><oos:OKTMOCode>37624440101</oos:OKTMOCode><oos:registerName>с Одино</oos:registerName><oos:actual>true</oos:actual></nsiOKTMOPPO><nsiOKTMOPPO><oos:code>37218864001</oos:code><oos:name>село Черемушки</oos:name><oos:OKTMOCode>37618464101</oos:OKTMOCode><oos:registerName>с Черемушки</oos:registerName><oos:actual>true</oos:actual></nsiOKTMOPPO><nsiOKTMOPPO><oos:code>37228828007</oos:code><oos:name>деревня Жилино</oos:name><oos:OKTMOCode>37628428107</oos:OKTMOCode><oos:registerName>д Жилино</oos:registerName><oos:actual>true</oos:actual></nsiOKTMOPPO><nsiOKTMOPPO><oos:code>37216848003</oos:code><oos:name>деревня Приречная</oos:name><oos:OKTMOCode>37616448111</oos:OKTMOCode><oos:registerName>д Приречная</oos:registerName><oos:actual>true</oos:actual></nsiOKTMOPPO><nsiOKTMOPPO><oos:code>37224848001</oos:code><oos:name>село Уварово</oos:name><oos:OKTMOCode>37624448101</oos:OKTMOCode><oos:registerName>с Уварово</oos:registerName><oos:actual>true</oos:actual></nsiOKTMOPPO><nsiOKTMOPPO><oos:code>37222872001</oos:code><oos:name>село Шаламово</oos:name><oos:OKTMOCode>37622472101</oos:OKTMOCode><oos:registerName>с Шаламово</oos:registerName><oos:actual>true</oos:actual></nsiOKTMOPPO><nsiOKTMOPPO><oos:code>37218836003</oos:code><oos:name>деревня Суерская</oos:name><oos:OKTMOCode>37618436111</oos:OKTMOCode><oos:registerName>д Суерская</oos:registerName><oos:actual>true</oos:actual></nsiOKTMOPPO><nsiOKTMOPPO><oos:code>37230820002</oos:code><oos:name>деревня Комановка</oos:name><oos:OKTMOCode>37630420106</oos:OKTMOCode><oos:registerName>д Комановка</oos:registerName><oos:actual>true</oos:actual></nsiOKTMOPPO><nsiOKTMOPPO><oos:code>37232818001</oos:code><oos:name>село Мансурово</oos:name><oos:OKTMOCode>37632418101</oos:OKTMOCode><oos:registerName>с Мансурово</oos:registerName><oos:actual>false</oos:actual></nsiOKTMOPPO><nsiOKTMOPPO><oos:code>37230808003</oos:code><oos:name>село Притобольное</oos:name><oos:OKTMOCode>37630408111</oos:OKTMOCode><oos:registerName>с Притобольное</oos:registerName><oos:actual>true</oos:actual></nsiOKTMOPPO><nsiOKTMOPPO><oos:code>37224820003</oos:code><oos:name>деревня Сливное</oos:name><oos:OKTMOCode>37624420111</oos:OKTMOCode><oos:registerName>д Сливное</oos:registerName><oos:actual>true</oos:actual></nsiOKTMOPPO><nsiOKTMOPPO><oos:code>37224860004</oos:code><oos:name>деревня Фатежская</oos:name><oos:OKTMOCode>37624460111</oos:OKTMOCode><oos:registerName>д Фатежская</oos:registerName><oos:actual>true</oos:actual></nsiOKTMOPPO><nsiOKTMOPPO><oos:code>37224852003</oos:code><oos:name>деревня Тетерье</oos:name><oos:OKTMOCode>37624452111</oos:OKTMOCode><oos:registerName>д Тетерье</oos:registerName><oos:actual>true</oos:actual></nsiOKTMOPPO><nsiOKTMOPPO><oos:code>37230820004</oos:code><oos:name>деревня Покровка</oos:name><oos:OKTMOCode>37630420116</oos:OKTMOCode><oos:registerName>д Покровка</oos:registerName><oos:actual>true</oos:actual></nsiOKTMOPPO><nsiOKTMOPPO><oos:code>37228828014</oos:code><oos:name>село Чулошное</oos:name><oos:OKTMOCode>37628428131</oos:OKTMOCode><oos:registerName>с Чулошное</oos:registerName><oos:actual>true</oos:actual></nsiOKTMOPPO><nsiOKTMOPPO><oos:code>37224816003</oos:code><oos:name>деревня Большое Песьяное</oos:name><oos:OKTMOCode>37624416106</oos:OKTMOCode><oos:registerName>д Большое Песьяное</oos:registerName><oos:actual>true</oos:actual></nsiOKTMOPPO><nsiOKTMOPPO><oos:code>37226824003</oos:code><oos:name>деревня Пьянково</oos:name><oos:OKTMOCode>37626424111</oos:OKTMOCode><oos:registerName>д Пьянково</oos:registerName><oos:actual>true</oos:actual></nsiOKTMOPPO><nsiOKTMOPPO><oos:code>37222872002</oos:code><oos:name>деревня Егорино</oos:name><oos:OKTMOCode>37622472106</oos:OKTMOCode><oos:registerName>д Егорино</oos:registerName><oos:actual>true</oos:actual></nsiOKTMOPPO><nsiOKTMOPPO><oos:code>37224843001</oos:code><oos:name>село Сунгурово</oos:name><oos:OKTMOCode>37624443101</oos:OKTMOCode><oos:registerName>с Сунгурово</oos:registerName><oos:actual>true</oos:actual></nsiOKTMOPPO><nsiOKTMOPPO><oos:code>37238834001</oos:code><oos:name>село Ключи</oos:name><oos:OKTMOCode>37638434101</oos:OKTMOCode><oos:registerName>с Ключи</oos:registerName><oos:actual>true</oos:actual></nsiOKTMOPPO><nsiOKTMOPPO><oos:code>37224812001</oos:code><oos:name>село Куртан</oos:name><oos:OKTMOCode>37624412101</oos:OKTMOCode><oos:registerName>с Куртан</oos:registerName><oos:actual>true</oos:actual></nsiOKTMOPPO><nsiOKTMOPPO><oos:code>37224852004</oos:code><oos:name>деревня Многополье</oos:name><oos:OKTMOCode>37624452116</oos:OKTMOCode><oos:registerName>д Многополье</oos:registerName><oos:actual>true</oos:actual></nsiOKTMOPPO><nsiOKTMOPPO><oos:code>37228828003</oos:code><oos:name>деревня Петровка</oos:name><oos:OKTMOCode>37628428111</oos:OKTMOCode><oos:registerName>д Петровка</oos:registerName><oos:actual>true</oos:actual></nsiOKTMOPPO><nsiOKTMOPPO><oos:code>37228828004</oos:code><oos:name>поселок Трубецкой</oos:name><oos:OKTMOCode>37628428116</oos:OKTMOCode><oos:registerName>п Трубецкой</oos:registerName><oos:actual>true</oos:actual></nsiOKTMOPPO><nsiOKTMOPPO><oos:code>37234832001</oos:code><oos:name>село Матвеевка</oos:name><oos:OKTMOCode>37634432101</oos:OKTMOCode><oos:registerName>с Матвеевка</oos:registerName><oos:actual>true</oos:actual></nsiOKTMOPPO><nsiOKTMOPPO><oos:code>37234824002</oos:code><oos:name>деревня Листвянка</oos:name><oos:OKTMOCode>37634424106</oos:OKTMOCode><oos:registerName>д Листвянка</oos:registerName><oos:actual>true</oos:actual></nsiOKTMOPPO><nsiOKTMOPPO><oos:code>37226823002</oos:code><oos:name>станция Горбуново</oos:name><oos:OKTMOCode>37626423106</oos:OKTMOCode><oos:registerName>ст Горбуново</oos:registerName><oos:actual>true</oos:actual></nsiOKTMOPPO><nsiOKTMOPPO><oos:code>37238805003</oos:code><oos:name>деревня Камчатка</oos:name><oos:OKTMOCode>37638405111</oos:OKTMOCode><oos:registerName>д Камчатка</oos:registerName><oos:actual>true</oos:actual></nsiOKTMOPPO><nsiOKTMOPPO><oos:code>37238837003</oos:code><oos:name>деревня Максимова</oos:name><oos:OKTMOCode>37638437111</oos:OKTMOCode><oos:registerName>д Максимова</oos:registerName><oos:actual>true</oos:actual></nsiOKTMOPPO><nsiOKTMOPPO><oos:code>37234844001</oos:code><oos:name>село Сетово</oos:name><oos:OKTMOCode>37634444101</oos:OKTMOCode><oos:registerName>с Сетово</oos:registerName><oos:actual>true</oos:actual></nsiOKTMOPPO><nsiOKTMOPPO><oos:code>37226840002</oos:code><oos:name>деревня Казанцевское</oos:name><oos:OKTMOCode>37626440106</oos:OKTMOCode><oos:registerName>д Казанцевское</oos:registerName><oos:actual>true</oos:actual></nsiOKTMOPPO><nsiOKTMOPPO><oos:code>37222808002</oos:code><oos:name>деревня Быдино</oos:name><oos:OKTMOCode>37622408106</oos:OKTMOCode><oos:registerName>д Быдино</oos:registerName><oos:actual>true</oos:actual></nsiOKTMOPPO><nsiOKTMOPPO><oos:code>37238883003</oos:code><oos:name>поселок Лещево-Замараево</oos:name><oos:OKTMOCode>37638483111</oos:OKTMOCode><oos:registerName>п Лещево-Замараево</oos:registerName><oos:actual>true</oos:actual></nsiOKTMOPPO><nsiOKTMOPPO><oos:code>37222872004</oos:code><oos:name>деревня Рытикова</oos:name><oos:OKTMOCode>37622472116</oos:OKTMOCode><oos:registerName>д Рытикова</oos:registerName><oos:actual>true</oos:actual></nsiOKTMOPPO><nsiOKTMOPPO><oos:code>37236812003</oos:code><oos:name>деревня Окуневка</oos:name><oos:OKTMOCode>37636412111</oos:OKTMOCode><oos:registerName>д Окуневка</oos:registerName><oos:actual>true</oos:actual></nsiOKTMOPPO><nsiOKTMOPPO><oos:code>37222808001</oos:code><oos:name>село Введенское</oos:name><oos:OKTMOCode>37622408101</oos:OKTMOCode><oos:registerName>с Введенское</oos:registerName><oos:actual>true</oos:actual></nsiOKTMOPPO><nsiOKTMOPPO><oos:code>37238886002</oos:code><oos:name>деревня Каткова</oos:name><oos:OKTMOCode>37638486106</oos:OKTMOCode><oos:registerName>д Каткова</oos:registerName><oos:actual>true</oos:actual></nsiOKTMOPPO><nsiOKTMOPPO><oos:code>37222820003</oos:code><oos:name>деревня Плетни</oos:name><oos:OKTMOCode>37622420111</oos:OKTMOCode><oos:registerName>д Плетни</oos:registerName><oos:actual>true</oos:actual></nsiOKTMOPPO><nsiOKTMOPPO><oos:code>37234828004</oos:code><oos:name>деревня Чалкино</oos:name><oos:OKTMOCode>37634428116</oos:OKTMOCode><oos:registerName>д Чалкино</oos:registerName><oos:actual>true</oos:actual></nsiOKTMOPPO><nsiOKTMOPPO><oos:code>37230860001</oos:code><oos:name>село Ялым</oos:name><oos:OKTMOCode>37630460101</oos:OKTMOCode><oos:registerName>с Ялым</oos:registerName><oos:actual>true</oos:actual></nsiOKTMOPPO><nsiOKTMOPPO><oos:code>37226832001</oos:code><oos:name>село Октябрьское</oos:name><oos:OKTMOCode>37626432101</oos:OKTMOCode><oos:registerName>с Октябрьское</oos:registerName><oos:actual>true</oos:actual></nsiOKTMOPPO><nsiOKTMOPPO><oos:code>37232840004</oos:code><oos:name>деревня Максимовка</oos:name><oos:OKTMOCode>37632440116</oos:OKTMOCode><oos:registerName>д Максимовка</oos:registerName><oos:actual>true</oos:actual></nsiOKTMOPPO><nsiOKTMOPPO><oos:code>37224828007</oos:code><oos:name>деревня Кокорево</oos:name><oos:OKTMOCode>37624428104</oos:OKTMOCode><oos:registerName>д Кокорево</oos:registerName><oos:actual>true</oos:actual></nsiOKTMOPPO><nsiOKTMOPPO><oos:code>37238811004</oos:code><oos:name>деревня Шаньгина</oos:name><oos:OKTMOCode>37638411106</oos:OKTMOCode><oos:registerName>д Шаньгина</oos:registerName><oos:actual>true</oos:actual></nsiOKTMOPPO><nsiOKTMOPPO><oos:code>37232840003</oos:code><oos:name>деревня Калмык-Абдрашево</oos:name><oos:OKTMOCode>37632440111</oos:OKTMOCode><oos:registerName>д Калмык-Абдрашево</oos:registerName><oos:actual>true</oos:actual></nsiOKTMOPPO><nsiOKTMOPPO><oos:code>37228824001</oos:code><oos:name>село Пищальное</oos:name><oos:OKTMOCode>37628424101</oos:OKTMOCode><oos:registerName>с Пищальное</oos:registerName><oos:actual>true</oos:actual></nsiOKTMOPPO><nsiOKTMOPPO><oos:code>37226804003</oos:code><oos:name>деревня Песьяное</oos:name><oos:OKTMOCode>37626404111</oos:OKTMOCode><oos:registerName>д Песьяное</oos:registerName><oos:actual>true</oos:actual></nsiOKTMOPPO><nsiOKTMOPPO><oos:code>37232816001</oos:code><oos:name>село Карасево</oos:name><oos:OKTMOCode>37632416101</oos:OKTMOCode><oos:registerName>с Карасево</oos:registerName><oos:actual>true</oos:actual></nsiOKTMOPPO><nsiOKTMOPPO><oos:code>37234816002</oos:code><oos:name>деревня Приозерная</oos:name><oos:OKTMOCode>37634416106</oos:OKTMOCode><oos:registerName>д Приозерная</oos:registerName><oos:actual>true</oos:actual></nsiOKTMOPPO><nsiOKTMOPPO><oos:code>37234828001</oos:code><oos:name>село Михалево</oos:name><oos:OKTMOCode>37634428101</oos:OKTMOCode><oos:registerName>с Михалево</oos:registerName><oos:actual>true</oos:actual></nsiOKTMOPPO><nsiOKTMOPPO><oos:code>37238838001</oos:code><oos:name>село Красномыльское</oos:name><oos:OKTMOCode>37638438101</oos:OKTMOCode><oos:registerName>с Красномыльское</oos:registerName><oos:actual>true</oos:actual></nsiOKTMOPPO><nsiOKTMOPPO><oos:code>37228832002</oos:code><oos:name>деревня Малодубровное</oos:name><oos:OKTMOCode>37628432106</oos:OKTMOCode><oos:registerName>д Малодубровное</oos:registerName><oos:actual>true</oos:actual></nsiOKTMOPPO><nsiOKTMOPPO><oos:code>37230834004</oos:code><oos:name>село Камышное</oos:name><oos:OKTMOCode>37630434116</oos:OKTMOCode><oos:registerName>с Камышное</oos:registerName><oos:actual>true</oos:actual></nsiOKTMOPPO><nsiOKTMOPPO><oos:code>37222830003</oos:code><oos:name>деревня Шумиловка</oos:name><oos:OKTMOCode>37622430111</oos:OKTMOCode><oos:registerName>д Шумиловка</oos:registerName><oos:actual>true</oos:actual></nsiOKTMOPPO><nsiOKTMOPPO><oos:code>37234852001</oos:code><oos:name>село Фроловка</oos:name><oos:OKTMOCode>37634452101</oos:OKTMOCode><oos:registerName>с Фроловка</oos:registerName><oos:actual>true</oos:actual></nsiOKTMOPPO><nsiOKTMOPPO><oos:code>37238877003</oos:code><oos:name>деревня Никитино</oos:name><oos:OKTMOCode>37638477111</oos:OKTMOCode><oos:registerName>д Никитино</oos:registerName><oos:actual>true</oos:actual></nsiOKTMOPPO><nsiOKTMOPPO><oos:code>37234848002</oos:code><oos:name>деревня Красный Октябрь</oos:name><oos:OKTMOCode>37634448106</oos:OKTMOCode><oos:registerName>д Красный Октябрь</oos:registerName><oos:actual>true</oos:actual></nsiOKTMOPPO><nsiOKTMOPPO><oos:code>37222860001</oos:code><oos:name>село Первомайское</oos:name><oos:OKTMOCode>37622460101</oos:OKTMOCode><oos:registerName>с Первомайское</oos:registerName><oos:actual>true</oos:actual></nsiOKTMOPPO><nsiOKTMOPPO><oos:code>37228836005</oos:code><oos:name>село Привольное</oos:name><oos:OKTMOCode>37628436109</oos:OKTMOCode><oos:registerName>с Привольное</oos:registerName><oos:actual>true</oos:actual></nsiOKTMOPPO><nsiOKTMOPPO><oos:code>37222812004</oos:code><oos:name>деревня Щучье</oos:name><oos:OKTMOCode>37622412116</oos:OKTMOCode><oos:registerName>д Щучье</oos:registerName><oos:actual>true</oos:actual></nsiOKTMOPPO><nsiOKTMOPPO><oos:code>37234836003</oos:code><oos:name>деревня Дудино</oos:name><oos:OKTMOCode>37634436111</oos:OKTMOCode><oos:registerName>д Дудино</oos:registerName><oos:actual>true</oos:actual></nsiOKTMOPPO><nsiOKTMOPPO><oos:code>37238805004</oos:code><oos:name>деревня Колесниково</oos:name><oos:OKTMOCode>37638405116</oos:OKTMOCode><oos:registerName>д Колесниково</oos:registerName><oos:actual>true</oos:actual></nsiOKTMOPPO><nsiOKTMOPPO><oos:code>37244838001</oos:code><oos:name>село Пивкино</oos:name><oos:OKTMOCode>37644438101</oos:OKTMOCode><oos:registerName>с Пивкино</oos:registerName><oos:actual>true</oos:actual></nsiOKTMOPPO><nsiOKTMOPPO><oos:code>37238817001</oos:code><oos:name>село Глубокое</oos:name><oos:OKTMOCode>37638417101</oos:OKTMOCode><oos:registerName>с Глубокое</oos:registerName><oos:actual>true</oos:actual></nsiOKTMOPPO><nsiOKTMOPPO><oos:code>37234836001</oos:code><oos:name>село Половинное</oos:name><oos:OKTMOCode>37634436101</oos:OKTMOCode><oos:registerName>с Половинное</oos:registerName><oos:actual>true</oos:actual></nsiOKTMOPPO><nsiOKTMOPPO><oos:code>37246840003</oos:code><oos:name>деревня Глубокая</oos:name><oos:OKTMOCode>37646440103</oos:OKTMOCode><oos:registerName>д Глубокая</oos:registerName><oos:actual>false</oos:actual></nsiOKTMOPPO><nsiOKTMOPPO><oos:code>37234810001</oos:code><oos:name>село Дулино</oos:name><oos:OKTMOCode>37634410101</oos:OKTMOCode><oos:registerName>с Дулино</oos:registerName><oos:actual>true</oos:actual></nsiOKTMOPPO><nsiOKTMOPPO><oos:code>37236824003</oos:code><oos:name>деревня Журавлевка</oos:name><oos:OKTMOCode>37636424111</oos:OKTMOCode><oos:registerName>д Журавлевка</oos:registerName><oos:actual>true</oos:actual></nsiOKTMOPPO><nsiOKTMOPPO><oos:code>37246840005</oos:code><oos:name>село Таловка</oos:name><oos:OKTMOCode>37646440111</oos:OKTMOCode><oos:registerName>с Таловка</oos:registerName><oos:actual>false</oos:actual></nsiOKTMOPPO><nsiOKTMOPPO><oos:code>71158000013</oos:code><oos:name>поселок Ямбура</oos:name><oos:OKTMOCode>71918403121</oos:OKTMOCode><oos:registerName>п Ямбура</oos:registerName><oos:actual>false</oos:actual></nsiOKTMOPPO><nsiOKTMOPPO><oos:code>37238837002</oos:code><oos:name>деревня Демьяна Бедного</oos:name><oos:OKTMOCode>37638437106</oos:OKTMOCode><oos:registerName>д Демьяна Бедного</oos:registerName><oos:actual>true</oos:actual></nsiOKTMOPPO><nsiOKTMOPPO><oos:code>37222808004</oos:code><oos:name>деревня Речкалово</oos:name><oos:OKTMOCode>37622408116</oos:OKTMOCode><oos:registerName>д Речкалово</oos:registerName><oos:actual>true</oos:actual></nsiOKTMOPPO><nsiOKTMOPPO><oos:code>37238838004</oos:code><oos:name>деревня Тюрикова</oos:name><oos:OKTMOCode>37638438111</oos:OKTMOCode><oos:registerName>д Тюрикова</oos:registerName><oos:actual>true</oos:actual></nsiOKTMOPPO><nsiOKTMOPPO><oos:code>37238880002</oos:code><oos:name>деревня Груздева</oos:name><oos:OKTMOCode>37638480106</oos:OKTMOCode><oos:registerName>д Груздева</oos:registerName><oos:actual>true</oos:actual></nsiOKTMOPPO><nsiOKTMOPPO><oos:code>37240804002</oos:code><oos:name>деревня Кирпичики</oos:name><oos:OKTMOCode>37640404106</oos:OKTMOCode><oos:registerName>д Кирпичики</oos:registerName><oos:actual>false</oos:actual></nsiOKTMOPPO><nsiOKTMOPPO><oos:code>37238840002</oos:code><oos:name>деревня Макарово</oos:name><oos:OKTMOCode>37638440106</oos:OKTMOCode><oos:registerName>д Макарово</oos:registerName><oos:actual>true</oos:actual></nsiOKTMOPPO><nsiOKTMOPPO><oos:code>37232824004</oos:code><oos:name>деревня Петровка</oos:name><oos:OKTMOCode>37632424116</oos:OKTMOCode><oos:registerName>д Петровка</oos:registerName><oos:actual>true</oos:actual></nsiOKTMOPPO><nsiOKTMOPPO><oos:code>37236828003</oos:code><oos:name>деревня Казанцево</oos:name><oos:OKTMOCode>37636428111</oos:OKTMOCode><oos:registerName>д Казанцево</oos:registerName><oos:actual>true</oos:actual></nsiOKTMOPPO><nsiOKTMOPPO><oos:code>37238855003</oos:code><oos:name>деревня Титова</oos:name><oos:OKTMOCode>37638455106</oos:OKTMOCode><oos:registerName>д Титова</oos:registerName><oos:actual>true</oos:actual></nsiOKTMOPPO><nsiOKTMOPPO><oos:code>37234848001</oos:code><oos:name>село Усть-Уйское</oos:name><oos:OKTMOCode>37634448101</oos:OKTMOCode><oos:registerName>с Усть-Уйское</oos:registerName><oos:actual>true</oos:actual></nsiOKTMOPPO><nsiOKTMOPPO><oos:code>37238861001</oos:code><oos:name>село Ольховка</oos:name><oos:OKTMOCode>37638461101</oos:OKTMOCode><oos:registerName>с Ольховка</oos:registerName><oos:actual>true</oos:actual></nsiOKTMOPPO><nsiOKTMOPPO><oos:code>37244804004</oos:code><oos:name>деревня Чесноковка 1-я</oos:name><oos:OKTMOCode>37644404116</oos:OKTMOCode><oos:registerName>д Чесноковка 1-я</oos:registerName><oos:actual>true</oos:actual></nsiOKTMOPPO><nsiOKTMOPPO><oos:code>37238867001</oos:code><oos:name>село Песчанотаволжанское</oos:name><oos:OKTMOCode>37638467101</oos:OKTMOCode><oos:registerName>с Песчанотаволжанское</oos:registerName><oos:actual>true</oos:actual></nsiOKTMOPPO><nsiOKTMOPPO><oos:code>37238869004</oos:code><oos:name>деревня Саткан</oos:name><oos:OKTMOCode>37638469116</oos:OKTMOCode><oos:registerName>д Саткан</oos:registerName><oos:actual>true</oos:actual></nsiOKTMOPPO><nsiOKTMOPPO><oos:code>37238814001</oos:code><oos:name>село Ганино</oos:name><oos:OKTMOCode>37638414101</oos:OKTMOCode><oos:registerName>с Ганино</oos:registerName><oos:actual>true</oos:actual></nsiOKTMOPPO><nsiOKTMOPPO><oos:code>37246820001</oos:code><oos:name>село Кипель</oos:name><oos:OKTMOCode>37646420101</oos:OKTMOCode><oos:registerName>с Кипель</oos:registerName><oos:actual>false</oos:actual></nsiOKTMOPPO><nsiOKTMOPPO><oos:code>37234808002</oos:code><oos:name>деревня Малое Дубровное</oos:name><oos:OKTMOCode>37634408106</oos:OKTMOCode><oos:registerName>д Малое Дубровное</oos:registerName><oos:actual>true</oos:actual></nsiOKTMOPPO><nsiOKTMOPPO><oos:code>71160659000</oos:code><oos:name>поселок городского типа Уренгой</oos:name><oos:OKTMOCode>71940000052</oos:OKTMOCode><oos:registerName>пгт Уренгой</oos:registerName><oos:actual>true</oos:actual></nsiOKTMOPPO><nsiOKTMOPPO><oos:code>37234828002</oos:code><oos:name>село Луговое</oos:name><oos:OKTMOCode>37634428106</oos:OKTMOCode><oos:registerName>с Луговое</oos:registerName><oos:actual>true</oos:actual></nsiOKTMOPPO><nsiOKTMOPPO><oos:code>37244804002</oos:code><oos:name>деревня Косулино</oos:name><oos:OKTMOCode>37644404106</oos:OKTMOCode><oos:registerName>д Косулино</oos:registerName><oos:actual>false</oos:actual></nsiOKTMOPPO><nsiOKTMOPPO><oos:code>37240840004</oos:code><oos:name>деревня Ленская</oos:name><oos:OKTMOCode>37640440116</oos:OKTMOCode><oos:registerName>д Ленская</oos:registerName><oos:actual>true</oos:actual></nsiOKTMOPPO><nsiOKTMOPPO><oos:code>37238864001</oos:code><oos:name>село Верхняя Полевая</oos:name><oos:OKTMOCode>37638464101</oos:OKTMOCode><oos:registerName>с Верхняя Полевая</oos:registerName><oos:actual>true</oos:actual></nsiOKTMOPPO><nsiOKTMOPPO><oos:code>37236828004</oos:code><oos:name>село Лиханово</oos:name><oos:OKTMOCode>37636428116</oos:OKTMOCode><oos:registerName>с Лиханово</oos:registerName><oos:actual>true</oos:actual></nsiOKTMOPPO><nsiOKTMOPPO><oos:code>37230812001</oos:code><oos:name>село Гладковское</oos:name><oos:OKTMOCode>37630412101</oos:OKTMOCode><oos:registerName>с Гладковское</oos:registerName><oos:actual>true</oos:actual></nsiOKTMOPPO><nsiOKTMOPPO><oos:code>37240852001</oos:code><oos:name>село Самохвалово</oos:name><oos:OKTMOCode>37640452101</oos:OKTMOCode><oos:registerName>с Самохвалово</oos:registerName><oos:actual>true</oos:actual></nsiOKTMOPPO><nsiOKTMOPPO><oos:code>37234820004</oos:code><oos:name>деревня Моисеевка</oos:name><oos:OKTMOCode>37634420116</oos:OKTMOCode><oos:registerName>д Моисеевка</oos:registerName><oos:actual>true</oos:actual></nsiOKTMOPPO><nsiOKTMOPPO><oos:code>37238877001</oos:code><oos:name>село Понькино</oos:name><oos:OKTMOCode>37638477101</oos:OKTMOCode><oos:registerName>с Понькино</oos:registerName><oos:actual>true</oos:actual></nsiOKTMOPPO><nsiOKTMOPPO><oos:code>37246820005</oos:code><oos:name>деревня Падун</oos:name><oos:OKTMOCode>37646420121</oos:OKTMOCode><oos:registerName>д Падун</oos:registerName><oos:actual>false</oos:actual></nsiOKTMOPPO><nsiOKTMOPPO><oos:code>37238834002</oos:code><oos:name>село Прогресс</oos:name><oos:OKTMOCode>37638434106</oos:OKTMOCode><oos:registerName>с Прогресс</oos:registerName><oos:actual>true</oos:actual></nsiOKTMOPPO><nsiOKTMOPPO><oos:code>37240832002</oos:code><oos:name>деревня Могилева</oos:name><oos:OKTMOCode>37640432106</oos:OKTMOCode><oos:registerName>д Могилева</oos:registerName><oos:actual>true</oos:actual></nsiOKTMOPPO><nsiOKTMOPPO><oos:code>37244822003</oos:code><oos:name>деревня Новь</oos:name><oos:OKTMOCode>37644422111</oos:OKTMOCode><oos:registerName>д Новь</oos:registerName><oos:actual>true</oos:actual></nsiOKTMOPPO><nsiOKTMOPPO><oos:code>71153000004</oos:code><oos:name>село Толька</oos:name><oos:OKTMOCode>71913412101</oos:OKTMOCode><oos:registerName>с Толька</oos:registerName><oos:actual>true</oos:actual></nsiOKTMOPPO><nsiOKTMOPPO><oos:code>37238889003</oos:code><oos:name>деревня Мельникова</oos:name><oos:OKTMOCode>37638489111</oos:OKTMOCode><oos:registerName>д Мельникова</oos:registerName><oos:actual>true</oos:actual></nsiOKTMOPPO><nsiOKTMOPPO><oos:code>37240856003</oos:code><oos:name>деревня Сладчанка</oos:name><oos:OKTMOCode>37640456106</oos:OKTMOCode><oos:registerName>д Сладчанка</oos:registerName><oos:actual>true</oos:actual></nsiOKTMOPPO><nsiOKTMOPPO><oos:code>37228840001</oos:code><oos:name>село Яровое</oos:name><oos:OKTMOCode>37628440101</oos:OKTMOCode><oos:registerName>с Яровое</oos:registerName><oos:actual>true</oos:actual></nsiOKTMOPPO><nsiOKTMOPPO><oos:code>37238895001</oos:code><oos:name>село Юлдус</oos:name><oos:OKTMOCode>37638495101</oos:OKTMOCode><oos:registerName>с Юлдус</oos:registerName><oos:actual>true</oos:actual></nsiOKTMOPPO><nsiOKTMOPPO><oos:code>37238869001</oos:code><oos:name>село Зеленоборское</oos:name><oos:OKTMOCode>37638469101</oos:OKTMOCode><oos:registerName>с Зеленоборское</oos:registerName><oos:actual>true</oos:actual></nsiOKTMOPPO><nsiOKTMOPPO><oos:code>37246804004</oos:code><oos:name>деревня Туманова</oos:name><oos:OKTMOCode>37646404116</oos:OKTMOCode><oos:registerName>д Туманова</oos:registerName><oos:actual>true</oos:actual></nsiOKTMOPPO><nsiOKTMOPPO><oos:code>37244852002</oos:code><oos:name>деревня Красный Увал</oos:name><oos:OKTMOCode>37644452106</oos:OKTMOCode><oos:registerName>д Красный Увал</oos:registerName><oos:actual>true</oos:actual></nsiOKTMOPPO><nsiOKTMOPPO><oos:code>37240852005</oos:code><oos:name>деревня Овчинникова</oos:name><oos:OKTMOCode>37640452121</oos:OKTMOCode><oos:registerName>д Овчинникова</oos:registerName><oos:actual>true</oos:actual></nsiOKTMOPPO><nsiOKTMOPPO><oos:code>37236812002</oos:code><oos:name>деревня Волчье</oos:name><oos:OKTMOCode>37636412106</oos:OKTMOCode><oos:registerName>д Волчье</oos:registerName><oos:actual>true</oos:actual></nsiOKTMOPPO><nsiOKTMOPPO><oos:code>37234824003</oos:code><oos:name>деревня Одина</oos:name><oos:OKTMOCode>37634424111</oos:OKTMOCode><oos:registerName>д Одина</oos:registerName><oos:actual>true</oos:actual></nsiOKTMOPPO><nsiOKTMOPPO><oos:code>37238864002</oos:code><oos:name>деревня Барневка</oos:name><oos:OKTMOCode>37638464106</oos:OKTMOCode><oos:registerName>д Барневка</oos:registerName><oos:actual>true</oos:actual></nsiOKTMOPPO><nsiOKTMOPPO><oos:code>71166000001</oos:code><oos:name>село Мужи</oos:name><oos:OKTMOCode>71926412101</oos:OKTMOCode><oos:registerName>с Мужи</oos:registerName><oos:actual>true</oos:actual></nsiOKTMOPPO><nsiOKTMOPPO><oos:code>37240844004</oos:code><oos:name>деревня Мамонтовка</oos:name><oos:OKTMOCode>37640444116</oos:OKTMOCode><oos:registerName>д Мамонтовка</oos:registerName><oos:actual>true</oos:actual></nsiOKTMOPPO><nsiOKTMOPPO><oos:code>37234820007</oos:code><oos:name>деревня Патранино</oos:name><oos:OKTMOCode>37634420131</oos:OKTMOCode><oos:registerName>д Патранино</oos:registerName><oos:actual>true</oos:actual></nsiOKTMOPPO><nsiOKTMOPPO><oos:code>37240844003</oos:code><oos:name>деревня Ключи</oos:name><oos:OKTMOCode>37640444111</oos:OKTMOCode><oos:registerName>д Ключи</oos:registerName><oos:actual>true</oos:actual></nsiOKTMOPPO><nsiOKTMOPPO><oos:code>71166000011</oos:code><oos:name>деревня Карвожгорт</oos:name><oos:OKTMOCode>71926403111</oos:OKTMOCode><oos:registerName>д Карвожгорт</oos:registerName><oos:actual>true</oos:actual></nsiOKTMOPPO><nsiOKTMOPPO><oos:code>37238814002</oos:code><oos:name>село Агапино</oos:name><oos:OKTMOCode>37638414106</oos:OKTMOCode><oos:registerName>с Агапино</oos:registerName><oos:actual>true</oos:actual></nsiOKTMOPPO><nsiOKTMOPPO><oos:code>37246804001</oos:code><oos:name>село Вилкино</oos:name><oos:OKTMOCode>37646404101</oos:OKTMOCode><oos:registerName>с Вилкино</oos:registerName><oos:actual>true</oos:actual></nsiOKTMOPPO><nsiOKTMOPPO><oos:code>37246824012</oos:code><oos:name>деревня Пичевка</oos:name><oos:OKTMOCode>37646424123</oos:OKTMOCode><oos:registerName>д Пичевка</oos:registerName><oos:actual>true</oos:actual></nsiOKTMOPPO><nsiOKTMOPPO><oos:code>37240832003</oos:code><oos:name>деревня Поротова</oos:name><oos:OKTMOCode>37640432111</oos:OKTMOCode><oos:registerName>д Поротова</oos:registerName><oos:actual>true</oos:actual></nsiOKTMOPPO><nsiOKTMOPPO><oos:code>37246844008</oos:code><oos:name>поселок Чинеевский Участок</oos:name><oos:OKTMOCode>37646444131</oos:OKTMOCode><oos:registerName>п Чинеевский Участок</oos:registerName><oos:actual>true</oos:actual></nsiOKTMOPPO><nsiOKTMOPPO><oos:code>37246836006</oos:code><oos:name>деревня Острова</oos:name><oos:OKTMOCode>37646436126</oos:OKTMOCode><oos:registerName>д Острова</oos:registerName><oos:actual>true</oos:actual></nsiOKTMOPPO><nsiOKTMOPPO><oos:code>37240828001</oos:code><oos:name>село Кодское</oos:name><oos:OKTMOCode>37640428101</oos:OKTMOCode><oos:registerName>с Кодское</oos:registerName><oos:actual>true</oos:actual></nsiOKTMOPPO><nsiOKTMOPPO><oos:code>37240860003</oos:code><oos:name>деревня Коршунова</oos:name><oos:OKTMOCode>37640460111</oos:OKTMOCode><oos:registerName>д Коршунова</oos:registerName><oos:actual>true</oos:actual></nsiOKTMOPPO><nsiOKTMOPPO><oos:code>71166000027</oos:code><oos:name>деревня Ямгорт</oos:name><oos:OKTMOCode>71926418126</oos:OKTMOCode><oos:registerName>д Ямгорт</oos:registerName><oos:actual>true</oos:actual></nsiOKTMOPPO><nsiOKTMOPPO><oos:code>37246820003</oos:code><oos:name>деревня Крутоярка</oos:name><oos:OKTMOCode>37646420111</oos:OKTMOCode><oos:registerName>д Крутоярка</oos:registerName><oos:actual>true</oos:actual></nsiOKTMOPPO><nsiOKTMOPPO><oos:code>37238845001</oos:code><oos:name>село Мальцево</oos:name><oos:OKTMOCode>37638445101</oos:OKTMOCode><oos:registerName>с Мальцево</oos:registerName><oos:actual>true</oos:actual></nsiOKTMOPPO><nsiOKTMOPPO><oos:code>37246812004</oos:code><oos:name>деревня Красикова</oos:name><oos:OKTMOCode>37646412116</oos:OKTMOCode><oos:registerName>д Красикова</oos:registerName><oos:actual>true</oos:actual></nsiOKTMOPPO><nsiOKTMOPPO><oos:code>71178000000</oos:code><oos:name>город Ноябрьск</oos:name><oos:OKTMOCode>71958000001</oos:OKTMOCode><oos:registerName>г Ноябрьск</oos:registerName><oos:actual>true</oos:actual></nsiOKTMOPPO><nsiOKTMOPPO><oos:code>71156000009</oos:code><oos:name>поселок Ямбург</oos:name><oos:OKTMOCode>71936000141</oos:OKTMOCode><oos:registerName>п Ямбург</oos:registerName><oos:actual>true</oos:actual></nsiOKTMOPPO><nsiOKTMOPPO><oos:code>37401000000</oos:code><oos:name>город Курган</oos:name><oos:OKTMOCode>37701000001</oos:OKTMOCode><oos:registerName>г Курган</oos:registerName><oos:actual>true</oos:actual></nsiOKTMOPPO><nsiOKTMOPPO><oos:code>37246551002</oos:code><oos:name>поселок Нива</oos:name><oos:OKTMOCode>37646151111</oos:OKTMOCode><oos:registerName>п Нива</oos:registerName><oos:actual>true</oos:actual></nsiOKTMOPPO><nsiOKTMOPPO><oos:code>37240812002</oos:code><oos:name>деревня Каширцево</oos:name><oos:OKTMOCode>37640412106</oos:OKTMOCode><oos:registerName>д Каширцево</oos:registerName><oos:actual>true</oos:actual></nsiOKTMOPPO><nsiOKTMOPPO><oos:code>37244822001</oos:code><oos:name>село Медведское</oos:name><oos:OKTMOCode>37644422101</oos:OKTMOCode><oos:registerName>с Медведское</oos:registerName><oos:actual>true</oos:actual></nsiOKTMOPPO><nsiOKTMOPPO><oos:code>71163000001</oos:code><oos:name>поселок Тазовский</oos:name><oos:OKTMOCode>71943000101</oos:OKTMOCode><oos:registerName>п Тазовский</oos:registerName><oos:actual>true</oos:actual></nsiOKTMOPPO><nsiOKTMOPPO><oos:code>37240860004</oos:code><oos:name>деревня Мурашова</oos:name><oos:OKTMOCode>37640460116</oos:OKTMOCode><oos:registerName>д Мурашова</oos:registerName><oos:actual>true</oos:actual></nsiOKTMOPPO><nsiOKTMOPPO><oos:code>71166000018</oos:code><oos:name>село Питляр</oos:name><oos:OKTMOCode>71926415101</oos:OKTMOCode><oos:registerName>с Питляр</oos:registerName><oos:actual>true</oos:actual></nsiOKTMOPPO><nsiOKTMOPPO><oos:code>37246551001</oos:code><oos:name>деревня Ильинка</oos:name><oos:OKTMOCode>37646151106</oos:OKTMOCode><oos:registerName>д Ильинка</oos:registerName><oos:actual>true</oos:actual></nsiOKTMOPPO><nsiOKTMOPPO><oos:code>37238886001</oos:code><oos:name>село Тарасова</oos:name><oos:OKTMOCode>37638486101</oos:OKTMOCode><oos:registerName>с Тарасова</oos:registerName><oos:actual>true</oos:actual></nsiOKTMOPPO><nsiOKTMOPPO><oos:code>37244838002</oos:code><oos:name>деревня Куликово</oos:name><oos:OKTMOCode>37644438106</oos:OKTMOCode><oos:registerName>д Куликово</oos:registerName><oos:actual>true</oos:actual></nsiOKTMOPPO><nsiOKTMOPPO><oos:code>37246804003</oos:code><oos:name>деревня Маяк</oos:name><oos:OKTMOCode>37646404111</oos:OKTMOCode><oos:registerName>д Маяк</oos:registerName><oos:actual>true</oos:actual></nsiOKTMOPPO><nsiOKTMOPPO><oos:code>71158651000</oos:code><oos:name>поселок городского типа Харп</oos:name><oos:OKTMOCode>71918169051</oos:OKTMOCode><oos:registerName>пгт Харп</oos:registerName><oos:actual>true</oos:actual></nsiOKTMOPPO><nsiOKTMOPPO><oos:code>37246844005</oos:code><oos:name>деревня Патракова</oos:name><oos:OKTMOCode>37646444116</oos:OKTMOCode><oos:registerName>д Патракова</oos:registerName><oos:actual>true</oos:actual></nsiOKTMOPPO><nsiOKTMOPPO><oos:code>37240840001</oos:code><oos:name>село Мехонское</oos:name><oos:OKTMOCode>37640440101</oos:OKTMOCode><oos:registerName>с Мехонское</oos:registerName><oos:actual>true</oos:actual></nsiOKTMOPPO><nsiOKTMOPPO><oos:code>37238820001</oos:code><oos:name>село Демино</oos:name><oos:OKTMOCode>37638420101</oos:OKTMOCode><oos:registerName>с Демино</oos:registerName><oos:actual>true</oos:actual></nsiOKTMOPPO><nsiOKTMOPPO><oos:code>71166000015</oos:code><oos:name>деревня Новый Киеват</oos:name><oos:OKTMOCode>71926412106</oos:OKTMOCode><oos:registerName>д Новый Киеват</oos:registerName><oos:actual>true</oos:actual></nsiOKTMOPPO><nsiOKTMOPPO><oos:code>37240864002</oos:code><oos:name>деревня Антрак</oos:name><oos:OKTMOCode>37640464106</oos:OKTMOCode><oos:registerName>д Антрак</oos:registerName><oos:actual>true</oos:actual></nsiOKTMOPPO><nsiOKTMOPPO><oos:code>71166000026</oos:code><oos:name>село Шурышкары</oos:name><oos:OKTMOCode>71926421101</oos:OKTMOCode><oos:registerName>с Шурышкары</oos:registerName><oos:actual>true</oos:actual></nsiOKTMOPPO><nsiOKTMOPPO><oos:code>37246820002</oos:code><oos:name>деревня Елизаветинка</oos:name><oos:OKTMOCode>37646420106</oos:OKTMOCode><oos:registerName>д Елизаветинка</oos:registerName><oos:actual>true</oos:actual></nsiOKTMOPPO><nsiOKTMOPPO><oos:code>37244832002</oos:code><oos:name>деревня Архипово</oos:name><oos:OKTMOCode>37644432106</oos:OKTMOCode><oos:registerName>д Архипово</oos:registerName><oos:actual>true</oos:actual></nsiOKTMOPPO><nsiOKTMOPPO><oos:code>37244852004</oos:code><oos:name>поселок Снегири</oos:name><oos:OKTMOCode>37644452116</oos:OKTMOCode><oos:registerName>п Снегири</oos:registerName><oos:actual>true</oos:actual></nsiOKTMOPPO><nsiOKTMOPPO><oos:code>37246824008</oos:code><oos:name>деревня Шемелино</oos:name><oos:OKTMOCode>37646424136</oos:OKTMOCode><oos:registerName>д Шемелино</oos:registerName><oos:actual>true</oos:actual></nsiOKTMOPPO><nsiOKTMOPPO><oos:code>37240824001</oos:code><oos:name>село Камышевка</oos:name><oos:OKTMOCode>37640424101</oos:OKTMOCode><oos:registerName>с Камышевка</oos:registerName><oos:actual>true</oos:actual></nsiOKTMOPPO><nsiOKTMOPPO><oos:code>37232828001</oos:code><oos:name>село Сафакулево</oos:name><oos:OKTMOCode>37632428101</oos:OKTMOCode><oos:registerName>с Сафакулево</oos:registerName><oos:actual>true</oos:actual></nsiOKTMOPPO><nsiOKTMOPPO><oos:code>37246816002</oos:code><oos:name>деревня Барановка</oos:name><oos:OKTMOCode>37646416106</oos:OKTMOCode><oos:registerName>д Барановка</oos:registerName><oos:actual>true</oos:actual></nsiOKTMOPPO><nsiOKTMOPPO><oos:code>37244820001</oos:code><oos:name>село Майка</oos:name><oos:OKTMOCode>37644420101</oos:OKTMOCode><oos:registerName>с Майка</oos:registerName><oos:actual>true</oos:actual></nsiOKTMOPPO><nsiOKTMOPPO><oos:code>71156000008</oos:code><oos:name>поселок Ягельный</oos:name><oos:OKTMOCode>71936000136</oos:OKTMOCode><oos:registerName>п Ягельный</oos:registerName><oos:actual>true</oos:actual></nsiOKTMOPPO><nsiOKTMOPPO><oos:code>37240804001</oos:code><oos:name>село Барино</oos:name><oos:OKTMOCode>37640404101</oos:OKTMOCode><oos:registerName>с Барино</oos:registerName><oos:actual>true</oos:actual></nsiOKTMOPPO><nsiOKTMOPPO><oos:code>37236816001</oos:code><oos:name>село Долгие</oos:name><oos:OKTMOCode>37636416101</oos:OKTMOCode><oos:registerName>с Долгие</oos:registerName><oos:actual>true</oos:actual></nsiOKTMOPPO><nsiOKTMOPPO><oos:code>37238875001</oos:code><oos:name>село Погорелка</oos:name><oos:OKTMOCode>37638475101</oos:OKTMOCode><oos:registerName>с Погорелка</oos:registerName><oos:actual>true</oos:actual></nsiOKTMOPPO><nsiOKTMOPPO><oos:code>71175000000</oos:code><oos:name>город Муравленко</oos:name><oos:OKTMOCode>71955000001</oos:OKTMOCode><oos:registerName>г Муравленко</oos:registerName><oos:actual>true</oos:actual></nsiOKTMOPPO><nsiOKTMOPPO><oos:code>71156000005</oos:code><oos:name>село Ныда</oos:name><oos:OKTMOCode>71936000121</oos:OKTMOCode><oos:registerName>с Ныда</oos:registerName><oos:actual>true</oos:actual></nsiOKTMOPPO><nsiOKTMOPPO><oos:code>37238845002</oos:code><oos:name>деревня Дрянново</oos:name><oos:OKTMOCode>37638445106</oos:OKTMOCode><oos:registerName>д Дрянново</oos:registerName><oos:actual>true</oos:actual></nsiOKTMOPPO><nsiOKTMOPPO><oos:code>37238814003</oos:code><oos:name>деревня Иванищевское</oos:name><oos:OKTMOCode>37638414111</oos:OKTMOCode><oos:registerName>д Иванищевское</oos:registerName><oos:actual>true</oos:actual></nsiOKTMOPPO><nsiOKTMOPPO><oos:code>37232832003</oos:code><oos:name>деревня Сокольники</oos:name><oos:OKTMOCode>37632432111</oos:OKTMOCode><oos:registerName>д Сокольники</oos:registerName><oos:actual>true</oos:actual></nsiOKTMOPPO><nsiOKTMOPPO><oos:code>71160000006</oos:code><oos:name>село Толька</oos:name><oos:OKTMOCode>71940000126</oos:OKTMOCode><oos:registerName>с Толька</oos:registerName><oos:actual>true</oos:actual></nsiOKTMOPPO><nsiOKTMOPPO><oos:code>37238858001</oos:code><oos:name>село Нижнеполевское</oos:name><oos:OKTMOCode>37638458101</oos:OKTMOCode><oos:registerName>с Нижнеполевское</oos:registerName><oos:actual>true</oos:actual></nsiOKTMOPPO><nsiOKTMOPPO><oos:code>37244840001</oos:code><oos:name>село Пуктыш</oos:name><oos:OKTMOCode>37644440101</oos:OKTMOCode><oos:registerName>с Пуктыш</oos:registerName><oos:actual>true</oos:actual></nsiOKTMOPPO><nsiOKTMOPPO><oos:code>37244832004</oos:code><oos:name>деревня Ушаково</oos:name><oos:OKTMOCode>37644432116</oos:OKTMOCode><oos:registerName>д Ушаково</oos:registerName><oos:actual>true</oos:actual></nsiOKTMOPPO><nsiOKTMOPPO><oos:code>37240840002</oos:code><oos:name>деревня Ближняя Кубасова</oos:name><oos:OKTMOCode>37640440106</oos:OKTMOCode><oos:registerName>д Ближняя Кубасова</oos:registerName><oos:actual>true</oos:actual></nsiOKTMOPPO><nsiOKTMOPPO><oos:code>71158000009</oos:code><oos:name>село Халасьпугор</oos:name><oos:OKTMOCode>71918403136</oos:OKTMOCode><oos:registerName>с Халасьпугор</oos:registerName><oos:actual>true</oos:actual></nsiOKTMOPPO><nsiOKTMOPPO><oos:code>37244852005</oos:code><oos:name>деревня Советская</oos:name><oos:OKTMOCode>37644452121</oos:OKTMOCode><oos:registerName>д Советская</oos:registerName><oos:actual>true</oos:actual></nsiOKTMOPPO><nsiOKTMOPPO><oos:code>37240844001</oos:code><oos:name>село Мостовское</oos:name><oos:OKTMOCode>37640444101</oos:OKTMOCode><oos:registerName>с Мостовское</oos:registerName><oos:actual>true</oos:actual></nsiOKTMOPPO><nsiOKTMOPPO><oos:code>37246824004</oos:code><oos:name>деревня Ложкина</oos:name><oos:OKTMOCode>37646424116</oos:OKTMOCode><oos:registerName>д Ложкина</oos:registerName><oos:actual>true</oos:actual></nsiOKTMOPPO><nsiOKTMOPPO><oos:code>37238820002</oos:code><oos:name>деревня Ельничная</oos:name><oos:OKTMOCode>37638420106</oos:OKTMOCode><oos:registerName>д Ельничная</oos:registerName><oos:actual>true</oos:actual></nsiOKTMOPPO><nsiOKTMOPPO><oos:code>37246836002</oos:code><oos:name>деревня Вохменка</oos:name><oos:OKTMOCode>37646436106</oos:OKTMOCode><oos:registerName>д Вохменка</oos:registerName><oos:actual>true</oos:actual></nsiOKTMOPPO><nsiOKTMOPPO><oos:code>71168000003</oos:code><oos:name>село Новый Порт</oos:name><oos:OKTMOCode>71928414101</oos:OKTMOCode><oos:registerName>с Новый Порт</oos:registerName><oos:actual>true</oos:actual></nsiOKTMOPPO><nsiOKTMOPPO><oos:code>37246816001</oos:code><oos:name>село Караси</oos:name><oos:OKTMOCode>37646416101</oos:OKTMOCode><oos:registerName>с Караси</oos:registerName><oos:actual>true</oos:actual></nsiOKTMOPPO><nsiOKTMOPPO><oos:code>37246824013</oos:code><oos:name>деревня Плотникова</oos:name><oos:OKTMOCode>37646424125</oos:OKTMOCode><oos:registerName>д Плотникова</oos:registerName><oos:actual>true</oos:actual></nsiOKTMOPPO><nsiOKTMOPPO><oos:code>71168000009</oos:code><oos:name>деревня Тамбей</oos:name><oos:OKTMOCode>71928701902</oos:OKTMOCode><oos:registerName>д Тамбей</oos:registerName><oos:actual>true</oos:actual></nsiOKTMOPPO><nsiOKTMOPPO><oos:code>37244824003</oos:code><oos:name>деревня Мурашово</oos:name><oos:OKTMOCode>37644424111</oos:OKTMOCode><oos:registerName>д Мурашово</oos:registerName><oos:actual>true</oos:actual></nsiOKTMOPPO><nsiOKTMOPPO><oos:code>37246551003</oos:code><oos:name>поселок Новый Мир</oos:name><oos:OKTMOCode>37646151116</oos:OKTMOCode><oos:registerName>п Новый Мир</oos:registerName><oos:actual>true</oos:actual></nsiOKTMOPPO><nsiOKTMOPPO><oos:code>37240860001</oos:code><oos:name>село Терсюкское</oos:name><oos:OKTMOCode>37640460101</oos:OKTMOCode><oos:registerName>с Терсюкское</oos:registerName><oos:actual>true</oos:actual></nsiOKTMOPPO><nsiOKTMOPPO><oos:code>37240844005</oos:code><oos:name>деревня Чуварина</oos:name><oos:OKTMOCode>37640444121</oos:OKTMOCode><oos:registerName>д Чуварина</oos:registerName><oos:actual>true</oos:actual></nsiOKTMOPPO><nsiOKTMOPPO><oos:code>71166000010</oos:code><oos:name>деревня Казым-Мыс</oos:name><oos:OKTMOCode>71926409106</oos:OKTMOCode><oos:registerName>д Казым-Мыс</oos:registerName><oos:actual>true</oos:actual></nsiOKTMOPPO><nsiOKTMOPPO><oos:code>71158000001</oos:code><oos:name>село Аксарка</oos:name><oos:OKTMOCode>71918403101</oos:OKTMOCode><oos:registerName>с Аксарка</oos:registerName><oos:actual>true</oos:actual></nsiOKTMOPPO><nsiOKTMOPPO><oos:code>37246828001</oos:code><oos:name>село Красный Уралец</oos:name><oos:OKTMOCode>37646428101</oos:OKTMOCode><oos:registerName>с Красный Уралец</oos:registerName><oos:actual>true</oos:actual></nsiOKTMOPPO><nsiOKTMOPPO><oos:code>37240836001</oos:code><oos:name>село Кызылбай</oos:name><oos:OKTMOCode>37640436101</oos:OKTMOCode><oos:registerName>с Кызылбай</oos:registerName><oos:actual>true</oos:actual></nsiOKTMOPPO><nsiOKTMOPPO><oos:code>71176000000</oos:code><oos:name>город Новый Уренгой</oos:name><oos:OKTMOCode>71956000001</oos:OKTMOCode><oos:registerName>г Новый Уренгой</oos:registerName><oos:actual>true</oos:actual></nsiOKTMOPPO><nsiOKTMOPPO><oos:code>37246836003</oos:code><oos:name>деревня Ик</oos:name><oos:OKTMOCode>37646436111</oos:OKTMOCode><oos:registerName>д Ик</oos:registerName><oos:actual>true</oos:actual></nsiOKTMOPPO><nsiOKTMOPPO><oos:code>71166000009</oos:code><oos:name>деревня Ишвары</oos:name><oos:OKTMOCode>71926403106</oos:OKTMOCode><oos:registerName>д Ишвары</oos:registerName><oos:actual>true</oos:actual></nsiOKTMOPPO><nsiOKTMOPPO><oos:code>37238892003</oos:code><oos:name>деревня Комария</oos:name><oos:OKTMOCode>37638492111</oos:OKTMOCode><oos:registerName>д Комария</oos:registerName><oos:actual>true</oos:actual></nsiOKTMOPPO><nsiOKTMOPPO><oos:code>37244848002</oos:code><oos:name>поселок Курорт Озеро</oos:name><oos:OKTMOCode>37644448106</oos:OKTMOCode><oos:registerName>п Курорт Озеро</oos:registerName><oos:actual>true</oos:actual></nsiOKTMOPPO><nsiOKTMOPPO><oos:code>71158000008</oos:code><oos:name>поселок Товопогол</oos:name><oos:OKTMOCode>71918403111</oos:OKTMOCode><oos:registerName>п Товопогол</oos:registerName><oos:actual>true</oos:actual></nsiOKTMOPPO><nsiOKTMOPPO><oos:code>71163000004</oos:code><oos:name>село Гыда</oos:name><oos:OKTMOCode>71943000116</oos:OKTMOCode><oos:registerName>с Гыда</oos:registerName><oos:actual>true</oos:actual></nsiOKTMOPPO><nsiOKTMOPPO><oos:code>37240812003</oos:code><oos:name>деревня Лукина</oos:name><oos:OKTMOCode>37640412111</oos:OKTMOCode><oos:registerName>д Лукина</oos:registerName><oos:actual>true</oos:actual></nsiOKTMOPPO><nsiOKTMOPPO><oos:code>71163000009</oos:code><oos:name>деревня Юрибей</oos:name><oos:OKTMOCode>71943000141</oos:OKTMOCode><oos:registerName>д Юрибей</oos:registerName><oos:actual>true</oos:actual></nsiOKTMOPPO></nsiOKTMOPPOList></export>