<?xml version="1.0" encoding="UTF-8"?><export xmlns:xsi="http://www.w3.org/2001/XMLSchema-instance" xmlns="http://zakupki.gov.ru/oos/export/1" xmlns:oos="http://zakupki.gov.ru/oos/types/1"><nsiControl99Subjects><nsiControl99Subject><oos:id>9515191</oos:id><oos:controlAuthorityInfo><oos:regNum>01731000006</oos:regNum><oos:consRegistryNum>00132269</oos:consRegistryNum><oos:fullName>УПРАВЛЕНИЕ ФЕДЕРАЛЬНОГО КАЗНАЧЕЙСТВА ПО Г. МОСКВЕ</oos:fullName><oos:INN>7725074789</oos:INN><oos:KPP>772501001</oos:KPP></oos:controlAuthorityInfo><oos:customerInfo><oos:regNum>01734000010</oos:regNum><oos:consRegistryNum>00155037</oos:consRegistryNum><oos:fullName>ЛИНЕЙНОЕ УПРАВЛЕНИЕ МИНИСТЕРСТВА ВНУТРЕННИХ ДЕЛ РОССИЙСКОЙ ФЕДЕРАЦИИ НА СТАНЦИИ МОСКВА-ЯРОСЛАВСКАЯ</oos:fullName><oos:INN>7708731561</oos:INN><oos:KPP>770843003</oos:KPP><oos:OKTMO><oos:code>45378000</oos:code><oos:name>муниципальный округ Красносельский</oos:name></oos:OKTMO></oos:customerInfo><oos:personalAccount>03731550370</oos:personalAccount><oos:subjectType>TOFK_SUBJECT</oos:subjectType><oos:status>CREATED</oos:status></nsiControl99Subject><nsiControl99Subject><oos:id>9515192</oos:id><oos:controlAuthorityInfo><oos:regNum>01731000006</oos:regNum><oos:consRegistryNum>00132269</oos:consRegistryNum><oos:fullName>УПРАВЛЕНИЕ ФЕДЕРАЛЬНОГО КАЗНАЧЕЙСТВА ПО Г. МОСКВЕ</oos:fullName><oos:INN>7725074789</oos:INN><oos:KPP>772501001</oos:KPP></oos:controlAuthorityInfo><oos:customerInfo><oos:regNum>01954000004</oos:regNum><oos:consRegistryNum>00100073</oos:consRegistryNum><oos:fullName>МИНИСТЕРСТВО ПРОСВЕЩЕНИЯ РОССИЙСКОЙ ФЕДЕРАЦИИ</oos:fullName><oos:INN>7707418081</oos:INN><oos:KPP>770701001</oos:KPP><oos:OKTMO><oos:code>45382000</oos:code><oos:name>муниципальный округ Тверской</oos:name></oos:OKTMO></oos:customerInfo><oos:personalAccount>14731004410</oos:personalAccount><oos:subjectType>TOFK_SUBJECT</oos:subjectType><oos:status>CREATED</oos:status></nsiControl99Subject><nsiControl99Subject><oos:id>9515193</oos:id><oos:controlAuthorityInfo><oos:regNum>01731000006</oos:regNum><oos:consRegistryNum>00132269</oos:consRegistryNum><oos:fullName>УПРАВЛЕНИЕ ФЕДЕРАЛЬНОГО КАЗНАЧЕЙСТВА ПО Г. МОСКВЕ</oos:fullName><oos:INN>7725074789</oos:INN><oos:KPP>772501001</oos:KPP></oos:controlAuthorityInfo><oos:customerInfo><oos:regNum>03734000014</oos:regNum><oos:consRegistryNum>001Ш1376</oos:consRegistryNum><oos:fullName>МОСКОВСКИЙ ФИЛИАЛ ФЕДЕРАЛЬНОГО ГОСУДАРСТВЕННОГО БЮДЖЕТНОГО НАУЧНОГО УЧРЕЖДЕНИЯ &quot;РОССИЙСКИЙ НАУЧНО-ИССЛЕДОВАТЕЛЬСКИЙ ИНСТИТУТ ИНФОРМАЦИИ И ТЕХНИКО-ЭКОНОМИЧЕСКИХ ИССЛЕДОВАНИЙ ПО ИНЖЕНЕРНО-ТЕХНИЧЕСКОМУ ОБЕСПЕЧЕНИЮ АГРОПРОМЫШЛЕННОГО КОМПЛЕКСА (НПЦ &quot;ГИПРОНИСЕЛЬХОЗ&quot;)</oos:fullName><oos:INN>5038001475</oos:INN><oos:KPP>771843002</oos:KPP><oos:OKTMO><oos:code>45315000</oos:code><oos:name>муниципальный округ Сокольники</oos:name></oos:OKTMO></oos:customerInfo><oos:subjectType>TOFK_SUBJECT</oos:subjectType><oos:status>CREATED</oos:status></nsiControl99Subject><nsiControl99Subject><oos:id>9515194</oos:id><oos:controlAuthorityInfo><oos:regNum>01731000006</oos:regNum><oos:consRegistryNum>00132269</oos:consRegistryNum><oos:fullName>УПРАВЛЕНИЕ ФЕДЕРАЛЬНОГО КАЗНАЧЕЙСТВА ПО Г. МОСКВЕ</oos:fullName><oos:INN>7725074789</oos:INN><oos:KPP>772501001</oos:KPP></oos:controlAuthorityInfo><oos:customerInfo><oos:regNum>03731001152</oos:regNum><oos:consRegistryNum>001X7270</oos:consRegistryNum><oos:fullName>ФЕДЕРАЛЬНОЕ ГОСУДАРСТВЕННОЕ БЮДЖЕТНОЕ УЧРЕЖДЕНИЕ КУЛЬТУРЫ &quot;АГЕНТСТВО ПО УПРАВЛЕНИЮ И ИСПОЛЬЗОВАНИЮ ПАМЯТНИКОВ ИСТОРИИ И КУЛЬТУРЫ&quot;</oos:fullName><oos:INN>7705395248</oos:INN><oos:KPP>771001001</oos:KPP><oos:OKTMO><oos:code>45382000</oos:code><oos:name>муниципальный округ Тверской</oos:name></oos:OKTMO></oos:customerInfo><oos:subjectType>TOFK_SUBJECT</oos:subjectType><oos:status>CREATED</oos:status></nsiControl99Subject><nsiControl99Subject><oos:id>9515195</oos:id><oos:controlAuthorityInfo><oos:regNum>01731000006</oos:regNum><oos:consRegistryNum>00132269</oos:consRegistryNum><oos:fullName>УПРАВЛЕНИЕ ФЕДЕРАЛЬНОГО КАЗНАЧЕЙСТВА ПО Г. МОСКВЕ</oos:fullName><oos:INN>7725074789</oos:INN><oos:KPP>772501001</oos:KPP></oos:controlAuthorityInfo><oos:customerInfo><oos:regNum>01731000086</oos:regNum><oos:consRegistryNum>00100139</oos:consRegistryNum><oos:fullName>МИНИСТЕРСТВО ЭКОНОМИЧЕСКОГО РАЗВИТИЯ РОССИЙСКОЙ ФЕДЕРАЦИИ</oos:fullName><oos:INN>7710349494</oos:INN><oos:KPP>770301001</oos:KPP><oos:OKTMO><oos:code>45380000</oos:code><oos:name>муниципальный округ Пресненский</oos:name></oos:OKTMO></oos:customerInfo><oos:personalAccount>14731000790</oos:personalAccount><oos:subjectType>TOFK_SUBJECT</oos:subjectType><oos:status>CREATED</oos:status></nsiControl99Subject><nsiControl99Subject><oos:id>9515196</oos:id><oos:controlAuthorityInfo><oos:regNum>01731000006</oos:regNum><oos:consRegistryNum>00132269</oos:consRegistryNum><oos:fullName>УПРАВЛЕНИЕ ФЕДЕРАЛЬНОГО КАЗНАЧЕЙСТВА ПО Г. МОСКВЕ</oos:fullName><oos:INN>7725074789</oos:INN><oos:KPP>772501001</oos:KPP></oos:controlAuthorityInfo><oos:customerInfo><oos:regNum>03731000106</oos:regNum><oos:consRegistryNum>00145251</oos:consRegistryNum><oos:fullName>УПРАВЛЕНИЕ ВНУТРЕННИХ ДЕЛ ПО ЮГО-ЗАПАДНОМУ АДМИНИСТРАТИВНОМУ ОКРУГУ ГЛАВНОГО УПРАВЛЕНИЯ МИНИСТЕРСТВА ВНУТРЕННИХ ДЕЛ РОССИЙСКОЙ ФЕДЕРАЦИИ ПО ГОРОДУ МОСКВЕ</oos:fullName><oos:INN>7727060703</oos:INN><oos:KPP>772701001</oos:KPP><oos:OKTMO><oos:code>45397000</oos:code><oos:name>муниципальный округ Академический</oos:name></oos:OKTMO></oos:customerInfo><oos:personalAccount>03731452510</oos:personalAccount><oos:subjectType>TOFK_SUBJECT</oos:subjectType><oos:status>CREATED</oos:status></nsiControl99Subject><nsiControl99Subject><oos:id>9515197</oos:id><oos:controlAuthorityInfo><oos:regNum>01731000006</oos:regNum><oos:consRegistryNum>00132269</oos:consRegistryNum><oos:fullName>УПРАВЛЕНИЕ ФЕДЕРАЛЬНОГО КАЗНАЧЕЙСТВА ПО Г. МОСКВЕ</oos:fullName><oos:INN>7725074789</oos:INN><oos:KPP>772501001</oos:KPP></oos:controlAuthorityInfo><oos:customerInfo><oos:regNum>03731000539</oos:regNum><oos:consRegistryNum>001В6114</oos:consRegistryNum><oos:fullName>ФЕДЕРАЛЬНОЕ ГОСУДАРСТВЕННОЕ АВТОНОМНОЕ ОБРАЗОВАТЕЛЬНОЕ УЧРЕЖДЕНИЕ ДОПОЛНИТЕЛЬНОГО ПРОФЕССИОНАЛЬНОГО ОБРАЗОВАНИЯ &quot;ГОСУДАРСТВЕННЫЙ ИНСТИТУТ НОВЫХ ФОРМ ОБУЧЕНИЯ&quot;</oos:fullName><oos:INN>7725045717</oos:INN><oos:KPP>772501001</oos:KPP><oos:OKTMO><oos:code>45914000</oos:code><oos:name>муниципальный округ Даниловский</oos:name></oos:OKTMO></oos:customerInfo><oos:subjectType>TOFK_SUBJECT</oos:subjectType><oos:status>CREATED</oos:status></nsiControl99Subject><nsiControl99Subject><oos:id>9515198</oos:id><oos:controlAuthorityInfo><oos:regNum>01731000006</oos:regNum><oos:consRegistryNum>00132269</oos:consRegistryNum><oos:fullName>УПРАВЛЕНИЕ ФЕДЕРАЛЬНОГО КАЗНАЧЕЙСТВА ПО Г. МОСКВЕ</oos:fullName><oos:INN>7725074789</oos:INN><oos:KPP>772501001</oos:KPP></oos:controlAuthorityInfo><oos:customerInfo><oos:regNum>03731000820</oos:regNum><oos:consRegistryNum>001X7303</oos:consRegistryNum><oos:fullName>ФЕДЕРАЛЬНОЕ ГОСУДАРСТВЕННОЕ БЮДЖЕТНОЕ НАУЧНОЕ УЧРЕЖДЕНИЕ &quot;ИССЛЕДОВАТЕЛЬСКИЙ ЦЕНТР ЧАСТНОГО ПРАВА ИМЕНИ С.С. АЛЕКСЕЕВА ПРИ ПРЕЗИДЕНТЕ РОССИЙСКОЙ ФЕДЕРАЦИИ&quot;</oos:fullName><oos:INN>7710021713</oos:INN><oos:KPP>771001001</oos:KPP><oos:OKTMO><oos:code>45382000</oos:code><oos:name>муниципальный округ Тверской</oos:name></oos:OKTMO></oos:customerInfo><oos:subjectType>TOFK_SUBJECT</oos:subjectType><oos:status>CREATED</oos:status></nsiControl99Subject><nsiControl99Subject><oos:id>9515199</oos:id><oos:controlAuthorityInfo><oos:regNum>01731000006</oos:regNum><oos:consRegistryNum>00132269</oos:consRegistryNum><oos:fullName>УПРАВЛЕНИЕ ФЕДЕРАЛЬНОГО КАЗНАЧЕЙСТВА ПО Г. МОСКВЕ</oos:fullName><oos:INN>7725074789</oos:INN><oos:KPP>772501001</oos:KPP></oos:controlAuthorityInfo><oos:customerInfo><oos:regNum>03731001341</oos:regNum><oos:consRegistryNum>001Э0958</oos:consRegistryNum><oos:fullName>ФЕДЕРАЛЬНОЕ ГОСУДАРСТВЕННОЕ БЮДЖЕТНОЕ НАУЧНОЕ УЧРЕЖДЕНИЕ &quot;ВСЕРОССИЙСКИЙ НАУЧНО-ИССЛЕДОВАТЕЛЬСКИЙ ИНСТИТУТ РЫБНОГО ХОЗЯЙСТВА И ОКЕАНОГРАФИИ&quot;</oos:fullName><oos:INN>7708245723</oos:INN><oos:KPP>770801001</oos:KPP><oos:OKTMO><oos:code>45378000</oos:code><oos:name>муниципальный округ Красносельский</oos:name></oos:OKTMO></oos:customerInfo><oos:subjectType>TOFK_SUBJECT</oos:subjectType><oos:status>CREATED</oos:status></nsiControl99Subject><nsiControl99Subject><oos:id>9515200</oos:id><oos:controlAuthorityInfo><oos:regNum>01731000006</oos:regNum><oos:consRegistryNum>00132269</oos:consRegistryNum><oos:fullName>УПРАВЛЕНИЕ ФЕДЕРАЛЬНОГО КАЗНАЧЕЙСТВА ПО Г. МОСКВЕ</oos:fullName><oos:INN>7725074789</oos:INN><oos:KPP>772501001</oos:KPP></oos:controlAuthorityInfo><oos:customerInfo><oos:regNum>03731000070</oos:regNum><oos:consRegistryNum>00145375</oos:consRegistryNum><oos:fullName>УПРАВЛЕНИЕ ВНУТРЕННИХ ДЕЛ ПО ЗАПАДНОМУ АДМИНИСТРАТИВНОМУ ОКРУГУ ГЛАВНОГО УПРАВЛЕНИЯ МИНИСТЕРСТВА ВНУТРЕННИХ ДЕЛ РОССИЙСКОЙ ФЕДЕРАЦИИ ПО ГОРОДУ МОСКВЕ</oos:fullName><oos:INN>7729148110</oos:INN><oos:KPP>772901001</oos:KPP><oos:OKTMO><oos:code>45325000</oos:code><oos:name>муниципальный округ Раменки</oos:name></oos:OKTMO></oos:customerInfo><oos:personalAccount>03731453750</oos:personalAccount><oos:subjectType>TOFK_SUBJECT</oos:subjectType><oos:status>CREATED</oos:status></nsiControl99Subject><nsiControl99Subject><oos:id>9515201</oos:id><oos:controlAuthorityInfo><oos:regNum>01731000006</oos:regNum><oos:consRegistryNum>00132269</oos:consRegistryNum><oos:fullName>УПРАВЛЕНИЕ ФЕДЕРАЛЬНОГО КАЗНАЧЕЙСТВА ПО Г. МОСКВЕ</oos:fullName><oos:INN>7725074789</oos:INN><oos:KPP>772501001</oos:KPP></oos:controlAuthorityInfo><oos:customerInfo><oos:regNum>03731001120</oos:regNum><oos:consRegistryNum>001Ц8547</oos:consRegistryNum><oos:fullName>ФЕДЕРАЛЬНОЕ ГОСУДАРСТВЕННОЕ БЮДЖЕТНОЕ УЧРЕЖДЕНИЕ НАУКИ ИНСТИТУТ ПРОБЛЕМ ПЕРЕДАЧИ ИНФОРМАЦИИ ИМ. А.А. ХАРКЕВИЧА РОССИЙСКОЙ АКАДЕМИИ НАУК</oos:fullName><oos:INN>7707020131</oos:INN><oos:KPP>770701001</oos:KPP><oos:OKTMO><oos:code>45382000</oos:code><oos:name>муниципальный округ Тверской</oos:name></oos:OKTMO></oos:customerInfo><oos:subjectType>TOFK_SUBJECT</oos:subjectType><oos:status>CREATED</oos:status></nsiControl99Subject><nsiControl99Subject><oos:id>9515202</oos:id><oos:controlAuthorityInfo><oos:regNum>01731000006</oos:regNum><oos:consRegistryNum>00132269</oos:consRegistryNum><oos:fullName>УПРАВЛЕНИЕ ФЕДЕРАЛЬНОГО КАЗНАЧЕЙСТВА ПО Г. МОСКВЕ</oos:fullName><oos:INN>7725074789</oos:INN><oos:KPP>772501001</oos:KPP></oos:controlAuthorityInfo><oos:customerInfo><oos:regNum>05731000253</oos:regNum><oos:consRegistryNum>001В0482</oos:consRegistryNum><oos:fullName>ФЕДЕРАЛЬНОЕ ГОСУДАРСТВЕННОЕ УНИТАРНОЕ ПРЕДПРИЯТИЕ &quot;МОСКОВСКИЙ ЭНДОКРИННЫЙ ЗАВОД&quot;</oos:fullName><oos:INN>7722059711</oos:INN><oos:KPP>772201001</oos:KPP><oos:OKTMO><oos:code>45392000</oos:code><oos:name>муниципальный округ Нижегородский</oos:name></oos:OKTMO></oos:customerInfo><oos:subjectType>TOFK_SUBJECT</oos:subjectType><oos:status>CREATED</oos:status></nsiControl99Subject><nsiControl99Subject><oos:id>9515203</oos:id><oos:controlAuthorityInfo><oos:regNum>01731000006</oos:regNum><oos:consRegistryNum>00132269</oos:consRegistryNum><oos:fullName>УПРАВЛЕНИЕ ФЕДЕРАЛЬНОГО КАЗНАЧЕЙСТВА ПО Г. МОСКВЕ</oos:fullName><oos:INN>7725074789</oos:INN><oos:KPP>772501001</oos:KPP></oos:controlAuthorityInfo><oos:customerInfo><oos:regNum>03731001014</oos:regNum><oos:consRegistryNum>001Ч8655</oos:consRegistryNum><oos:fullName>ФЕДЕРАЛЬНОЕ ГОСУДАРСТВЕННОЕ БЮДЖЕТНОЕ НАУЧНОЕ УЧРЕЖДЕНИЕ &quot;ИНСТИТУТ КОРРЕКЦИОННОЙ ПЕДАГОГИКИ РОССИЙСКОЙ АКАДЕМИИ ОБРАЗОВАНИЯ&quot;</oos:fullName><oos:INN>7704126919</oos:INN><oos:KPP>770401001</oos:KPP><oos:OKTMO><oos:code>45383000</oos:code><oos:name>муниципальный округ Хамовники</oos:name></oos:OKTMO></oos:customerInfo><oos:subjectType>TOFK_SUBJECT</oos:subjectType><oos:status>CREATED</oos:status></nsiControl99Subject><nsiControl99Subject><oos:id>9515204</oos:id><oos:controlAuthorityInfo><oos:regNum>01731000006</oos:regNum><oos:consRegistryNum>00132269</oos:consRegistryNum><oos:fullName>УПРАВЛЕНИЕ ФЕДЕРАЛЬНОГО КАЗНАЧЕЙСТВА ПО Г. МОСКВЕ</oos:fullName><oos:INN>7725074789</oos:INN><oos:KPP>772501001</oos:KPP></oos:controlAuthorityInfo><oos:customerInfo><oos:regNum>01731000172</oos:regNum><oos:consRegistryNum>00139909</oos:consRegistryNum><oos:fullName>ФЕДЕРАЛЬНОЕ КАЗЕННОЕ УЧРЕЖДЕНИЕ &quot;НАУЧНО-ИССЛЕДОВАТЕЛЬСКИЙ ИНСТИТУТ ФЕДЕРАЛЬНОЙ СЛУЖБЫ ИСПОЛНЕНИЯ НАКАЗАНИЙ&quot;</oos:fullName><oos:INN>7703230850</oos:INN><oos:KPP>774301001</oos:KPP><oos:OKTMO><oos:code>45336000</oos:code><oos:name>муниципальный округ Войковский</oos:name></oos:OKTMO></oos:customerInfo><oos:personalAccount>03731399090</oos:personalAccount><oos:subjectType>TOFK_SUBJECT</oos:subjectType><oos:status>CREATED</oos:status></nsiControl99Subject><nsiControl99Subject><oos:id>9515205</oos:id><oos:controlAuthorityInfo><oos:regNum>01731000006</oos:regNum><oos:consRegistryNum>00132269</oos:consRegistryNum><oos:fullName>УПРАВЛЕНИЕ ФЕДЕРАЛЬНОГО КАЗНАЧЕЙСТВА ПО Г. МОСКВЕ</oos:fullName><oos:INN>7725074789</oos:INN><oos:KPP>772501001</oos:KPP></oos:controlAuthorityInfo><oos:customerInfo><oos:regNum>01954000003</oos:regNum><oos:consRegistryNum>00100075</oos:consRegistryNum><oos:fullName>МИНИСТЕРСТВО НАУКИ И ВЫСШЕГО ОБРАЗОВАНИЯ РОССИЙСКОЙ ФЕДЕРАЦИИ</oos:fullName><oos:INN>9710062939</oos:INN><oos:KPP>771001001</oos:KPP><oos:OKTMO><oos:code>45382000</oos:code><oos:name>муниципальный округ Тверской</oos:name></oos:OKTMO></oos:customerInfo><oos:personalAccount>14731003880</oos:personalAccount><oos:subjectType>TOFK_SUBJECT</oos:subjectType><oos:status>CREATED</oos:status></nsiControl99Subject><nsiControl99Subject><oos:id>9515206</oos:id><oos:controlAuthorityInfo><oos:regNum>01731000006</oos:regNum><oos:consRegistryNum>00132269</oos:consRegistryNum><oos:fullName>УПРАВЛЕНИЕ ФЕДЕРАЛЬНОГО КАЗНАЧЕЙСТВА ПО Г. МОСКВЕ</oos:fullName><oos:INN>7725074789</oos:INN><oos:KPP>772501001</oos:KPP></oos:controlAuthorityInfo><oos:customerInfo><oos:regNum>03731000225</oos:regNum><oos:consRegistryNum>001X4337</oos:consRegistryNum><oos:fullName>ФЕДЕРАЛЬНОЕ ГОСУДАРСТВЕННОЕ БЮДЖЕТНОЕ ДОШКОЛЬНОЕ ОБРАЗОВАТЕЛЬНОЕ УЧРЕЖДЕНИЕ &quot;ЦЕНТР РАЗВИТИЯ РЕБЕНКА - ДЕТСКИЙ САД № 43&quot; УПРАВЛЕНИЯ ДЕЛАМИ ПРЕЗИДЕНТА РОССИЙСКОЙ ФЕДЕРАЦИИ</oos:fullName><oos:INN>7731114292</oos:INN><oos:KPP>773101001</oos:KPP><oos:OKTMO><oos:code>45320000</oos:code><oos:name>муниципальный округ Кунцево</oos:name></oos:OKTMO></oos:customerInfo><oos:subjectType>TOFK_SUBJECT</oos:subjectType><oos:status>CREATED</oos:status></nsiControl99Subject><nsiControl99Subject><oos:id>9515207</oos:id><oos:controlAuthorityInfo><oos:regNum>01731000006</oos:regNum><oos:consRegistryNum>00132269</oos:consRegistryNum><oos:fullName>УПРАВЛЕНИЕ ФЕДЕРАЛЬНОГО КАЗНАЧЕЙСТВА ПО Г. МОСКВЕ</oos:fullName><oos:INN>7725074789</oos:INN><oos:KPP>772501001</oos:KPP></oos:controlAuthorityInfo><oos:customerInfo><oos:regNum>08731000002</oos:regNum><oos:consRegistryNum>00145091</oos:consRegistryNum><oos:fullName>ИНСПЕКЦИЯ ФЕДЕРАЛЬНОЙ НАЛОГОВОЙ СЛУЖБЫ № 24 ПО Г. МОСКВЕ</oos:fullName><oos:INN>7724111558</oos:INN><oos:KPP>772401001</oos:KPP><oos:OKTMO><oos:code>45918000</oos:code><oos:name>муниципальный округ Нагатино-Садовники</oos:name></oos:OKTMO></oos:customerInfo><oos:personalAccount>03731450910</oos:personalAccount><oos:subjectType>TOFK_SUBJECT</oos:subjectType><oos:status>CREATED</oos:status></nsiControl99Subject><nsiControl99Subject><oos:id>9515208</oos:id><oos:controlAuthorityInfo><oos:regNum>01731000006</oos:regNum><oos:consRegistryNum>00132269</oos:consRegistryNum><oos:fullName>УПРАВЛЕНИЕ ФЕДЕРАЛЬНОГО КАЗНАЧЕЙСТВА ПО Г. МОСКВЕ</oos:fullName><oos:INN>7725074789</oos:INN><oos:KPP>772501001</oos:KPP></oos:controlAuthorityInfo><oos:customerInfo><oos:regNum>03731000969</oos:regNum><oos:consRegistryNum>00157553</oos:consRegistryNum><oos:fullName>ОПЕРАТИВНО-ПОИСКОВОЕ БЮРО МИНИСТЕРСТВА ВНУТРЕННИХ ДЕЛ РОССИЙСКОЙ ФЕДЕРАЦИИ</oos:fullName><oos:INN>7703133776</oos:INN><oos:KPP>770801001</oos:KPP><oos:OKTMO><oos:code>45379000</oos:code><oos:name>муниципальный округ Мещанский</oos:name></oos:OKTMO></oos:customerInfo><oos:personalAccount>03731575530</oos:personalAccount><oos:subjectType>TOFK_SUBJECT</oos:subjectType><oos:status>CREATED</oos:status></nsiControl99Subject><nsiControl99Subject><oos:id>9515209</oos:id><oos:controlAuthorityInfo><oos:regNum>01731000006</oos:regNum><oos:consRegistryNum>00132269</oos:consRegistryNum><oos:fullName>УПРАВЛЕНИЕ ФЕДЕРАЛЬНОГО КАЗНАЧЕЙСТВА ПО Г. МОСКВЕ</oos:fullName><oos:INN>7725074789</oos:INN><oos:KPP>772501001</oos:KPP></oos:controlAuthorityInfo><oos:customerInfo><oos:regNum>01954000003</oos:regNum><oos:consRegistryNum>00100075</oos:consRegistryNum><oos:fullName>МИНИСТЕРСТВО НАУКИ И ВЫСШЕГО ОБРАЗОВАНИЯ РОССИЙСКОЙ ФЕДЕРАЦИИ</oos:fullName><oos:INN>9710062939</oos:INN><oos:KPP>771001001</oos:KPP><oos:OKTMO><oos:code>45382000</oos:code><oos:name>муниципальный округ Тверской</oos:name></oos:OKTMO></oos:customerInfo><oos:personalAccount>14731004400</oos:personalAccount><oos:subjectType>TOFK_SUBJECT</oos:subjectType><oos:status>CREATED</oos:status></nsiControl99Subject><nsiControl99Subject><oos:id>9515210</oos:id><oos:controlAuthorityInfo><oos:regNum>01731000006</oos:regNum><oos:consRegistryNum>00132269</oos:consRegistryNum><oos:fullName>УПРАВЛЕНИЕ ФЕДЕРАЛЬНОГО КАЗНАЧЕЙСТВА ПО Г. МОСКВЕ</oos:fullName><oos:INN>7725074789</oos:INN><oos:KPP>772501001</oos:KPP></oos:controlAuthorityInfo><oos:customerInfo><oos:regNum>03483004218</oos:regNum><oos:consRegistryNum>453Ш6287</oos:consRegistryNum><oos:fullName>МУНИЦИПАЛЬНОЕ УЧРЕЖДЕНИЕ КУЛЬТУРЫ &quot;ДВОРЕЦ КУЛЬТУРЫ &quot;МОСКОВСКИЙ&quot;</oos:fullName><oos:INN>5003030700</oos:INN><oos:KPP>775101001</oos:KPP><oos:OKTMO><oos:code>45952000</oos:code><oos:name>поселение Московский</oos:name></oos:OKTMO></oos:customerInfo><oos:powersFOInfo><oos:regNum>01483000145</oos:regNum><oos:consRegistryNum>45383020</oos:consRegistryNum><oos:fullName>АДМИНИСТРАЦИЯ ПОСЕЛЕНИЯ МОСКОВСКИЙ</oos:fullName><oos:INN>5003057325</oos:INN><oos:KPP>775101001</oos:KPP></oos:powersFOInfo><oos:subjectType>POWERS_DELEGATED_TO_TOFK</oos:subjectType><oos:status>CREATED</oos:status></nsiControl99Subject><nsiControl99Subject><oos:id>9515211</oos:id><oos:controlAuthorityInfo><oos:regNum>01731000006</oos:regNum><oos:consRegistryNum>00132269</oos:consRegistryNum><oos:fullName>УПРАВЛЕНИЕ ФЕДЕРАЛЬНОГО КАЗНАЧЕЙСТВА ПО Г. МОСКВЕ</oos:fullName><oos:INN>7725074789</oos:INN><oos:KPP>772501001</oos:KPP></oos:controlAuthorityInfo><oos:customerInfo><oos:regNum>03731000093</oos:regNum><oos:consRegistryNum>001Ч8429</oos:consRegistryNum><oos:fullName>ФЕДЕРАЛЬНОЕ ГОСУДАРСТВЕННОЕ БЮДЖЕТНОЕ УЧРЕЖДЕНИЕ НАУКИ ИНСТИТУТ ПРИКЛАДНОЙ МЕХАНИКИ РОССИЙСКОЙ АКАДЕМИИ НАУК</oos:fullName><oos:INN>7736038013</oos:INN><oos:KPP>771401001</oos:KPP><oos:OKTMO><oos:code>45334000</oos:code><oos:name>муниципальный округ Беговой</oos:name></oos:OKTMO></oos:customerInfo><oos:subjectType>TOFK_SUBJECT</oos:subjectType><oos:status>CREATED</oos:status></nsiControl99Subject><nsiControl99Subject><oos:id>9515212</oos:id><oos:controlAuthorityInfo><oos:regNum>01731000006</oos:regNum><oos:consRegistryNum>00132269</oos:consRegistryNum><oos:fullName>УПРАВЛЕНИЕ ФЕДЕРАЛЬНОГО КАЗНАЧЕЙСТВА ПО Г. МОСКВЕ</oos:fullName><oos:INN>7725074789</oos:INN><oos:KPP>772501001</oos:KPP></oos:controlAuthorityInfo><oos:customerInfo><oos:regNum>01731000077</oos:regNum><oos:consRegistryNum>00100054</oos:consRegistryNum><oos:fullName>МИНИСТЕРСТВО КУЛЬТУРЫ РОССИЙСКОЙ ФЕДЕРАЦИИ</oos:fullName><oos:INN>7705851331</oos:INN><oos:KPP>770301001</oos:KPP><oos:OKTMO><oos:code>45382000</oos:code><oos:name>муниципальный округ Тверской</oos:name></oos:OKTMO></oos:customerInfo><oos:personalAccount>14731001580</oos:personalAccount><oos:subjectType>TOFK_SUBJECT</oos:subjectType><oos:status>CREATED</oos:status></nsiControl99Subject><nsiControl99Subject><oos:id>9515213</oos:id><oos:controlAuthorityInfo><oos:regNum>01731000006</oos:regNum><oos:consRegistryNum>00132269</oos:consRegistryNum><oos:fullName>УПРАВЛЕНИЕ ФЕДЕРАЛЬНОГО КАЗНАЧЕЙСТВА ПО Г. МОСКВЕ</oos:fullName><oos:INN>7725074789</oos:INN><oos:KPP>772501001</oos:KPP></oos:controlAuthorityInfo><oos:customerInfo><oos:regNum>01951000002</oos:regNum><oos:consRegistryNum>00100056</oos:consRegistryNum><oos:fullName>МИНИСТЕРСТВО ЗДРАВООХРАНЕНИЯ РОССИЙСКОЙ ФЕДЕРАЦИИ</oos:fullName><oos:INN>7707778246</oos:INN><oos:KPP>770701001</oos:KPP><oos:OKTMO><oos:code>45382000</oos:code><oos:name>муниципальный округ Тверской</oos:name></oos:OKTMO></oos:customerInfo><oos:personalAccount>14731001430</oos:personalAccount><oos:subjectType>TOFK_SUBJECT</oos:subjectType><oos:status>CREATED</oos:status></nsiControl99Subject><nsiControl99Subject><oos:id>9515214</oos:id><oos:controlAuthorityInfo><oos:regNum>01731000006</oos:regNum><oos:consRegistryNum>00132269</oos:consRegistryNum><oos:fullName>УПРАВЛЕНИЕ ФЕДЕРАЛЬНОГО КАЗНАЧЕЙСТВА ПО Г. МОСКВЕ</oos:fullName><oos:INN>7725074789</oos:INN><oos:KPP>772501001</oos:KPP></oos:controlAuthorityInfo><oos:customerInfo><oos:regNum>03731000292</oos:regNum><oos:consRegistryNum>001X0656</oos:consRegistryNum><oos:fullName>ФЕДЕРАЛЬНОЕ ГОСУДАРСТВЕННОЕ БЮДЖЕТНОЕ УЧРЕЖДЕНИЕ КУЛЬТУРЫ &quot;ВСЕРОССИЙСКИЙ МУЗЕЙ ДЕКОРАТИВНО-ПРИКЛАДНОГО И НАРОДНОГО ИСКУССТВА&quot;</oos:fullName><oos:INN>7707063713</oos:INN><oos:KPP>770701001</oos:KPP><oos:OKTMO><oos:code>45382000</oos:code><oos:name>муниципальный округ Тверской</oos:name></oos:OKTMO></oos:customerInfo><oos:subjectType>TOFK_SUBJECT</oos:subjectType><oos:status>CREATED</oos:status></nsiControl99Subject><nsiControl99Subject><oos:id>9515215</oos:id><oos:controlAuthorityInfo><oos:regNum>01731000006</oos:regNum><oos:consRegistryNum>00132269</oos:consRegistryNum><oos:fullName>УПРАВЛЕНИЕ ФЕДЕРАЛЬНОГО КАЗНАЧЕЙСТВА ПО Г. МОСКВЕ</oos:fullName><oos:INN>7725074789</oos:INN><oos:KPP>772501001</oos:KPP></oos:controlAuthorityInfo><oos:customerInfo><oos:regNum>03731001048</oos:regNum><oos:consRegistryNum>001X5863</oos:consRegistryNum><oos:fullName>ФЕДЕРАЛЬНОЕ ГОСУДАРСТВЕННОЕ БЮДЖЕТНОЕ ОБРАЗОВАТЕЛЬНОЕ УЧРЕЖДЕНИЕ ВЫСШЕГО ОБРАЗОВАНИЯ &quot;МОСКОВСКИЙ ГОСУДАРСТВЕННЫЙ ЛИНГВИСТИЧЕСКИЙ УНИВЕРСИТЕТ&quot;</oos:fullName><oos:INN>7704024466</oos:INN><oos:KPP>770401001</oos:KPP><oos:OKTMO><oos:code>45383000</oos:code><oos:name>муниципальный округ Хамовники</oos:name></oos:OKTMO></oos:customerInfo><oos:subjectType>TOFK_SUBJECT</oos:subjectType><oos:status>CREATED</oos:status></nsiControl99Subject><nsiControl99Subject><oos:id>9515216</oos:id><oos:controlAuthorityInfo><oos:regNum>01731000006</oos:regNum><oos:consRegistryNum>00132269</oos:consRegistryNum><oos:fullName>УПРАВЛЕНИЕ ФЕДЕРАЛЬНОГО КАЗНАЧЕЙСТВА ПО Г. МОСКВЕ</oos:fullName><oos:INN>7725074789</oos:INN><oos:KPP>772501001</oos:KPP></oos:controlAuthorityInfo><oos:customerInfo><oos:regNum>03731000877</oos:regNum><oos:consRegistryNum>00132631</oos:consRegistryNum><oos:fullName>ФЕДЕРАЛЬНОЕ КАЗЕННОЕ УЧРЕЖДЕНИЕ &quot;СПЕЦИАЛЬНЫЙ ЦЕНТР СПЕЦИАЛЬНОЙ СВЯЗИ И ИНФОРМАЦИОННОЙ БЕЗОПАСНОСТИ МИНИСТЕРСТВА РОССИЙСКОЙ ФЕДЕРАЦИИ ПО ДЕЛАМ ГРАЖДАНСКОЙ ОБОРОНЫ, ЧРЕЗВЫЧАЙНЫМ СИТУАЦИЯМ И ЛИКВИДАЦИИ ПОСЛЕДСТВИЙ СТИХИЙНЫХ БЕДСТВИЙ&quot;</oos:fullName><oos:INN>7731189428</oos:INN><oos:KPP>773101001</oos:KPP><oos:OKTMO><oos:code>45329000</oos:code><oos:name>муниципальный округ Фили-Давыдково</oos:name></oos:OKTMO></oos:customerInfo><oos:personalAccount>03731326310</oos:personalAccount><oos:subjectType>TOFK_SUBJECT</oos:subjectType><oos:status>CREATED</oos:status></nsiControl99Subject><nsiControl99Subject><oos:id>9515217</oos:id><oos:controlAuthorityInfo><oos:regNum>01731000006</oos:regNum><oos:consRegistryNum>00132269</oos:consRegistryNum><oos:fullName>УПРАВЛЕНИЕ ФЕДЕРАЛЬНОГО КАЗНАЧЕЙСТВА ПО Г. МОСКВЕ</oos:fullName><oos:INN>7725074789</oos:INN><oos:KPP>772501001</oos:KPP></oos:controlAuthorityInfo><oos:customerInfo><oos:regNum>03481000601</oos:regNum><oos:consRegistryNum>001Щ7771</oos:consRegistryNum><oos:fullName>ФЕДЕРАЛЬНОЕ ГОСУДАРСТВЕННОЕ БЮДЖЕТНОЕ УЧРЕЖДЕНИЕ &quot;4 ЦЕНТРАЛЬНЫЙ НАУЧНО-ИССЛЕДОВАТЕЛЬСКИЙ ИНСТИТУТ&quot; МИНИСТЕРСТВА ОБОРОНЫ РОССИЙСКОЙ ФЕДЕРАЦИИ</oos:fullName><oos:INN>5054086684</oos:INN><oos:KPP>505401001</oos:KPP><oos:OKTMO><oos:code>46790000000</oos:code><oos:name>Населенные пункты, входящие в состав городского округа Электросталь</oos:name></oos:OKTMO></oos:customerInfo><oos:subjectType>TOFK_SUBJECT</oos:subjectType><oos:status>CREATED</oos:status></nsiControl99Subject><nsiControl99Subject><oos:id>9515218</oos:id><oos:controlAuthorityInfo><oos:regNum>01731000006</oos:regNum><oos:consRegistryNum>00132269</oos:consRegistryNum><oos:fullName>УПРАВЛЕНИЕ ФЕДЕРАЛЬНОГО КАЗНАЧЕЙСТВА ПО Г. МОСКВЕ</oos:fullName><oos:INN>7725074789</oos:INN><oos:KPP>772501001</oos:KPP></oos:controlAuthorityInfo><oos:customerInfo><oos:regNum>01954000004</oos:regNum><oos:consRegistryNum>00100073</oos:consRegistryNum><oos:fullName>МИНИСТЕРСТВО ПРОСВЕЩЕНИЯ РОССИЙСКОЙ ФЕДЕРАЦИИ</oos:fullName><oos:INN>7707418081</oos:INN><oos:KPP>770701001</oos:KPP><oos:OKTMO><oos:code>45382000</oos:code><oos:name>муниципальный округ Тверской</oos:name></oos:OKTMO></oos:customerInfo><oos:personalAccount>14731004760</oos:personalAccount><oos:subjectType>TOFK_SUBJECT</oos:subjectType><oos:status>CREATED</oos:status></nsiControl99Subject><nsiControl99Subject><oos:id>9515219</oos:id><oos:controlAuthorityInfo><oos:regNum>01731000006</oos:regNum><oos:consRegistryNum>00132269</oos:consRegistryNum><oos:fullName>УПРАВЛЕНИЕ ФЕДЕРАЛЬНОГО КАЗНАЧЕЙСТВА ПО Г. МОСКВЕ</oos:fullName><oos:INN>7725074789</oos:INN><oos:KPP>772501001</oos:KPP></oos:controlAuthorityInfo><oos:customerInfo><oos:regNum>03731000154</oos:regNum><oos:consRegistryNum>001Ц3691</oos:consRegistryNum><oos:fullName>ФЕДЕРАЛЬНОЕ ГОСУДАРСТВЕННОЕ БЮДЖЕТНОЕ НАУЧНОЕ УЧРЕЖДЕНИЕ &quot;НАУЧНО-ИССЛЕДОВАТЕЛЬСКИЙ ИНСТИТУТ МОРФОЛОГИИ ЧЕЛОВЕКА&quot;</oos:fullName><oos:INN>7727038641</oos:INN><oos:KPP>772701001</oos:KPP><oos:OKTMO><oos:code>45908000</oos:code><oos:name>муниципальный округ Черемушки</oos:name></oos:OKTMO></oos:customerInfo><oos:subjectType>TOFK_SUBJECT</oos:subjectType><oos:status>CREATED</oos:status></nsiControl99Subject><nsiControl99Subject><oos:id>9515220</oos:id><oos:controlAuthorityInfo><oos:regNum>01731000006</oos:regNum><oos:consRegistryNum>00132269</oos:consRegistryNum><oos:fullName>УПРАВЛЕНИЕ ФЕДЕРАЛЬНОГО КАЗНАЧЕЙСТВА ПО Г. МОСКВЕ</oos:fullName><oos:INN>7725074789</oos:INN><oos:KPP>772501001</oos:KPP></oos:controlAuthorityInfo><oos:customerInfo><oos:regNum>05481000034</oos:regNum><oos:consRegistryNum>001Г0657</oos:consRegistryNum><oos:fullName>ФЕДЕРАЛЬНОЕ ГОСУДАРСТВЕННОЕ УНИТАРНОЕ ПРЕДПРИЯТИЕ &quot;МЫТИЩИНСКИЙ НАУЧНО-ИССЛЕДОВАТЕЛЬСКИЙ  ИНСТИТУТ  РАДИОИЗМЕРИТЕЛЬНЫХ ПРИБОРОВ&quot;</oos:fullName><oos:INN>5029008940</oos:INN><oos:KPP>502901001</oos:KPP><oos:OKTMO><oos:code>46746000001</oos:code><oos:name>г Мытищи</oos:name></oos:OKTMO></oos:customerInfo><oos:subjectType>TOFK_SUBJECT</oos:subjectType><oos:status>CREATED</oos:status></nsiControl99Subject><nsiControl99Subject><oos:id>9515221</oos:id><oos:controlAuthorityInfo><oos:regNum>01731000006</oos:regNum><oos:consRegistryNum>00132269</oos:consRegistryNum><oos:fullName>УПРАВЛЕНИЕ ФЕДЕРАЛЬНОГО КАЗНАЧЕЙСТВА ПО Г. МОСКВЕ</oos:fullName><oos:INN>7725074789</oos:INN><oos:KPP>772501001</oos:KPP></oos:controlAuthorityInfo><oos:customerInfo><oos:regNum>03731000665</oos:regNum><oos:consRegistryNum>00144094</oos:consRegistryNum><oos:fullName>ФЕДЕРАЛЬНОЕ ГОСУДАРСТВЕННОЕ КАЗЕННОЕ УЧРЕЖДЕНИЕ &quot;СПЕЦИАЛЬНОЕ УПРАВЛЕНИЕ ФЕДЕРАЛЬНОЙ ПРОТИВОПОЖАРНОЙ СЛУЖБЫ № 3 МИНИСТЕРСТВА РОССИЙСКОЙ ФЕДЕРАЦИИ ПО ДЕЛАМ ГРАЖДАНСКОЙ ОБОРОНЫ, ЧРЕЗВЫЧАЙНЫМ СИТУАЦИЯМ И ЛИКВИДАЦИИ ПОСЛЕДСТВИЙ СТИХИЙНЫХ БЕДСТВИЙ&quot;</oos:fullName><oos:INN>7729546337</oos:INN><oos:KPP>772901001</oos:KPP><oos:OKTMO><oos:code>45325000</oos:code><oos:name>муниципальный округ Раменки</oos:name></oos:OKTMO></oos:customerInfo><oos:personalAccount>03731440940</oos:personalAccount><oos:subjectType>TOFK_SUBJECT</oos:subjectType><oos:status>CREATED</oos:status></nsiControl99Subject><nsiControl99Subject><oos:id>9515222</oos:id><oos:controlAuthorityInfo><oos:regNum>01731000006</oos:regNum><oos:consRegistryNum>00132269</oos:consRegistryNum><oos:fullName>УПРАВЛЕНИЕ ФЕДЕРАЛЬНОГО КАЗНАЧЕЙСТВА ПО Г. МОСКВЕ</oos:fullName><oos:INN>7725074789</oos:INN><oos:KPP>772501001</oos:KPP></oos:controlAuthorityInfo><oos:customerInfo><oos:regNum>03731000895</oos:regNum><oos:consRegistryNum>00152793</oos:consRegistryNum><oos:fullName>ФЕДЕРАЛЬНОЕ ГОСУДАРСТВЕННОЕ КАЗЕННОЕ УЧРЕЖДЕНИЕ &quot;ЦЕНТР ВОЕННО-ВРАЧЕБНОЙ ЭКСПЕРТИЗЫ ФЕДЕРАЛЬНОЙ СЛУЖБЫ БЕЗОПАСНОСТИ РОССИЙСКОЙ ФЕДЕРАЦИИ&quot;</oos:fullName><oos:INN>7702051760</oos:INN><oos:KPP>770201001</oos:KPP><oos:OKTMO><oos:code>45379000</oos:code><oos:name>муниципальный округ Мещанский</oos:name></oos:OKTMO></oos:customerInfo><oos:personalAccount>03731527930</oos:personalAccount><oos:subjectType>TOFK_SUBJECT</oos:subjectType><oos:status>CREATED</oos:status></nsiControl99Subject><nsiControl99Subject><oos:id>9515223</oos:id><oos:controlAuthorityInfo><oos:regNum>01731000006</oos:regNum><oos:consRegistryNum>00132269</oos:consRegistryNum><oos:fullName>УПРАВЛЕНИЕ ФЕДЕРАЛЬНОГО КАЗНАЧЕЙСТВА ПО Г. МОСКВЕ</oos:fullName><oos:INN>7725074789</oos:INN><oos:KPP>772501001</oos:KPP></oos:controlAuthorityInfo><oos:customerInfo><oos:regNum>01731000153</oos:regNum><oos:consRegistryNum>00144450</oos:consRegistryNum><oos:fullName>ИНСПЕКЦИЯ ФЕДЕРАЛЬНОЙ НАЛОГОВОЙ СЛУЖБЫ № 1 ПО Г. МОСКВЕ</oos:fullName><oos:INN>7701107259</oos:INN><oos:KPP>770901001</oos:KPP><oos:OKTMO><oos:code>45375000</oos:code><oos:name>муниципальный округ Басманный</oos:name></oos:OKTMO></oos:customerInfo><oos:personalAccount>03731444500</oos:personalAccount><oos:subjectType>TOFK_SUBJECT</oos:subjectType><oos:status>CREATED</oos:status></nsiControl99Subject><nsiControl99Subject><oos:id>9515224</oos:id><oos:controlAuthorityInfo><oos:regNum>01731000006</oos:regNum><oos:consRegistryNum>00132269</oos:consRegistryNum><oos:fullName>УПРАВЛЕНИЕ ФЕДЕРАЛЬНОГО КАЗНАЧЕЙСТВА ПО Г. МОСКВЕ</oos:fullName><oos:INN>7725074789</oos:INN><oos:KPP>772501001</oos:KPP></oos:controlAuthorityInfo><oos:customerInfo><oos:regNum>01734000008</oos:regNum><oos:consRegistryNum>00155036</oos:consRegistryNum><oos:fullName>ЛИНЕЙНЫЙ ОТДЕЛ МИНИСТЕРСТВА ВНУТРЕННИХ ДЕЛ РОССИЙСКОЙ ФЕДЕРАЦИИ НА СТАНЦИИ МОСКВА-ЛЕНИНГРАДСКАЯ</oos:fullName><oos:INN>7708731561</oos:INN><oos:KPP>770843002</oos:KPP><oos:OKTMO><oos:code>45378000</oos:code><oos:name>муниципальный округ Красносельский</oos:name></oos:OKTMO></oos:customerInfo><oos:personalAccount>03731550360</oos:personalAccount><oos:subjectType>TOFK_SUBJECT</oos:subjectType><oos:status>CREATED</oos:status></nsiControl99Subject><nsiControl99Subject><oos:id>9515225</oos:id><oos:controlAuthorityInfo><oos:regNum>01731000006</oos:regNum><oos:consRegistryNum>00132269</oos:consRegistryNum><oos:fullName>УПРАВЛЕНИЕ ФЕДЕРАЛЬНОГО КАЗНАЧЕЙСТВА ПО Г. МОСКВЕ</oos:fullName><oos:INN>7725074789</oos:INN><oos:KPP>772501001</oos:KPP></oos:controlAuthorityInfo><oos:customerInfo><oos:regNum>01483000069</oos:regNum><oos:consRegistryNum>45383027</oos:consRegistryNum><oos:fullName>АДМИНИСТРАЦИЯ ПОСЕЛЕНИЯ КИЕВСКИЙ</oos:fullName><oos:INN>5030051403</oos:INN><oos:KPP>775101001</oos:KPP><oos:OKTMO><oos:code>45945000</oos:code><oos:name>поселение Киевский</oos:name></oos:OKTMO></oos:customerInfo><oos:personalAccount>03733830270</oos:personalAccount><oos:powersFOInfo><oos:regNum>01483000069</oos:regNum><oos:consRegistryNum>45383027</oos:consRegistryNum><oos:fullName>АДМИНИСТРАЦИЯ ПОСЕЛЕНИЯ КИЕВСКИЙ</oos:fullName><oos:INN>5030051403</oos:INN><oos:KPP>775101001</oos:KPP></oos:powersFOInfo><oos:subjectType>POWERS_DELEGATED_TO_TOFK</oos:subjectType><oos:status>CREATED</oos:status></nsiControl99Subject><nsiControl99Subject><oos:id>9515226</oos:id><oos:controlAuthorityInfo><oos:regNum>01731000006</oos:regNum><oos:consRegistryNum>00132269</oos:consRegistryNum><oos:fullName>УПРАВЛЕНИЕ ФЕДЕРАЛЬНОГО КАЗНАЧЕЙСТВА ПО Г. МОСКВЕ</oos:fullName><oos:INN>7725074789</oos:INN><oos:KPP>772501001</oos:KPP></oos:controlAuthorityInfo><oos:customerInfo><oos:regNum>01731000144</oos:regNum><oos:consRegistryNum>00100777</oos:consRegistryNum><oos:fullName>МИНИСТЕРСТВО СПОРТА РОССИЙСКОЙ ФЕДЕРАЦИИ</oos:fullName><oos:INN>7703771271</oos:INN><oos:KPP>770901001</oos:KPP><oos:OKTMO><oos:code>45375000</oos:code><oos:name>муниципальный округ Басманный</oos:name></oos:OKTMO></oos:customerInfo><oos:personalAccount>14731001870</oos:personalAccount><oos:subjectType>TOFK_SUBJECT</oos:subjectType><oos:status>CREATED</oos:status></nsiControl99Subject><nsiControl99Subject><oos:id>9515227</oos:id><oos:controlAuthorityInfo><oos:regNum>01731000006</oos:regNum><oos:consRegistryNum>00132269</oos:consRegistryNum><oos:fullName>УПРАВЛЕНИЕ ФЕДЕРАЛЬНОГО КАЗНАЧЕЙСТВА ПО Г. МОСКВЕ</oos:fullName><oos:INN>7725074789</oos:INN><oos:KPP>772501001</oos:KPP></oos:controlAuthorityInfo><oos:customerInfo><oos:regNum>05731000088</oos:regNum><oos:consRegistryNum>001Н3749</oos:consRegistryNum><oos:fullName>ФЕДЕРАЛЬНОЕ ГОСУДАРСТВЕННОЕ УНИТАРНОЕ ПРЕДПРИЯТИЕ &quot;СПЕЦИАЛИЗИРОВАННОЕ КОНСТРУКТОРСКОЕ БЮРО РАДИОЭЛЕКТРОННОЙ АППАРАТУРЫ &quot;РАДЭЛ&quot;</oos:fullName><oos:INN>7735048097</oos:INN><oos:KPP>773501001</oos:KPP><oos:OKTMO><oos:code>45331000</oos:code><oos:name>муниципальный округ Матушкино</oos:name></oos:OKTMO></oos:customerInfo><oos:subjectType>TOFK_SUBJECT</oos:subjectType><oos:status>CREATED</oos:status></nsiControl99Subject><nsiControl99Subject><oos:id>9515228</oos:id><oos:controlAuthorityInfo><oos:regNum>01731000006</oos:regNum><oos:consRegistryNum>00132269</oos:consRegistryNum><oos:fullName>УПРАВЛЕНИЕ ФЕДЕРАЛЬНОГО КАЗНАЧЕЙСТВА ПО Г. МОСКВЕ</oos:fullName><oos:INN>7725074789</oos:INN><oos:KPP>772501001</oos:KPP></oos:controlAuthorityInfo><oos:customerInfo><oos:regNum>03731000748</oos:regNum><oos:consRegistryNum>001Ц1956</oos:consRegistryNum><oos:fullName>ФЕДЕРАЛЬНОЕ ГОСУДАРСТВЕННОЕ БЮДЖЕТНОЕ УЧРЕЖДЕНИЕ &quot;ЛЕЧЕБНО-РЕАБИЛИТАЦИОННЫЙ ЦЕНТР &quot;ИЗУМРУД&quot;</oos:fullName><oos:INN>7708030943</oos:INN><oos:KPP>770801001</oos:KPP><oos:OKTMO><oos:code>45378000</oos:code><oos:name>муниципальный округ Красносельский</oos:name></oos:OKTMO></oos:customerInfo><oos:subjectType>TOFK_SUBJECT</oos:subjectType><oos:status>CREATED</oos:status></nsiControl99Subject><nsiControl99Subject><oos:id>9515229</oos:id><oos:controlAuthorityInfo><oos:regNum>01731000006</oos:regNum><oos:consRegistryNum>00132269</oos:consRegistryNum><oos:fullName>УПРАВЛЕНИЕ ФЕДЕРАЛЬНОГО КАЗНАЧЕЙСТВА ПО Г. МОСКВЕ</oos:fullName><oos:INN>7725074789</oos:INN><oos:KPP>772501001</oos:KPP></oos:controlAuthorityInfo><oos:customerInfo><oos:regNum>03734000071</oos:regNum><oos:consRegistryNum>001Н4013</oos:consRegistryNum><oos:fullName>КОМБИНАТ ПИТАНИЯ-ФИЛИАЛ ФЕДЕРАЛЬНОГО ГОСУДАРСТВЕННОГО БЮДЖЕТНОГО УЧРЕЖДЕНИЯ &quot;УПРАВЛЕНИЕ КОМПЛЕКСНОГО ХОЗЯЙСТВЕННОГО ОБЕСПЕЧЕНИЯ&quot;</oos:fullName><oos:INN>5046050268</oos:INN><oos:KPP>773643001</oos:KPP><oos:OKTMO><oos:code>45398000</oos:code><oos:name>муниципальный округ Гагаринский</oos:name></oos:OKTMO></oos:customerInfo><oos:subjectType>TOFK_SUBJECT</oos:subjectType><oos:status>CREATED</oos:status></nsiControl99Subject><nsiControl99Subject><oos:id>9515230</oos:id><oos:controlAuthorityInfo><oos:regNum>01731000006</oos:regNum><oos:consRegistryNum>00132269</oos:consRegistryNum><oos:fullName>УПРАВЛЕНИЕ ФЕДЕРАЛЬНОГО КАЗНАЧЕЙСТВА ПО Г. МОСКВЕ</oos:fullName><oos:INN>7725074789</oos:INN><oos:KPP>772501001</oos:KPP></oos:controlAuthorityInfo><oos:customerInfo><oos:regNum>03481000249</oos:regNum><oos:consRegistryNum>001Ц7621</oos:consRegistryNum><oos:fullName>ФЕДЕРАЛЬНОЕ ГОСУДАРСТВЕННОЕ БЮДЖЕТНОЕ УЧРЕЖДЕНИЕ ТРОИЦКИЙ НАУЧНЫЙ ЦЕНТР РОССИЙСКОЙ АКАДЕМИИ НАУК</oos:fullName><oos:INN>5046053903</oos:INN><oos:KPP>775101001</oos:KPP><oos:OKTMO><oos:code>45931000</oos:code><oos:name>городской округ Троицк</oos:name></oos:OKTMO></oos:customerInfo><oos:subjectType>TOFK_SUBJECT</oos:subjectType><oos:status>CREATED</oos:status></nsiControl99Subject><nsiControl99Subject><oos:id>9515231</oos:id><oos:controlAuthorityInfo><oos:regNum>01731000006</oos:regNum><oos:consRegistryNum>00132269</oos:consRegistryNum><oos:fullName>УПРАВЛЕНИЕ ФЕДЕРАЛЬНОГО КАЗНАЧЕЙСТВА ПО Г. МОСКВЕ</oos:fullName><oos:INN>7725074789</oos:INN><oos:KPP>772501001</oos:KPP></oos:controlAuthorityInfo><oos:customerInfo><oos:regNum>01731000177</oos:regNum><oos:consRegistryNum>001А9638</oos:consRegistryNum><oos:fullName>МЕЖРЕГИОНАЛЬНАЯ ИНСПЕКЦИЯ ФЕДЕРАЛЬНОЙ НАЛОГОВОЙ СЛУЖБЫ ПО КАМЕРАЛЬНОМУ КОНТРОЛЮ</oos:fullName><oos:INN>7707319108</oos:INN><oos:KPP>770701001</oos:KPP><oos:OKTMO><oos:code>45382000</oos:code><oos:name>муниципальный округ Тверской</oos:name></oos:OKTMO></oos:customerInfo><oos:personalAccount>03731А96380</oos:personalAccount><oos:subjectType>TOFK_SUBJECT</oos:subjectType><oos:status>CREATED</oos:status></nsiControl99Subject><nsiControl99Subject><oos:id>9515232</oos:id><oos:controlAuthorityInfo><oos:regNum>01731000006</oos:regNum><oos:consRegistryNum>00132269</oos:consRegistryNum><oos:fullName>УПРАВЛЕНИЕ ФЕДЕРАЛЬНОГО КАЗНАЧЕЙСТВА ПО Г. МОСКВЕ</oos:fullName><oos:INN>7725074789</oos:INN><oos:KPP>772501001</oos:KPP></oos:controlAuthorityInfo><oos:customerInfo><oos:regNum>05731000159</oos:regNum><oos:consRegistryNum>00101585</oos:consRegistryNum><oos:fullName>ФЕДЕРАЛЬНОЕ ГОСУДАРСТВЕННОЕ УНИТАРНОЕ ПРЕДПРИЯТИЕ ГОСТИНИЧНЫЙ КОМПЛЕКС &quot;ПРЕЗИДЕНТ-ОТЕЛЬ&quot; УПРАВЛЕНИЯ ДЕЛАМИ ПРЕЗИДЕНТА РОССИЙСКОЙ ФЕДЕРАЦИИ</oos:fullName><oos:INN>7706031317</oos:INN><oos:KPP>770601001</oos:KPP><oos:OKTMO><oos:code>45384000</oos:code><oos:name>муниципальный округ Якиманка</oos:name></oos:OKTMO></oos:customerInfo><oos:subjectType>TOFK_SUBJECT</oos:subjectType><oos:status>CREATED</oos:status></nsiControl99Subject><nsiControl99Subject><oos:id>9515233</oos:id><oos:controlAuthorityInfo><oos:regNum>01731000006</oos:regNum><oos:consRegistryNum>00132269</oos:consRegistryNum><oos:fullName>УПРАВЛЕНИЕ ФЕДЕРАЛЬНОГО КАЗНАЧЕЙСТВА ПО Г. МОСКВЕ</oos:fullName><oos:INN>7725074789</oos:INN><oos:KPP>772501001</oos:KPP></oos:controlAuthorityInfo><oos:customerInfo><oos:regNum>03734000048</oos:regNum><oos:consRegistryNum>001Э3123</oos:consRegistryNum><oos:fullName>ФИЛИАЛ ФГБОУ &quot;СРЕДНЯЯ ШКОЛА-ИНТЕРНАТ МИД РОССИИ&quot; - ДЕТСКИЙ САД № 292 &quot;СКАЗКА&quot;</oos:fullName><oos:INN>5050004578</oos:INN><oos:KPP>772943001</oos:KPP><oos:OKTMO><oos:code>45324000</oos:code><oos:name>муниципальный округ Проспект Вернадского</oos:name></oos:OKTMO></oos:customerInfo><oos:subjectType>TOFK_SUBJECT</oos:subjectType><oos:status>CREATED</oos:status></nsiControl99Subject><nsiControl99Subject><oos:id>9515234</oos:id><oos:controlAuthorityInfo><oos:regNum>01731000006</oos:regNum><oos:consRegistryNum>00132269</oos:consRegistryNum><oos:fullName>УПРАВЛЕНИЕ ФЕДЕРАЛЬНОГО КАЗНАЧЕЙСТВА ПО Г. МОСКВЕ</oos:fullName><oos:INN>7725074789</oos:INN><oos:KPP>772501001</oos:KPP></oos:controlAuthorityInfo><oos:customerInfo><oos:regNum>03731001351</oos:regNum><oos:consRegistryNum>001Э2693</oos:consRegistryNum><oos:fullName>ФЕДЕРАЛЬНОЕ ГОСУДАРСТВЕННОЕ БЮДЖЕТНОЕ УЧРЕЖДЕНИЕ &quot;ГЛАВНЫЙ ЦЕНТР СВЯЗИ И СПУТНИКОВЫХ СИСТЕМ&quot;</oos:fullName><oos:INN>7702383572</oos:INN><oos:KPP>770201001</oos:KPP><oos:OKTMO><oos:code>45379000</oos:code><oos:name>муниципальный округ Мещанский</oos:name></oos:OKTMO></oos:customerInfo><oos:subjectType>TOFK_SUBJECT</oos:subjectType><oos:status>CREATED</oos:status></nsiControl99Subject><nsiControl99Subject><oos:id>9515235</oos:id><oos:controlAuthorityInfo><oos:regNum>01731000006</oos:regNum><oos:consRegistryNum>00132269</oos:consRegistryNum><oos:fullName>УПРАВЛЕНИЕ ФЕДЕРАЛЬНОГО КАЗНАЧЕЙСТВА ПО Г. МОСКВЕ</oos:fullName><oos:INN>7725074789</oos:INN><oos:KPP>772501001</oos:KPP></oos:controlAuthorityInfo><oos:customerInfo><oos:regNum>03731001093</oos:regNum><oos:consRegistryNum>001X4328</oos:consRegistryNum><oos:fullName>ФЕДЕРАЛЬНОЕ ГОСУДАРСТВЕННОЕ БЮДЖЕТНОЕ УЧРЕЖДЕНИЕ КУЛЬТУРЫ &quot;ГОСУДАРСТВЕННЫЙ АКАДЕМИЧЕСКИЙ РУССКИЙ НАРОДНЫЙ ХОР ИМЕНИ М.Е. ПЯТНИЦКОГО&quot;</oos:fullName><oos:INN>7710145860</oos:INN><oos:KPP>771001001</oos:KPP><oos:OKTMO><oos:code>45382000</oos:code><oos:name>муниципальный округ Тверской</oos:name></oos:OKTMO></oos:customerInfo><oos:subjectType>TOFK_SUBJECT</oos:subjectType><oos:status>CREATED</oos:status></nsiControl99Subject><nsiControl99Subject><oos:id>9515236</oos:id><oos:controlAuthorityInfo><oos:regNum>01731000006</oos:regNum><oos:consRegistryNum>00132269</oos:consRegistryNum><oos:fullName>УПРАВЛЕНИЕ ФЕДЕРАЛЬНОГО КАЗНАЧЕЙСТВА ПО Г. МОСКВЕ</oos:fullName><oos:INN>7725074789</oos:INN><oos:KPP>772501001</oos:KPP></oos:controlAuthorityInfo><oos:customerInfo><oos:regNum>01731000144</oos:regNum><oos:consRegistryNum>00100777</oos:consRegistryNum><oos:fullName>МИНИСТЕРСТВО СПОРТА РОССИЙСКОЙ ФЕДЕРАЦИИ</oos:fullName><oos:INN>7703771271</oos:INN><oos:KPP>770901001</oos:KPP><oos:OKTMO><oos:code>45375000</oos:code><oos:name>муниципальный округ Басманный</oos:name></oos:OKTMO></oos:customerInfo><oos:personalAccount>14731000780</oos:personalAccount><oos:subjectType>TOFK_SUBJECT</oos:subjectType><oos:status>CREATED</oos:status></nsiControl99Subject><nsiControl99Subject><oos:id>9515237</oos:id><oos:controlAuthorityInfo><oos:regNum>01731000006</oos:regNum><oos:consRegistryNum>00132269</oos:consRegistryNum><oos:fullName>УПРАВЛЕНИЕ ФЕДЕРАЛЬНОГО КАЗНАЧЕЙСТВА ПО Г. МОСКВЕ</oos:fullName><oos:INN>7725074789</oos:INN><oos:KPP>772501001</oos:KPP></oos:controlAuthorityInfo><oos:customerInfo><oos:regNum>03731000755</oos:regNum><oos:consRegistryNum>00185649</oos:consRegistryNum><oos:fullName>ФЕДЕРАЛЬНОЕ КАЗЕННОЕ УЧРЕЖДЕНИЕ &quot;СЛЕДСТВЕННЫЙ ИЗОЛЯТОР № 7 УПРАВЛЕНИЯ ФЕДЕРАЛЬНОЙ СЛУЖБЫ ИСПОЛНЕНИЯ НАКАЗАНИЙ ПО Г. МОСКВЕ&quot;</oos:fullName><oos:INN>7723320365</oos:INN><oos:KPP>772301001</oos:KPP><oos:OKTMO><oos:code>45389000</oos:code><oos:name>муниципальный округ Люблино</oos:name></oos:OKTMO></oos:customerInfo><oos:personalAccount>03731856490</oos:personalAccount><oos:subjectType>TOFK_SUBJECT</oos:subjectType><oos:status>CREATED</oos:status></nsiControl99Subject><nsiControl99Subject><oos:id>9515238</oos:id><oos:controlAuthorityInfo><oos:regNum>01731000006</oos:regNum><oos:consRegistryNum>00132269</oos:consRegistryNum><oos:fullName>УПРАВЛЕНИЕ ФЕДЕРАЛЬНОГО КАЗНАЧЕЙСТВА ПО Г. МОСКВЕ</oos:fullName><oos:INN>7725074789</oos:INN><oos:KPP>772501001</oos:KPP></oos:controlAuthorityInfo><oos:customerInfo><oos:regNum>03731000567</oos:regNum><oos:consRegistryNum>00138248</oos:consRegistryNum><oos:fullName>ФЕДЕРАЛЬНОЕ КАЗЕННОЕ УЧРЕЖДЕНИЕ &quot;РОССИЙСКИЙ ГОСУДАРСТВЕННЫЙ ВОЕННЫЙ АРХИВ&quot;</oos:fullName><oos:INN>7712020169</oos:INN><oos:KPP>774301001</oos:KPP><oos:OKTMO><oos:code>45336000</oos:code><oos:name>муниципальный округ Войковский</oos:name></oos:OKTMO></oos:customerInfo><oos:personalAccount>03731382480</oos:personalAccount><oos:subjectType>TOFK_SUBJECT</oos:subjectType><oos:status>CREATED</oos:status></nsiControl99Subject><nsiControl99Subject><oos:id>9515239</oos:id><oos:controlAuthorityInfo><oos:regNum>01731000006</oos:regNum><oos:consRegistryNum>00132269</oos:consRegistryNum><oos:fullName>УПРАВЛЕНИЕ ФЕДЕРАЛЬНОГО КАЗНАЧЕЙСТВА ПО Г. МОСКВЕ</oos:fullName><oos:INN>7725074789</oos:INN><oos:KPP>772501001</oos:KPP></oos:controlAuthorityInfo><oos:customerInfo><oos:regNum>05731000103</oos:regNum><oos:consRegistryNum>001Э0912</oos:consRegistryNum><oos:fullName>ФЕДЕРАЛЬНОЕ ГОСУДАРСТВЕННОЕ УНИТАРНОЕ ПРЕДПРИЯТИЕ &quot;ГЛАВНЫЙ РАДИОЧАСТОТНЫЙ ЦЕНТР&quot;</oos:fullName><oos:INN>7706228218</oos:INN><oos:KPP>772501001</oos:KPP><oos:OKTMO><oos:code>45914000</oos:code><oos:name>муниципальный округ Даниловский</oos:name></oos:OKTMO></oos:customerInfo><oos:subjectType>TOFK_SUBJECT</oos:subjectType><oos:status>CREATED</oos:status></nsiControl99Subject><nsiControl99Subject><oos:id>9515240</oos:id><oos:controlAuthorityInfo><oos:regNum>01731000006</oos:regNum><oos:consRegistryNum>00132269</oos:consRegistryNum><oos:fullName>УПРАВЛЕНИЕ ФЕДЕРАЛЬНОГО КАЗНАЧЕЙСТВА ПО Г. МОСКВЕ</oos:fullName><oos:INN>7725074789</oos:INN><oos:KPP>772501001</oos:KPP></oos:controlAuthorityInfo><oos:customerInfo><oos:regNum>03731000647</oos:regNum><oos:consRegistryNum>00177722</oos:consRegistryNum><oos:fullName>ДЕПАРТАМЕНТ ПО НЕДРОПОЛЬЗОВАНИЮ ПО ЦЕНТРАЛЬНОМУ ФЕДЕРАЛЬНОМУ ОКРУГУ</oos:fullName><oos:INN>7724521579</oos:INN><oos:KPP>772401001</oos:KPP><oos:OKTMO><oos:code>45918000</oos:code><oos:name>муниципальный округ Нагатино-Садовники</oos:name></oos:OKTMO></oos:customerInfo><oos:personalAccount>03731777220</oos:personalAccount><oos:subjectType>TOFK_SUBJECT</oos:subjectType><oos:status>CREATED</oos:status></nsiControl99Subject><nsiControl99Subject><oos:id>9515241</oos:id><oos:controlAuthorityInfo><oos:regNum>01731000006</oos:regNum><oos:consRegistryNum>00132269</oos:consRegistryNum><oos:fullName>УПРАВЛЕНИЕ ФЕДЕРАЛЬНОГО КАЗНАЧЕЙСТВА ПО Г. МОСКВЕ</oos:fullName><oos:INN>7725074789</oos:INN><oos:KPP>772501001</oos:KPP></oos:controlAuthorityInfo><oos:customerInfo><oos:regNum>01954000003</oos:regNum><oos:consRegistryNum>00100075</oos:consRegistryNum><oos:fullName>МИНИСТЕРСТВО НАУКИ И ВЫСШЕГО ОБРАЗОВАНИЯ РОССИЙСКОЙ ФЕДЕРАЦИИ</oos:fullName><oos:INN>9710062939</oos:INN><oos:KPP>771001001</oos:KPP><oos:OKTMO><oos:code>45382000</oos:code><oos:name>муниципальный округ Тверской</oos:name></oos:OKTMO></oos:customerInfo><oos:personalAccount>14731004090</oos:personalAccount><oos:subjectType>TOFK_SUBJECT</oos:subjectType><oos:status>CREATED</oos:status></nsiControl99Subject><nsiControl99Subject><oos:id>9515242</oos:id><oos:controlAuthorityInfo><oos:regNum>01731000006</oos:regNum><oos:consRegistryNum>00132269</oos:consRegistryNum><oos:fullName>УПРАВЛЕНИЕ ФЕДЕРАЛЬНОГО КАЗНАЧЕЙСТВА ПО Г. МОСКВЕ</oos:fullName><oos:INN>7725074789</oos:INN><oos:KPP>772501001</oos:KPP></oos:controlAuthorityInfo><oos:customerInfo><oos:regNum>03731000176</oos:regNum><oos:consRegistryNum>001Ч2618</oos:consRegistryNum><oos:fullName>ФЕДЕРАЛЬНОЕ ГОСУДАРСТВЕННОЕ БЮДЖЕТНОЕ НАУЧНОЕ УЧРЕЖДЕНИЕ &quot;ИНСТИТУТ ВОЗРАСТНОЙ ФИЗИОЛОГИИ РОССИЙСКОЙ АКАДЕМИИ ОБРАЗОВАНИЯ&quot;</oos:fullName><oos:INN>7704000761</oos:INN><oos:KPP>770401001</oos:KPP><oos:OKTMO><oos:code>45383000</oos:code><oos:name>муниципальный округ Хамовники</oos:name></oos:OKTMO></oos:customerInfo><oos:subjectType>TOFK_SUBJECT</oos:subjectType><oos:status>CREATED</oos:status></nsiControl99Subject><nsiControl99Subject><oos:id>9515243</oos:id><oos:controlAuthorityInfo><oos:regNum>01731000006</oos:regNum><oos:consRegistryNum>00132269</oos:consRegistryNum><oos:fullName>УПРАВЛЕНИЕ ФЕДЕРАЛЬНОГО КАЗНАЧЕЙСТВА ПО Г. МОСКВЕ</oos:fullName><oos:INN>7725074789</oos:INN><oos:KPP>772501001</oos:KPP></oos:controlAuthorityInfo><oos:customerInfo><oos:regNum>01483000407</oos:regNum><oos:consRegistryNum>45383035</oos:consRegistryNum><oos:fullName>АДМИНИСТРАЦИЯ ПОСЕЛЕНИЯ КРАСНОПАХОРСКОЕ</oos:fullName><oos:INN>5074031997</oos:INN><oos:KPP>775101001</oos:KPP><oos:OKTMO><oos:code>45948000</oos:code><oos:name>поселение Краснопахорское</oos:name></oos:OKTMO></oos:customerInfo><oos:personalAccount>03733830350</oos:personalAccount><oos:powersFOInfo><oos:regNum>01483000407</oos:regNum><oos:consRegistryNum>45383035</oos:consRegistryNum><oos:fullName>АДМИНИСТРАЦИЯ ПОСЕЛЕНИЯ КРАСНОПАХОРСКОЕ</oos:fullName><oos:INN>5074031997</oos:INN><oos:KPP>775101001</oos:KPP></oos:powersFOInfo><oos:subjectType>POWERS_DELEGATED_TO_TOFK</oos:subjectType><oos:status>CREATED</oos:status></nsiControl99Subject><nsiControl99Subject><oos:id>9515244</oos:id><oos:controlAuthorityInfo><oos:regNum>01731000006</oos:regNum><oos:consRegistryNum>00132269</oos:consRegistryNum><oos:fullName>УПРАВЛЕНИЕ ФЕДЕРАЛЬНОГО КАЗНАЧЕЙСТВА ПО Г. МОСКВЕ</oos:fullName><oos:INN>7725074789</oos:INN><oos:KPP>772501001</oos:KPP></oos:controlAuthorityInfo><oos:customerInfo><oos:regNum>01483000146</oos:regNum><oos:consRegistryNum>45383030</oos:consRegistryNum><oos:fullName>АДМИНИСТРАЦИЯ ПОСЕЛЕНИЯ &quot;МОСРЕНТГЕН&quot;</oos:fullName><oos:INN>5003056924</oos:INN><oos:KPP>775101001</oos:KPP><oos:OKTMO><oos:code>45953000</oos:code><oos:name>поселение &quot;Мосрентген&quot;</oos:name></oos:OKTMO></oos:customerInfo><oos:personalAccount>03733830300</oos:personalAccount><oos:powersFOInfo><oos:regNum>01483000146</oos:regNum><oos:consRegistryNum>45383030</oos:consRegistryNum><oos:fullName>АДМИНИСТРАЦИЯ ПОСЕЛЕНИЯ &quot;МОСРЕНТГЕН&quot;</oos:fullName><oos:INN>5003056924</oos:INN><oos:KPP>775101001</oos:KPP></oos:powersFOInfo><oos:subjectType>POWERS_DELEGATED_TO_TOFK</oos:subjectType><oos:status>CREATED</oos:status></nsiControl99Subject><nsiControl99Subject><oos:id>9515245</oos:id><oos:controlAuthorityInfo><oos:regNum>01731000006</oos:regNum><oos:consRegistryNum>00132269</oos:consRegistryNum><oos:fullName>УПРАВЛЕНИЕ ФЕДЕРАЛЬНОГО КАЗНАЧЕЙСТВА ПО Г. МОСКВЕ</oos:fullName><oos:INN>7725074789</oos:INN><oos:KPP>772501001</oos:KPP></oos:controlAuthorityInfo><oos:customerInfo><oos:regNum>08731000073</oos:regNum><oos:consRegistryNum>001А8913</oos:consRegistryNum><oos:fullName>ВОЙСКОВАЯ ЧАСТЬ 66631</oos:fullName><oos:INN>7722830317</oos:INN><oos:KPP>772201001</oos:KPP><oos:OKTMO><oos:code>45388000</oos:code><oos:name>муниципальный округ Лефортово</oos:name></oos:OKTMO></oos:customerInfo><oos:personalAccount>03731А89130</oos:personalAccount><oos:subjectType>TOFK_SUBJECT</oos:subjectType><oos:status>CREATED</oos:status></nsiControl99Subject><nsiControl99Subject><oos:id>9515246</oos:id><oos:controlAuthorityInfo><oos:regNum>01731000006</oos:regNum><oos:consRegistryNum>00132269</oos:consRegistryNum><oos:fullName>УПРАВЛЕНИЕ ФЕДЕРАЛЬНОГО КАЗНАЧЕЙСТВА ПО Г. МОСКВЕ</oos:fullName><oos:INN>7725074789</oos:INN><oos:KPP>772501001</oos:KPP></oos:controlAuthorityInfo><oos:customerInfo><oos:regNum>03731001119</oos:regNum><oos:consRegistryNum>001X0658</oos:consRegistryNum><oos:fullName>ФЕДЕРАЛЬНОЕ БЮДЖЕТНОЕ УЧРЕЖДЕНИЕ ЗДРАВООХРАНЕНИЯ &quot;ЦЕНТР ГИГИЕНИЧЕСКОГО ОБРАЗОВАНИЯ НАСЕЛЕНИЯ&quot; ФЕДЕРАЛЬНОЙ СЛУЖБЫ ПО НАДЗОРУ В СФЕРЕ ЗАЩИТЫ ПРАВ ПОТРЕБИТЕЛЕЙ И БЛАГОПОЛУЧИЯ ЧЕЛОВЕКА</oos:fullName><oos:INN>7704083285</oos:INN><oos:KPP>770401001</oos:KPP><oos:OKTMO><oos:code>45374000</oos:code><oos:name>муниципальный округ Арбат</oos:name></oos:OKTMO></oos:customerInfo><oos:subjectType>TOFK_SUBJECT</oos:subjectType><oos:status>CREATED</oos:status></nsiControl99Subject><nsiControl99Subject><oos:id>9515247</oos:id><oos:controlAuthorityInfo><oos:regNum>01731000006</oos:regNum><oos:consRegistryNum>00132269</oos:consRegistryNum><oos:fullName>УПРАВЛЕНИЕ ФЕДЕРАЛЬНОГО КАЗНАЧЕЙСТВА ПО Г. МОСКВЕ</oos:fullName><oos:INN>7725074789</oos:INN><oos:KPP>772501001</oos:KPP></oos:controlAuthorityInfo><oos:customerInfo><oos:regNum>01731000175</oos:regNum><oos:consRegistryNum>001А6910</oos:consRegistryNum><oos:fullName>МЕЖРАЙОННАЯ ИНСПЕКЦИЯ ФЕДЕРАЛЬНОЙ НАЛОГОВОЙ СЛУЖБЫ № 51 ПО Г. МОСКВЕ</oos:fullName><oos:INN>7729711069</oos:INN><oos:KPP>775101001</oos:KPP><oos:OKTMO><oos:code>45326000</oos:code><oos:name>муниципальный округ Солнцево</oos:name></oos:OKTMO></oos:customerInfo><oos:personalAccount>03731А69100</oos:personalAccount><oos:subjectType>TOFK_SUBJECT</oos:subjectType><oos:status>CREATED</oos:status></nsiControl99Subject><nsiControl99Subject><oos:id>9515248</oos:id><oos:controlAuthorityInfo><oos:regNum>01731000006</oos:regNum><oos:consRegistryNum>00132269</oos:consRegistryNum><oos:fullName>УПРАВЛЕНИЕ ФЕДЕРАЛЬНОГО КАЗНАЧЕЙСТВА ПО Г. МОСКВЕ</oos:fullName><oos:INN>7725074789</oos:INN><oos:KPP>772501001</oos:KPP></oos:controlAuthorityInfo><oos:customerInfo><oos:regNum>05731000009</oos:regNum><oos:consRegistryNum>00102511</oos:consRegistryNum><oos:fullName>ФЕДЕРАЛЬНОЕ ГОСУДАРСТВЕННОЕ УНИТАРНОЕ ПРЕДПРИЯТИЕ &quot;ВСЕРОССИЙСКИЙ НАУЧНО-ИССЛЕДОВАТЕЛЬСКИЙ ИНСТИТУТ АВИАЦИОННЫХ МАТЕРИАЛОВ&quot;</oos:fullName><oos:INN>7701024933</oos:INN><oos:KPP>770101001</oos:KPP><oos:OKTMO><oos:code>45379000</oos:code><oos:name>муниципальный округ Мещанский</oos:name></oos:OKTMO></oos:customerInfo><oos:subjectType>TOFK_SUBJECT</oos:subjectType><oos:status>CREATED</oos:status></nsiControl99Subject><nsiControl99Subject><oos:id>9515249</oos:id><oos:controlAuthorityInfo><oos:regNum>01731000006</oos:regNum><oos:consRegistryNum>00132269</oos:consRegistryNum><oos:fullName>УПРАВЛЕНИЕ ФЕДЕРАЛЬНОГО КАЗНАЧЕЙСТВА ПО Г. МОСКВЕ</oos:fullName><oos:INN>7725074789</oos:INN><oos:KPP>772501001</oos:KPP></oos:controlAuthorityInfo><oos:customerInfo><oos:regNum>01731000112</oos:regNum><oos:consRegistryNum>00100724</oos:consRegistryNum><oos:fullName>ФЕДЕРАЛЬНАЯ СЛУЖБА ПО ФИНАНСОВОМУ МОНИТОРИНГУ</oos:fullName><oos:INN>7708234633</oos:INN><oos:KPP>770801001</oos:KPP><oos:OKTMO><oos:code>45378000</oos:code><oos:name>муниципальный округ Красносельский</oos:name></oos:OKTMO></oos:customerInfo><oos:personalAccount>14731903230</oos:personalAccount><oos:subjectType>TOFK_SUBJECT</oos:subjectType><oos:status>CREATED</oos:status></nsiControl99Subject><nsiControl99Subject><oos:id>9515250</oos:id><oos:controlAuthorityInfo><oos:regNum>01731000006</oos:regNum><oos:consRegistryNum>00132269</oos:consRegistryNum><oos:fullName>УПРАВЛЕНИЕ ФЕДЕРАЛЬНОГО КАЗНАЧЕЙСТВА ПО Г. МОСКВЕ</oos:fullName><oos:INN>7725074789</oos:INN><oos:KPP>772501001</oos:KPP></oos:controlAuthorityInfo><oos:customerInfo><oos:regNum>03731000550</oos:regNum><oos:consRegistryNum>001У1458</oos:consRegistryNum><oos:fullName>Научно-учебный комплекс &quot;Специальное машиностроение&quot; МГТУ им. Н.Э. Баумана</oos:fullName><oos:INN>7701002520</oos:INN><oos:KPP>770102008</oos:KPP><oos:OKTMO><oos:code>45375000</oos:code><oos:name>муниципальный округ Басманный</oos:name></oos:OKTMO></oos:customerInfo><oos:subjectType>TOFK_SUBJECT</oos:subjectType><oos:status>CREATED</oos:status></nsiControl99Subject><nsiControl99Subject><oos:id>9515251</oos:id><oos:controlAuthorityInfo><oos:regNum>01731000006</oos:regNum><oos:consRegistryNum>00132269</oos:consRegistryNum><oos:fullName>УПРАВЛЕНИЕ ФЕДЕРАЛЬНОГО КАЗНАЧЕЙСТВА ПО Г. МОСКВЕ</oos:fullName><oos:INN>7725074789</oos:INN><oos:KPP>772501001</oos:KPP></oos:controlAuthorityInfo><oos:customerInfo><oos:regNum>03731001306</oos:regNum><oos:consRegistryNum>001Щ1030</oos:consRegistryNum><oos:fullName>ФЕДЕРАЛЬНОЕ ГОСУДАРСТВЕННОЕ БЮДЖЕТНОЕ УЧРЕЖДЕНИЕ &quot;СИТУАЦИОННО-АНАЛИТИЧЕСКИЙ ЦЕНТР МИНЭНЕРГО РОССИИ&quot;</oos:fullName><oos:INN>7708101880</oos:INN><oos:KPP>770201001</oos:KPP><oos:OKTMO><oos:code>45379000</oos:code><oos:name>муниципальный округ Мещанский</oos:name></oos:OKTMO></oos:customerInfo><oos:subjectType>TOFK_SUBJECT</oos:subjectType><oos:status>CREATED</oos:status></nsiControl99Subject><nsiControl99Subject><oos:id>9515252</oos:id><oos:controlAuthorityInfo><oos:regNum>01731000006</oos:regNum><oos:consRegistryNum>00132269</oos:consRegistryNum><oos:fullName>УПРАВЛЕНИЕ ФЕДЕРАЛЬНОГО КАЗНАЧЕЙСТВА ПО Г. МОСКВЕ</oos:fullName><oos:INN>7725074789</oos:INN><oos:KPP>772501001</oos:KPP></oos:controlAuthorityInfo><oos:customerInfo><oos:regNum>03734000093</oos:regNum><oos:consRegistryNum>001Г4871</oos:consRegistryNum><oos:fullName>ФИЛИАЛ ФЕДЕРАЛЬНОГО ГОСУДАРСТВЕННОГО БЮДЖЕТНОГО УЧРЕЖДЕНИЯ &quot;ЦЕНТРАЛЬНОЕ ЖИЛИЩНО-КОММУНАЛЬНОЕ УПРАВЛЕНИЕ &quot;МИНИСТЕРСТВА  ОБОРОНЫ РОССИЙСКОЙ ФЕДЕРАЦИИ (ПО Г. МОСКВЕ И МОСКОВСКОЙ ОБЛ.)</oos:fullName><oos:INN>7729314745</oos:INN><oos:KPP>771443001</oos:KPP><oos:OKTMO><oos:code>45348000</oos:code><oos:name>муниципальный округ Хорошевский</oos:name></oos:OKTMO></oos:customerInfo><oos:subjectType>TOFK_SUBJECT</oos:subjectType><oos:status>CREATED</oos:status></nsiControl99Subject><nsiControl99Subject><oos:id>9515253</oos:id><oos:controlAuthorityInfo><oos:regNum>01731000006</oos:regNum><oos:consRegistryNum>00132269</oos:consRegistryNum><oos:fullName>УПРАВЛЕНИЕ ФЕДЕРАЛЬНОГО КАЗНАЧЕЙСТВА ПО Г. МОСКВЕ</oos:fullName><oos:INN>7725074789</oos:INN><oos:KPP>772501001</oos:KPP></oos:controlAuthorityInfo><oos:customerInfo><oos:regNum>01951000003</oos:regNum><oos:consRegistryNum>00100149</oos:consRegistryNum><oos:fullName>МИНИСТЕРСТВО ТРУДА И СОЦИАЛЬНОЙ ЗАЩИТЫ РОССИЙСКОЙ ФЕДЕРАЦИИ</oos:fullName><oos:INN>7710914971</oos:INN><oos:KPP>771001001</oos:KPP><oos:OKTMO><oos:code>45382000</oos:code><oos:name>муниципальный округ Тверской</oos:name></oos:OKTMO></oos:customerInfo><oos:personalAccount>14731903110</oos:personalAccount><oos:subjectType>TOFK_SUBJECT</oos:subjectType><oos:status>CREATED</oos:status></nsiControl99Subject><nsiControl99Subject><oos:id>9515254</oos:id><oos:controlAuthorityInfo><oos:regNum>01731000006</oos:regNum><oos:consRegistryNum>00132269</oos:consRegistryNum><oos:fullName>УПРАВЛЕНИЕ ФЕДЕРАЛЬНОГО КАЗНАЧЕЙСТВА ПО Г. МОСКВЕ</oos:fullName><oos:INN>7725074789</oos:INN><oos:KPP>772501001</oos:KPP></oos:controlAuthorityInfo><oos:customerInfo><oos:regNum>08734000032</oos:regNum><oos:consRegistryNum>001F9264</oos:consRegistryNum><oos:fullName>ФЕДЕРАЛЬНОЕ КАЗЕННОЕ УЧРЕЖДЕНИЕ &quot;ВОЙСКОВАЯ ЧАСТЬ 95555&quot;</oos:fullName><oos:INN>7704456466</oos:INN><oos:KPP>770401001</oos:KPP><oos:OKTMO><oos:code>45383000</oos:code><oos:name>муниципальный округ Хамовники</oos:name></oos:OKTMO></oos:customerInfo><oos:personalAccount>03731F92640</oos:personalAccount><oos:subjectType>TOFK_SUBJECT</oos:subjectType><oos:status>CREATED</oos:status></nsiControl99Subject><nsiControl99Subject><oos:id>9515255</oos:id><oos:controlAuthorityInfo><oos:regNum>01731000006</oos:regNum><oos:consRegistryNum>00132269</oos:consRegistryNum><oos:fullName>УПРАВЛЕНИЕ ФЕДЕРАЛЬНОГО КАЗНАЧЕЙСТВА ПО Г. МОСКВЕ</oos:fullName><oos:INN>7725074789</oos:INN><oos:KPP>772501001</oos:KPP></oos:controlAuthorityInfo><oos:customerInfo><oos:regNum>03081000007</oos:regNum><oos:consRegistryNum>001U5694</oos:consRegistryNum><oos:fullName>ФЕДЕРАЛЬНОЕ ГОСУДАРСТВЕННОЕ БЮДЖЕТНОЕ УЧРЕЖДЕНИЕ &quot;НАЦИОНАЛЬНОЕ АККРЕДИТАЦИОННОЕ АГЕНТСТВО В СФЕРЕ ОБРАЗОВАНИЯ&quot;</oos:fullName><oos:INN>1215046871</oos:INN><oos:KPP>772501001</oos:KPP><oos:OKTMO><oos:code>45915000</oos:code><oos:name>муниципальный округ Донской</oos:name></oos:OKTMO></oos:customerInfo><oos:subjectType>TOFK_SUBJECT</oos:subjectType><oos:status>CREATED</oos:status></nsiControl99Subject><nsiControl99Subject><oos:id>9515256</oos:id><oos:controlAuthorityInfo><oos:regNum>01731000006</oos:regNum><oos:consRegistryNum>00132269</oos:consRegistryNum><oos:fullName>УПРАВЛЕНИЕ ФЕДЕРАЛЬНОГО КАЗНАЧЕЙСТВА ПО Г. МОСКВЕ</oos:fullName><oos:INN>7725074789</oos:INN><oos:KPP>772501001</oos:KPP></oos:controlAuthorityInfo><oos:customerInfo><oos:regNum>01954000003</oos:regNum><oos:consRegistryNum>00100075</oos:consRegistryNum><oos:fullName>МИНИСТЕРСТВО НАУКИ И ВЫСШЕГО ОБРАЗОВАНИЯ РОССИЙСКОЙ ФЕДЕРАЦИИ</oos:fullName><oos:INN>9710062939</oos:INN><oos:KPP>771001001</oos:KPP><oos:OKTMO><oos:code>45382000</oos:code><oos:name>муниципальный округ Тверской</oos:name></oos:OKTMO></oos:customerInfo><oos:personalAccount>14731004620</oos:personalAccount><oos:subjectType>TOFK_SUBJECT</oos:subjectType><oos:status>CREATED</oos:status></nsiControl99Subject><nsiControl99Subject><oos:id>9515257</oos:id><oos:controlAuthorityInfo><oos:regNum>01731000006</oos:regNum><oos:consRegistryNum>00132269</oos:consRegistryNum><oos:fullName>УПРАВЛЕНИЕ ФЕДЕРАЛЬНОГО КАЗНАЧЕЙСТВА ПО Г. МОСКВЕ</oos:fullName><oos:INN>7725074789</oos:INN><oos:KPP>772501001</oos:KPP></oos:controlAuthorityInfo><oos:customerInfo><oos:regNum>01731000028</oos:regNum><oos:consRegistryNum>00187399</oos:consRegistryNum><oos:fullName>МОСКОВСКО-ОКСКОЕ ТЕРРИТОРИАЛЬНОЕ УПРАВЛЕНИЕ ФЕДЕРАЛЬНОГО АГЕНТСТВА ПО РЫБОЛОВСТВУ</oos:fullName><oos:INN>7702667310</oos:INN><oos:KPP>772401001</oos:KPP><oos:OKTMO><oos:code>45918000</oos:code><oos:name>муниципальный округ Нагатино-Садовники</oos:name></oos:OKTMO></oos:customerInfo><oos:personalAccount>03731873990</oos:personalAccount><oos:subjectType>TOFK_SUBJECT</oos:subjectType><oos:status>CREATED</oos:status></nsiControl99Subject><nsiControl99Subject><oos:id>9515258</oos:id><oos:controlAuthorityInfo><oos:regNum>03033000559</oos:regNum><oos:consRegistryNum>82392030</oos:consRegistryNum><oos:fullName>ФИНАНСОВОЕ УПРАВЛЕНИЕ  АДМИНИСТРАЦИИ МУНИЦИПАЛЬНОГО ОБРАЗОВАНИЯ  &quot;АКУШИНСКИЙ РАЙОН&quot;</oos:fullName><oos:INN>0502006542</oos:INN><oos:KPP>050201001</oos:KPP></oos:controlAuthorityInfo><oos:customerInfo><oos:regNum>03033001559</oos:regNum><oos:consRegistryNum>82320257</oos:consRegistryNum><oos:fullName>МУНИЦИПАЛЬНОЕ КАЗЕННОЕ ОБЩЕОБРАЗОВАТЕЛЬНОЕ УЧРЕЖДЕНИЕ &quot;БУРГИМАКМАХИНСКАЯ СРЕДНЯЯ ОБЩЕОБРАЗОВАТЕЛЬНАЯ ШКОЛА&quot; МО &quot;АКУШИНСКИЙ РАЙОН&quot; РЕСПУБЛИКИ ДАГЕСТАН</oos:fullName><oos:INN>0502004880</oos:INN><oos:KPP>050201001</oos:KPP><oos:OKTMO><oos:code>82603416</oos:code><oos:name>сельсовет Бургимакмахинский</oos:name></oos:OKTMO></oos:customerInfo><oos:personalAccount>03033202570</oos:personalAccount><oos:subjectType>OTHER</oos:subjectType><oos:status>CONFIRMED</oos:status></nsiControl99Subject></nsiControl99Subjects></export>