<?xml version="1.0" encoding="UTF-8"?><export xmlns:xsi="http://www.w3.org/2001/XMLSchema-instance" xmlns="http://zakupki.gov.ru/oos/export/1" xmlns:oos="http://zakupki.gov.ru/oos/types/1"><nsiContractExecutionDoc><nsiContractExecutionDoc><oos:code>01</oos:code><oos:name>Товарная накладная</oos:name><oos:isAcceptDoc>true</oos:isAcceptDoc><oos:actual>true</oos:actual></nsiContractExecutionDoc><nsiContractExecutionDoc><oos:code>02</oos:code><oos:name>Товарно-транспортная накладная</oos:name><oos:isAcceptDoc>false</oos:isAcceptDoc><oos:actual>true</oos:actual></nsiContractExecutionDoc><nsiContractExecutionDoc><oos:code>03</oos:code><oos:name>Железнодорожная накладная</oos:name><oos:isAcceptDoc>false</oos:isAcceptDoc><oos:actual>true</oos:actual></nsiContractExecutionDoc><nsiContractExecutionDoc><oos:code>04</oos:code><oos:name>Авиационная накладная</oos:name><oos:isAcceptDoc>false</oos:isAcceptDoc><oos:actual>true</oos:actual></nsiContractExecutionDoc><nsiContractExecutionDoc><oos:code>05</oos:code><oos:name>Коносамент</oos:name><oos:isAcceptDoc>false</oos:isAcceptDoc><oos:actual>true</oos:actual></nsiContractExecutionDoc><nsiContractExecutionDoc><oos:code>06</oos:code><oos:name>Акт о приемке товаров</oos:name><oos:isAcceptDoc>true</oos:isAcceptDoc><oos:actual>true</oos:actual></nsiContractExecutionDoc><nsiContractExecutionDoc><oos:code>07</oos:code><oos:name>Акт о приемке товара, поступившего без счета поставщика</oos:name><oos:isAcceptDoc>true</oos:isAcceptDoc><oos:actual>true</oos:actual></nsiContractExecutionDoc><nsiContractExecutionDoc><oos:code>08</oos:code><oos:name>Акт о приеме-передаче объекта основных средств (кроме зданий, сооружений)</oos:name><oos:isAcceptDoc>true</oos:isAcceptDoc><oos:actual>true</oos:actual></nsiContractExecutionDoc><nsiContractExecutionDoc><oos:code>09</oos:code><oos:name>Акт о приеме-передаче здания (сооружения)</oos:name><oos:isAcceptDoc>true</oos:isAcceptDoc><oos:actual>true</oos:actual></nsiContractExecutionDoc><nsiContractExecutionDoc><oos:code>10</oos:code><oos:name>Акт о приеме-передаче групп объектов основных средств (кроме зданий, сооружений)</oos:name><oos:isAcceptDoc>true</oos:isAcceptDoc><oos:actual>true</oos:actual></nsiContractExecutionDoc><nsiContractExecutionDoc><oos:code>11</oos:code><oos:name>Акт о приеме-сдаче отремонтированных, реконструированных, модернизированных объектов основных средств</oos:name><oos:isAcceptDoc>true</oos:isAcceptDoc><oos:actual>true</oos:actual></nsiContractExecutionDoc><nsiContractExecutionDoc><oos:code>12</oos:code><oos:name>Акт о приемке выполненных работ</oos:name><oos:isAcceptDoc>true</oos:isAcceptDoc><oos:actual>true</oos:actual></nsiContractExecutionDoc><nsiContractExecutionDoc><oos:code>13</oos:code><oos:name>Акт приемки законченного строительством объекта</oos:name><oos:isAcceptDoc>true</oos:isAcceptDoc><oos:actual>true</oos:actual></nsiContractExecutionDoc><nsiContractExecutionDoc><oos:code>14</oos:code><oos:name>Акт об установлении расхождения по количеству и качеству при приемке товарно-материальных ценностей</oos:name><oos:isAcceptDoc>false</oos:isAcceptDoc><oos:actual>true</oos:actual></nsiContractExecutionDoc><nsiContractExecutionDoc><oos:code>15</oos:code><oos:name>Акт об установлении расхождений по количеству и качеству при приемке импортных товаров</oos:name><oos:isAcceptDoc>false</oos:isAcceptDoc><oos:actual>true</oos:actual></nsiContractExecutionDoc><nsiContractExecutionDoc><oos:code>16</oos:code><oos:name>Акт (уведомление) о наступлении гарантийного случая</oos:name><oos:isAcceptDoc>false</oos:isAcceptDoc><oos:actual>true</oos:actual></nsiContractExecutionDoc><nsiContractExecutionDoc><oos:code>17</oos:code><oos:name>Акт выполнения обязательств по гарантии</oos:name><oos:isAcceptDoc>false</oos:isAcceptDoc><oos:actual>true</oos:actual></nsiContractExecutionDoc><nsiContractExecutionDoc><oos:code>18</oos:code><oos:name>Счет на оплату</oos:name><oos:isAcceptDoc>false</oos:isAcceptDoc><oos:actual>true</oos:actual></nsiContractExecutionDoc><nsiContractExecutionDoc><oos:code>19</oos:code><oos:name>Счет-фактура</oos:name><oos:isAcceptDoc>false</oos:isAcceptDoc><oos:actual>true</oos:actual></nsiContractExecutionDoc><nsiContractExecutionDoc><oos:code>20</oos:code><oos:name>Акт выполненных работ</oos:name><oos:isAcceptDoc>true</oos:isAcceptDoc><oos:actual>true</oos:actual></nsiContractExecutionDoc><nsiContractExecutionDoc><oos:code>21</oos:code><oos:name>Акт о приемке материалов</oos:name><oos:isAcceptDoc>false</oos:isAcceptDoc><oos:actual>true</oos:actual></nsiContractExecutionDoc><nsiContractExecutionDoc><oos:code>22</oos:code><oos:name>Акт о завесе тары</oos:name><oos:isAcceptDoc>false</oos:isAcceptDoc><oos:actual>true</oos:actual></nsiContractExecutionDoc><nsiContractExecutionDoc><oos:code>23</oos:code><oos:name>Акт об оприходовании тары, не указанной в счете поставщика</oos:name><oos:isAcceptDoc>false</oos:isAcceptDoc><oos:actual>true</oos:actual></nsiContractExecutionDoc><nsiContractExecutionDoc><oos:code>24</oos:code><oos:name>Акт о выявлении недостатков выполненных работ (оказанных услуг)</oos:name><oos:isAcceptDoc>false</oos:isAcceptDoc><oos:actual>true</oos:actual></nsiContractExecutionDoc><nsiContractExecutionDoc><oos:code>25</oos:code><oos:name>Акт о невыполнении работ (оказании услуг)</oos:name><oos:isAcceptDoc>false</oos:isAcceptDoc><oos:actual>true</oos:actual></nsiContractExecutionDoc><nsiContractExecutionDoc><oos:code>26</oos:code><oos:name>Акт-рекламация</oos:name><oos:isAcceptDoc>false</oos:isAcceptDoc><oos:actual>true</oos:actual></nsiContractExecutionDoc><nsiContractExecutionDoc><oos:code>27</oos:code><oos:name>Требование допоставки</oos:name><oos:isAcceptDoc>false</oos:isAcceptDoc><oos:actual>true</oos:actual></nsiContractExecutionDoc><nsiContractExecutionDoc><oos:code>28</oos:code><oos:name>Требование безвозмездного устранения недостатков товара (работы, услуги) в разумный срок</oos:name><oos:isAcceptDoc>false</oos:isAcceptDoc><oos:actual>true</oos:actual></nsiContractExecutionDoc><nsiContractExecutionDoc><oos:code>29</oos:code><oos:name>Требование возмещения своих расходов на устранение недостатков товара (работы, услуги)</oos:name><oos:isAcceptDoc>false</oos:isAcceptDoc><oos:actual>true</oos:actual></nsiContractExecutionDoc><nsiContractExecutionDoc><oos:code>30</oos:code><oos:name>Требование замены постановленного товара</oos:name><oos:isAcceptDoc>false</oos:isAcceptDoc><oos:actual>true</oos:actual></nsiContractExecutionDoc><nsiContractExecutionDoc><oos:code>31</oos:code><oos:name>Акт о приеме (поступлении) оборудования</oos:name><oos:isAcceptDoc>false</oos:isAcceptDoc><oos:actual>true</oos:actual></nsiContractExecutionDoc><nsiContractExecutionDoc><oos:code>32</oos:code><oos:name>Требование соразмерного уменьшения покупной цены</oos:name><oos:isAcceptDoc>false</oos:isAcceptDoc><oos:actual>true</oos:actual></nsiContractExecutionDoc><nsiContractExecutionDoc><oos:code>33</oos:code><oos:name>Требование о возмещение убытков</oos:name><oos:isAcceptDoc>false</oos:isAcceptDoc><oos:actual>true</oos:actual></nsiContractExecutionDoc><nsiContractExecutionDoc><oos:code>34</oos:code><oos:name>Требования заказчика об уплате неустойки (штрафа, пени)</oos:name><oos:isAcceptDoc>false</oos:isAcceptDoc><oos:actual>true</oos:actual></nsiContractExecutionDoc><nsiContractExecutionDoc><oos:code>35</oos:code><oos:name>Требование поставщика об уплате неустойки (штрафа, пени)</oos:name><oos:isAcceptDoc>false</oos:isAcceptDoc><oos:actual>true</oos:actual></nsiContractExecutionDoc><nsiContractExecutionDoc><oos:code>36</oos:code><oos:name>Требование заказчика в адрес банка об осуществлении уплаты денежной суммы по банковской гарантии</oos:name><oos:isAcceptDoc>false</oos:isAcceptDoc><oos:actual>true</oos:actual></nsiContractExecutionDoc><nsiContractExecutionDoc><oos:code>37</oos:code><oos:name>Прочие документы о приемке, не указанные выше</oos:name><oos:isAcceptDoc>false</oos:isAcceptDoc><oos:actual>false</oos:actual></nsiContractExecutionDoc><nsiContractExecutionDoc><oos:code>00</oos:code><oos:name>Платежный документ</oos:name><oos:isAcceptDoc>false</oos:isAcceptDoc><oos:actual>false</oos:actual></nsiContractExecutionDoc><nsiContractExecutionDoc><oos:code>99</oos:code><oos:name>Прочие документы о приемке, не указанные выше</oos:name><oos:isAcceptDoc>true</oos:isAcceptDoc><oos:actual>true</oos:actual></nsiContractExecutionDoc><nsiContractExecutionDoc><oos:code>37</oos:code><oos:name>Универсальный передаточный документ</oos:name><oos:isAcceptDoc>true</oos:isAcceptDoc><oos:actual>true</oos:actual></nsiContractExecutionDoc></nsiContractExecutionDoc></export>