<?xml version="1.0" encoding="UTF-8"?><export xmlns:xsi="http://www.w3.org/2001/XMLSchema-instance" xmlns="http://zakupki.gov.ru/oos/export/1" xmlns:oos="http://zakupki.gov.ru/oos/types/1"><nsiOrganizationTypesList><nsiOrganizationType><oos:code>01</oos:code><oos:name>орган гос.власти</oos:name><oos:description>федеральный орган государственной власти, федеральный государственный орган, орган государственной власти субъекта Российской Федерации, государственный орган субъекта Российской Федерации, орган местного самоуправления, в том числе его территориальные органы</oos:description></nsiOrganizationType><nsiOrganizationType><oos:code>02</oos:code><oos:name>орган упр.гос.фондом</oos:name><oos:description>орган управления государственным внебюджетным фондом</oos:description></nsiOrganizationType><nsiOrganizationType><oos:code>03</oos:code><oos:name>бюджетное учреждение</oos:name><oos:description>бюджетное учреждение</oos:description></nsiOrganizationType><nsiOrganizationType><oos:code>04</oos:code><oos:name>орг.,им.долю гос.уч.</oos:name><oos:description>организация, имеющая долю государственного участия не менее 25 процентов</oos:description></nsiOrganizationType><nsiOrganizationType><oos:code>05</oos:code><oos:name>унитарное предпр.</oos:name><oos:description>унитарное предприятие</oos:description></nsiOrganizationType><nsiOrganizationType><oos:code>06</oos:code><oos:name>субъект ест. моноп.</oos:name><oos:description>субъект естественных монополий</oos:description></nsiOrganizationType><nsiOrganizationType><oos:code>07</oos:code><oos:name>иная организация</oos:name><oos:description>иная организация (используется для учета в Реестре специализированных организаций и оператора ООС (как полномочий в сфере закупок))</oos:description></nsiOrganizationType><nsiOrganizationType><oos:code>08</oos:code><oos:name>казенное учреждение</oos:name><oos:description>казенное учреждение</oos:description></nsiOrganizationType><nsiOrganizationType><oos:code>09</oos:code><oos:name>гос. корпорация</oos:name><oos:description>государственная корпорация, государственная компания</oos:description></nsiOrganizationType><nsiOrganizationType><oos:code>10</oos:code><oos:name>авт. учреждение</oos:name><oos:description>автономное учреждение</oos:description></nsiOrganizationType><nsiOrganizationType><oos:code>11</oos:code><oos:name>орг.,ос.рег.в.деят.</oos:name><oos:description>организация, осуществляющая регулируемые виды деятельности</oos:description></nsiOrganizationType><nsiOrganizationType><oos:code>12</oos:code><oos:name>хоз.об.,УК более 50</oos:name><oos:description>хозяйственное общество, имеющее долю государственного участия, участия муниципального образования более 50 процентов</oos:description></nsiOrganizationType><nsiOrganizationType><oos:code>13</oos:code><oos:name>доч. хоз. об-во</oos:name><oos:description>дочернее хозяйственное общество</oos:description></nsiOrganizationType><nsiOrganizationType><oos:code>14</oos:code><oos:name>спец. организация</oos:name><oos:description>специализированная организация</oos:description></nsiOrganizationType><nsiOrganizationType><oos:code>15</oos:code><oos:name>оператор ООС</oos:name><oos:description>оператор общероссийского официального сайта</oos:description></nsiOrganizationType><nsiOrganizationType><oos:code>16</oos:code><oos:name>оператор ЭП</oos:name><oos:description>оператор электронной площадки</oos:description></nsiOrganizationType><nsiOrganizationType><oos:code>17</oos:code><oos:name>орган аудита</oos:name><oos:description>орган аудита</oos:description></nsiOrganizationType><nsiOrganizationType><oos:code>18</oos:code><oos:name>банк</oos:name><oos:description>банк</oos:description></nsiOrganizationType><nsiOrganizationType><oos:code>19</oos:code><oos:name>орган контроля</oos:name><oos:description>орган контроля</oos:description></nsiOrganizationType><nsiOrganizationType><oos:code>20</oos:code><oos:name>иное юр. лицо</oos:name><oos:description>иное юридическое лицо</oos:description></nsiOrganizationType><nsiOrganizationType><oos:code>21</oos:code><oos:name>оператор ЕИС</oos:name><oos:description>организация, оказывающая услуги по обслуживанию пользователей ЕИС</oos:description></nsiOrganizationType><nsiOrganizationType><oos:code>22</oos:code><oos:name>ЦБ РФ</oos:name><oos:description>Центральный банк Российской Федерации (Банк России)</oos:description></nsiOrganizationType><nsiOrganizationType><oos:code>22</oos:code><oos:name>ЦБ РФ</oos:name><oos:description>Центральный банк Российской Федерации (Банк России)</oos:description></nsiOrganizationType></nsiOrganizationTypesList></export>