<?xml version="1.0" encoding="UTF-8"?><export xmlns:xsi="http://www.w3.org/2001/XMLSchema-instance" xmlns="http://zakupki.gov.ru/oos/export/1" xmlns:oos="http://zakupki.gov.ru/oos/types/1"><nsiContractPenaltyReason><nsiContractPenaltyReason><oos:code>11</oos:code><oos:name>Ненадлежащее исполнение поставщиком (подрядчиком, исполнителем) обязательств, предусмотренных контрактом, за исключением просрочки исполнения поставщиком (подрядчиком, исполнителем) обязательств (в том числе гарантийного обязательства), предусмотренных контрактом</oos:name><oos:penaltyType>F</oos:penaltyType><oos:actual>true</oos:actual></nsiContractPenaltyReason><nsiContractPenaltyReason><oos:code>12</oos:code><oos:name>Ненадлежащее исполнение заказчиком обязательств, предусмотренных контрактом, за исключением просрочки исполнения обязательств, предусмотренных контрактом</oos:name><oos:penaltyType>F</oos:penaltyType><oos:actual>true</oos:actual></nsiContractPenaltyReason><nsiContractPenaltyReason><oos:code>21</oos:code><oos:name>Просрочка исполнения поставщиком (подрядчиком, исполнителем) обязательств, предусмотренных контрактом (в том числе гарантийного обязательства)</oos:name><oos:penaltyType>I</oos:penaltyType><oos:actual>true</oos:actual></nsiContractPenaltyReason><nsiContractPenaltyReason><oos:code>22</oos:code><oos:name>Просрочка исполнения заказчиком обязательств, предусмотренных контрактом</oos:name><oos:penaltyType>I</oos:penaltyType><oos:actual>true</oos:actual></nsiContractPenaltyReason></nsiContractPenaltyReason></export>