<?xml version="1.0" encoding="UTF-8"?><export xmlns:xsi="http://www.w3.org/2001/XMLSchema-instance" xmlns="http://zakupki.gov.ru/oos/export/1" xmlns:oos="http://zakupki.gov.ru/oos/types/1"><nsiPublicDiscussionDecisions><nsiPublicDiscussionDecision><oos:id>8775217</oos:id><oos:code>OPZ</oos:code><oos:name>Отмена проведения закупки</oos:name><oos:foundations><oos:foundation><oos:id>8775223</oos:id><oos:code>NMCK</oos:code><oos:name>В связи с уменьшением начальной (максимальной) цены контракта</oos:name><oos:actual>true</oos:actual></oos:foundation><oos:foundation><oos:id>8775224</oos:id><oos:code>INOE</oos:code><oos:name>По иным основаниям</oos:name><oos:actual>true</oos:actual></oos:foundation></oos:foundations><oos:type>LP</oos:type><oos:phase>S1</oos:phase><oos:actual>true</oos:actual></nsiPublicDiscussionDecision><nsiPublicDiscussionDecision><oos:id>8775218</oos:id><oos:code>PPG</oos:code><oos:name>Продолжение подготовки к проведению закупки без учета результатов обязательного общественного обсуждения</oos:name><oos:type>LP</oos:type><oos:phase>S1</oos:phase><oos:actual>true</oos:actual></nsiPublicDiscussionDecision><nsiPublicDiscussionDecision><oos:id>8775219</oos:id><oos:code>PPGZI</oos:code><oos:name>Продолжение подготовки к проведению закупки с учетом результатов обязательного общественного обсуждения, в том числе с внесением соответствующих изменений в план закупок и план-график (при необходимости)</oos:name><oos:foundations><oos:foundation><oos:id>8775223</oos:id><oos:code>NMCK</oos:code><oos:name>В связи с уменьшением начальной (максимальной) цены контракта</oos:name><oos:actual>true</oos:actual></oos:foundation><oos:foundation><oos:id>8775224</oos:id><oos:code>INOE</oos:code><oos:name>По иным основаниям</oos:name><oos:actual>true</oos:actual></oos:foundation></oos:foundations><oos:type>LP</oos:type><oos:phase>S1</oos:phase><oos:actual>true</oos:actual></nsiPublicDiscussionDecision><nsiPublicDiscussionDecision><oos:id>8775220</oos:id><oos:code>OOP</oos:code><oos:name>Отмена определения поставщика (подрядчика, исполнителя)</oos:name><oos:foundations><oos:foundation><oos:id>8775223</oos:id><oos:code>NMCK</oos:code><oos:name>В связи с уменьшением начальной (максимальной) цены контракта</oos:name><oos:actual>true</oos:actual></oos:foundation><oos:foundation><oos:id>8775224</oos:id><oos:code>INOE</oos:code><oos:name>По иным основаниям</oos:name><oos:actual>true</oos:actual></oos:foundation></oos:foundations><oos:type>LP</oos:type><oos:phase>S2</oos:phase><oos:actual>true</oos:actual></nsiPublicDiscussionDecision><nsiPublicDiscussionDecision><oos:id>8775221</oos:id><oos:code>PPZ</oos:code><oos:name>Продолжение проведения закупки без внесения изменений в документацию о закупке</oos:name><oos:type>LP</oos:type><oos:phase>S2</oos:phase><oos:actual>true</oos:actual></nsiPublicDiscussionDecision><nsiPublicDiscussionDecision><oos:id>8775222</oos:id><oos:code>PPZI</oos:code><oos:name>Продолжение проведения закупки с внесением изменений в документацию о закупке</oos:name><oos:foundations><oos:foundation><oos:id>8775223</oos:id><oos:code>NMCK</oos:code><oos:name>В связи с уменьшением начальной (максимальной) цены контракта</oos:name><oos:actual>true</oos:actual></oos:foundation><oos:foundation><oos:id>8775224</oos:id><oos:code>INOE</oos:code><oos:name>По иным основаниям</oos:name><oos:actual>true</oos:actual></oos:foundation></oos:foundations><oos:type>LP</oos:type><oos:phase>S2</oos:phase><oos:actual>true</oos:actual></nsiPublicDiscussionDecision></nsiPublicDiscussionDecisions></export>