<?xml version="1.0" encoding="UTF-8"?><export xmlns:xsi="http://www.w3.org/2001/XMLSchema-instance" xmlns="http://zakupki.gov.ru/oos/export/1" xmlns:oos="http://zakupki.gov.ru/oos/types/1"><nsiGroupBuildList><nsiGroupBuild><oos:code>1</oos:code><oos:name>Строительство, реконструкция, капитальный ремонт, снос объекта капитального строительства, проведение работ по сохранению объектов культурного наследия</oos:name><oos:isFullBuild>false</oos:isFullBuild><oos:updateDate>2021-01-01T17:25:42.000000</oos:updateDate><oos:isActual>true</oos:isActual></nsiGroupBuild><nsiGroupBuild><oos:code>2</oos:code><oos:name>Контракт заключен в соответствии с ч. 16 ст. 34 44-ФЗ (если контракт жизненного цикла предусматривает проектирование, строительство, реконструкцию, капитальный ремонт объекта капитального строительства)</oos:name><oos:isFullBuild>true</oos:isFullBuild><oos:updateDate>2021-01-01T17:25:42.000000</oos:updateDate><oos:isActual>true</oos:isActual></nsiGroupBuild><nsiGroupBuild><oos:code>3</oos:code><oos:name>Контракт заключен в соответствии с ч. 16.1 ст. 34 44-ФЗ (одновременное выполнение работ по проектированию, строительству и вводу в эксплуатацию объектов капитального строительства)</oos:name><oos:isFullBuild>true</oos:isFullBuild><oos:updateDate>2021-01-01T17:25:42.000000</oos:updateDate><oos:isActual>true</oos:isActual></nsiGroupBuild><nsiGroupBuild><oos:code>4</oos:code><oos:name>Контракт заключен в соответствии с частью 56 статьи 112 44-ФЗ (одновременное выполнение работ по проектированию, строительству, реконструкции и (или) капитальному ремонту объектов капитального строительства в случаях, предусмотренных частью 55 статьи 112 44-ФЗ)</oos:name><oos:isFullBuild>true</oos:isFullBuild><oos:updateDate>2021-01-01T17:26:10.000000</oos:updateDate><oos:isActual>true</oos:isActual></nsiGroupBuild></nsiGroupBuildList></export>