<?xml version="1.0" encoding="UTF-8"?><export xmlns:xsi="http://www.w3.org/2001/XMLSchema-instance" xmlns="http://zakupki.gov.ru/oos/export/1" xmlns:oos="http://zakupki.gov.ru/oos/types/1"><nsiPurchaseDocumentTypesList><nsiPurchaseDocumentTypes><oos:placingWayCode>EA44</oos:placingWayCode><oos:placingWayType>EA44</oos:placingWayType><oos:placingWayName>Электронный аукцион</oos:placingWayName><oos:actual>true</oos:actual><oos:documentTypes><oos:documentType><oos:code>SK</oos:code><oos:name>Сведения о заключении контракта на электронной площадке</oos:name><oos:structured>false</oos:structured><oos:actual>false</oos:actual></oos:documentType><oos:documentType><oos:code>PRE</oos:code><oos:name>Протокол рассмотрения единственной заявки на участие в электронном аукционе</oos:name><oos:structured>false</oos:structured><oos:actual>true</oos:actual></oos:documentType><oos:documentType><oos:code>PRZ</oos:code><oos:name>Протокол рассмотрения заявки единственного участника электронного аукциона</oos:name><oos:structured>false</oos:structured><oos:actual>true</oos:actual></oos:documentType><oos:documentType><oos:code>PR</oos:code><oos:name>Протокол рассмотрения заявок на участие в электронном аукционе</oos:name><oos:structured>false</oos:structured><oos:actual>true</oos:actual></oos:documentType><oos:documentType><oos:code>PP</oos:code><oos:name>Протокол проведения электронного аукциона</oos:name><oos:structured>false</oos:structured><oos:actual>true</oos:actual></oos:documentType><oos:documentType><oos:code>PPN</oos:code><oos:name>Протокол о признании электронного аукциона несостоявшимся</oos:name><oos:structured>false</oos:structured><oos:actual>true</oos:actual></oos:documentType><oos:documentType><oos:code>PPI</oos:code><oos:name>Протокол подведения итогов электронного аукциона</oos:name><oos:structured>false</oos:structured><oos:actual>true</oos:actual></oos:documentType><oos:documentType><oos:code>POK</oos:code><oos:name>Протокол отказа от заключения контракта</oos:name><oos:structured>false</oos:structured><oos:actual>true</oos:actual></oos:documentType></oos:documentTypes></nsiPurchaseDocumentTypes><nsiPurchaseDocumentTypes><oos:placingWayCode>IS44</oos:placingWayCode><oos:placingWayType>IS44</oos:placingWayType><oos:placingWayName>Иной однолотовый способ</oos:placingWayName><oos:actual>false</oos:actual><oos:documentTypes><oos:documentType><oos:code>IP</oos:code><oos:name>Итоговый протокол</oos:name><oos:structured>false</oos:structured><oos:actual>true</oos:actual></oos:documentType><oos:documentType><oos:code>POK</oos:code><oos:name>Протокол отказа от заключения контракта</oos:name><oos:structured>false</oos:structured><oos:actual>true</oos:actual></oos:documentType><oos:documentType><oos:code>VP</oos:code><oos:name>Выписка из протокола проведения запроса предложений</oos:name><oos:structured>false</oos:structured><oos:actual>true</oos:actual></oos:documentType><oos:documentType><oos:code>PP</oos:code><oos:name>Протокол проведения запроса предложений</oos:name><oos:structured>false</oos:structured><oos:actual>true</oos:actual></oos:documentType><oos:documentType><oos:code>IO</oos:code><oos:name>Извещение об отмене определения поставщика (подрядчика, исполнителя)</oos:name><oos:structured>false</oos:structured><oos:actual>true</oos:actual></oos:documentType></oos:documentTypes></nsiPurchaseDocumentTypes><nsiPurchaseDocumentTypes><oos:placingWayCode>OK44</oos:placingWayCode><oos:placingWayType>OK44</oos:placingWayType><oos:placingWayName>Открытый конкурс</oos:placingWayName><oos:actual>true</oos:actual><oos:documentTypes><oos:documentType><oos:code>POK</oos:code><oos:name>Протокол отказа от заключения контракта</oos:name><oos:structured>false</oos:structured><oos:actual>true</oos:actual></oos:documentType><oos:documentType><oos:code>PVK</oos:code><oos:name>Протокол вскрытия конвертов с заявками на участие в открытом конкурсе</oos:name><oos:structured>false</oos:structured><oos:actual>true</oos:actual></oos:documentType><oos:documentType><oos:code>PRO</oos:code><oos:name>Протокол рассмотрения и оценки заявок на участие в открытом конкурсе</oos:name><oos:structured>false</oos:structured><oos:actual>true</oos:actual></oos:documentType><oos:documentType><oos:code>PRE</oos:code><oos:name>Протокол рассмотрения единственной заявки на участие в открытом конкурсе</oos:name><oos:structured>false</oos:structured><oos:actual>true</oos:actual></oos:documentType></oos:documentTypes></nsiPurchaseDocumentTypes><nsiPurchaseDocumentTypes><oos:placingWayCode>PK44</oos:placingWayCode><oos:placingWayType>OK44</oos:placingWayType><oos:placingWayName>Повторный конкурс</oos:placingWayName><oos:actual>true</oos:actual><oos:documentTypes><oos:documentType><oos:code>POK</oos:code><oos:name>Протокол отказа от заключения контракта</oos:name><oos:structured>false</oos:structured><oos:actual>true</oos:actual></oos:documentType><oos:documentType><oos:code>PVK</oos:code><oos:name>Протокол вскрытия конвертов с заявками на участие в открытом конкурсе</oos:name><oos:structured>false</oos:structured><oos:actual>true</oos:actual></oos:documentType><oos:documentType><oos:code>PRO</oos:code><oos:name>Протокол рассмотрения и оценки заявок на участие в открытом конкурсе</oos:name><oos:structured>false</oos:structured><oos:actual>true</oos:actual></oos:documentType><oos:documentType><oos:code>PRE</oos:code><oos:name>Протокол рассмотрения единственной заявки на участие в открытом конкурсе</oos:name><oos:structured>false</oos:structured><oos:actual>true</oos:actual></oos:documentType></oos:documentTypes></nsiPurchaseDocumentTypes><nsiPurchaseDocumentTypes><oos:placingWayCode>PO44</oos:placingWayCode><oos:placingWayType>PO44</oos:placingWayType><oos:placingWayName>Предварительный отбор</oos:placingWayName><oos:actual>true</oos:actual><oos:documentTypes><oos:documentType><oos:code>POK</oos:code><oos:name>Протокол отказа от заключения контракта</oos:name><oos:structured>false</oos:structured><oos:actual>false</oos:actual></oos:documentType><oos:documentType><oos:code>P</oos:code><oos:name>Протокол предварительного отбора</oos:name><oos:structured>false</oos:structured><oos:actual>true</oos:actual></oos:documentType></oos:documentTypes></nsiPurchaseDocumentTypes><nsiPurchaseDocumentTypes><oos:placingWayCode>ZK44</oos:placingWayCode><oos:placingWayType>ZK44</oos:placingWayType><oos:placingWayName>Запрос котировок</oos:placingWayName><oos:actual>true</oos:actual><oos:documentTypes><oos:documentType><oos:code>P</oos:code><oos:name>Протокол рассмотрения и оценки заявок на участие в запросе котировок</oos:name><oos:structured>false</oos:structured><oos:actual>true</oos:actual></oos:documentType><oos:documentType><oos:code>PP</oos:code><oos:name>Протокол рассмотрения и оценки котировочных заявок по результатам продления срока подачи заявок</oos:name><oos:structured>false</oos:structured><oos:actual>true</oos:actual></oos:documentType><oos:documentType><oos:code>POK</oos:code><oos:name>Протокол отказа от заключения контракта</oos:name><oos:structured>false</oos:structured><oos:actual>true</oos:actual></oos:documentType></oos:documentTypes></nsiPurchaseDocumentTypes><nsiPurchaseDocumentTypes><oos:placingWayCode>ZP44</oos:placingWayCode><oos:placingWayType>ZP44</oos:placingWayType><oos:placingWayName>Запрос предложений</oos:placingWayName><oos:actual>true</oos:actual><oos:documentTypes><oos:documentType><oos:code>IP</oos:code><oos:name>Итоговый протокол</oos:name><oos:structured>false</oos:structured><oos:actual>true</oos:actual></oos:documentType><oos:documentType><oos:code>POK</oos:code><oos:name>Протокол отказа от заключения контракта</oos:name><oos:structured>false</oos:structured><oos:actual>true</oos:actual></oos:documentType><oos:documentType><oos:code>VPP</oos:code><oos:name>Выписка из протокола проведения запроса предложений</oos:name><oos:structured>false</oos:structured><oos:actual>true</oos:actual></oos:documentType><oos:documentType><oos:code>PP</oos:code><oos:name>Протокол проведения запроса предложений</oos:name><oos:structured>false</oos:structured><oos:actual>true</oos:actual></oos:documentType></oos:documentTypes></nsiPurchaseDocumentTypes><nsiPurchaseDocumentTypes><oos:placingWayCode>EA111</oos:placingWayCode><oos:placingWayType>INM111</oos:placingWayType><oos:placingWayName>Электронный аукцион с учетом положений ст. 111 Закона № 44-ФЗ</oos:placingWayName><oos:actual>false</oos:actual><oos:documentTypes><oos:documentType><oos:code>POK</oos:code><oos:name>Протокол отказа от заключения контракта</oos:name><oos:structured>false</oos:structured><oos:actual>true</oos:actual></oos:documentType><oos:documentType><oos:code>IND</oos:code><oos:name>Иной документ</oos:name><oos:structured>false</oos:structured><oos:actual>true</oos:actual></oos:documentType><oos:documentType><oos:code>PR</oos:code><oos:name>Протокол рассмотрения заявок</oos:name><oos:structured>false</oos:structured><oos:actual>true</oos:actual></oos:documentType><oos:documentType><oos:code>PRE</oos:code><oos:name>Протокол рассмотрения единственной заявки на участие</oos:name><oos:structured>false</oos:structured><oos:actual>true</oos:actual></oos:documentType><oos:documentType><oos:code>PRZ</oos:code><oos:name>Протокол рассмотрения заявки единственного участника</oos:name><oos:structured>false</oos:structured><oos:actual>true</oos:actual></oos:documentType><oos:documentType><oos:code>PP</oos:code><oos:name>Протокол проведения электронного аукциона</oos:name><oos:structured>false</oos:structured><oos:actual>true</oos:actual></oos:documentType><oos:documentType><oos:code>PPN</oos:code><oos:name>Протокол о признании электронного аукциона несостоявшимся</oos:name><oos:structured>false</oos:structured><oos:actual>true</oos:actual></oos:documentType><oos:documentType><oos:code>PPI</oos:code><oos:name>Протокол подведения итогов электронного аукциона</oos:name><oos:structured>false</oos:structured><oos:actual>true</oos:actual></oos:documentType></oos:documentTypes></nsiPurchaseDocumentTypes><nsiPurchaseDocumentTypes><oos:placingWayCode>EAB44</oos:placingWayCode><oos:placingWayType>EA44</oos:placingWayType><oos:placingWayName>Электронный аукцион на проведение работ по строительству, реконструкции, кап. ремонту, сносу объекта кап. строительства, предусматривающих проектную документацию, утвержденную в порядке, установленном законодательством о градостроительной деятельности</oos:placingWayName><oos:actual>true</oos:actual><oos:documentTypes><oos:documentType><oos:code>PRE</oos:code><oos:name>Протокол рассмотрения единственной заявки на участие в электронном аукционе</oos:name><oos:structured>false</oos:structured><oos:actual>true</oos:actual></oos:documentType><oos:documentType><oos:code>POK</oos:code><oos:name>Протокол отказа от заключения контракта</oos:name><oos:structured>false</oos:structured><oos:actual>true</oos:actual></oos:documentType><oos:documentType><oos:code>PP</oos:code><oos:name>Протокол проведения электронного аукциона</oos:name><oos:structured>false</oos:structured><oos:actual>true</oos:actual></oos:documentType><oos:documentType><oos:code>PPI</oos:code><oos:name>Протокол подведения итогов электронного аукциона</oos:name><oos:structured>false</oos:structured><oos:actual>true</oos:actual></oos:documentType><oos:documentType><oos:code>PPN</oos:code><oos:name>Протокол о признании электронного аукциона несостоявшимся</oos:name><oos:structured>false</oos:structured><oos:actual>true</oos:actual></oos:documentType></oos:documentTypes></nsiPurchaseDocumentTypes><nsiPurchaseDocumentTypes><oos:placingWayCode>EAO44</oos:placingWayCode><oos:placingWayType>EA44</oos:placingWayType><oos:placingWayName>Электронный аукцион для торгов по обращению с твердыми коммунальными отходами</oos:placingWayName><oos:actual>true</oos:actual><oos:documentTypes><oos:documentType><oos:code>POK</oos:code><oos:name>Протокол отказа от заключения контракта</oos:name><oos:structured>false</oos:structured><oos:actual>true</oos:actual></oos:documentType><oos:documentType><oos:code>PRE</oos:code><oos:name>Протокол рассмотрения единственной заявки на участие в электронном аукционе</oos:name><oos:structured>false</oos:structured><oos:actual>true</oos:actual></oos:documentType><oos:documentType><oos:code>PRZ</oos:code><oos:name>Протокол рассмотрения заявки единственного участника электронного аукциона</oos:name><oos:structured>false</oos:structured><oos:actual>true</oos:actual></oos:documentType><oos:documentType><oos:code>PR</oos:code><oos:name>Протокол рассмотрения заявок на участие в электронном аукционе</oos:name><oos:structured>false</oos:structured><oos:actual>true</oos:actual></oos:documentType><oos:documentType><oos:code>PP</oos:code><oos:name>Протокол проведения электронного аукциона</oos:name><oos:structured>false</oos:structured><oos:actual>true</oos:actual></oos:documentType><oos:documentType><oos:code>PPN</oos:code><oos:name>Протокол о признании электронного аукциона несостоявшимся</oos:name><oos:structured>false</oos:structured><oos:actual>true</oos:actual></oos:documentType><oos:documentType><oos:code>PPI</oos:code><oos:name>Протокол подведения итогов электронного аукциона</oos:name><oos:structured>false</oos:structured><oos:actual>true</oos:actual></oos:documentType></oos:documentTypes></nsiPurchaseDocumentTypes><nsiPurchaseDocumentTypes><oos:placingWayCode>EAP44</oos:placingWayCode><oos:placingWayType>EA44</oos:placingWayType><oos:placingWayName>Электронный аукцион</oos:placingWayName><oos:actual>true</oos:actual><oos:documentTypes><oos:documentType><oos:code>SK</oos:code><oos:name>Сведения о заключении контракта на электронной площадке</oos:name><oos:structured>false</oos:structured><oos:actual>false</oos:actual></oos:documentType><oos:documentType><oos:code>PRE</oos:code><oos:name>Протокол рассмотрения единственной заявки на участие в электронном аукционе</oos:name><oos:structured>false</oos:structured><oos:actual>true</oos:actual></oos:documentType><oos:documentType><oos:code>PRZ</oos:code><oos:name>Протокол рассмотрения заявки единственного участника электронного аукциона</oos:name><oos:structured>false</oos:structured><oos:actual>true</oos:actual></oos:documentType><oos:documentType><oos:code>PR</oos:code><oos:name>Протокол рассмотрения заявок на участие в электронном аукционе</oos:name><oos:structured>false</oos:structured><oos:actual>true</oos:actual></oos:documentType><oos:documentType><oos:code>PP</oos:code><oos:name>Протокол проведения электронного аукциона</oos:name><oos:structured>false</oos:structured><oos:actual>true</oos:actual></oos:documentType><oos:documentType><oos:code>PPN</oos:code><oos:name>Протокол о признании электронного аукциона несостоявшимся</oos:name><oos:structured>false</oos:structured><oos:actual>true</oos:actual></oos:documentType><oos:documentType><oos:code>PPI</oos:code><oos:name>Протокол подведения итогов электронного аукциона</oos:name><oos:structured>false</oos:structured><oos:actual>true</oos:actual></oos:documentType><oos:documentType><oos:code>POK</oos:code><oos:name>Протокол отказа от заключения контракта</oos:name><oos:structured>false</oos:structured><oos:actual>true</oos:actual></oos:documentType></oos:documentTypes></nsiPurchaseDocumentTypes><nsiPurchaseDocumentTypes><oos:placingWayCode>EEA44</oos:placingWayCode><oos:placingWayType>EA44</oos:placingWayType><oos:placingWayName>Электронный аукцион для заключения энергосервисного контракта</oos:placingWayName><oos:actual>true</oos:actual><oos:documentTypes><oos:documentType><oos:code>SK</oos:code><oos:name>Сведения о заключении контракта на электронной площадке</oos:name><oos:structured>false</oos:structured><oos:actual>false</oos:actual></oos:documentType><oos:documentType><oos:code>PRE</oos:code><oos:name>Протокол рассмотрения единственной заявки на участие в электронном аукционе</oos:name><oos:structured>false</oos:structured><oos:actual>true</oos:actual></oos:documentType><oos:documentType><oos:code>PRZ</oos:code><oos:name>Протокол рассмотрения заявки единственного участника электронного аукциона</oos:name><oos:structured>false</oos:structured><oos:actual>true</oos:actual></oos:documentType><oos:documentType><oos:code>PR</oos:code><oos:name>Протокол рассмотрения заявок на участие в электронном аукционе</oos:name><oos:structured>false</oos:structured><oos:actual>true</oos:actual></oos:documentType><oos:documentType><oos:code>PP</oos:code><oos:name>Протокол проведения электронного аукциона</oos:name><oos:structured>false</oos:structured><oos:actual>true</oos:actual></oos:documentType><oos:documentType><oos:code>PPN</oos:code><oos:name>Протокол о признании электронного аукциона несостоявшимся</oos:name><oos:structured>false</oos:structured><oos:actual>true</oos:actual></oos:documentType><oos:documentType><oos:code>PPI</oos:code><oos:name>Протокол подведения итогов электронного аукциона</oos:name><oos:structured>false</oos:structured><oos:actual>true</oos:actual></oos:documentType><oos:documentType><oos:code>POK</oos:code><oos:name>Протокол отказа от заключения контракта</oos:name><oos:structured>false</oos:structured><oos:actual>true</oos:actual></oos:documentType></oos:documentTypes></nsiPurchaseDocumentTypes><nsiPurchaseDocumentTypes><oos:placingWayCode>EOK44</oos:placingWayCode><oos:placingWayType>OK44</oos:placingWayType><oos:placingWayName>Конкурс для заключения энергосервисного контракта</oos:placingWayName><oos:actual>true</oos:actual><oos:documentTypes><oos:documentType><oos:code>POK</oos:code><oos:name>Протокол отказа от заключения контракта</oos:name><oos:structured>false</oos:structured><oos:actual>true</oos:actual></oos:documentType><oos:documentType><oos:code>PVK</oos:code><oos:name>Протокол вскрытия конвертов с заявками на участие в открытом конкурсе</oos:name><oos:structured>false</oos:structured><oos:actual>true</oos:actual></oos:documentType><oos:documentType><oos:code>PRO</oos:code><oos:name>Протокол рассмотрения и оценки заявок на участие в открытом конкурсе</oos:name><oos:structured>false</oos:structured><oos:actual>true</oos:actual></oos:documentType><oos:documentType><oos:code>PRE</oos:code><oos:name>Протокол рассмотрения единственной заявки на участие в открытом конкурсе</oos:name><oos:structured>false</oos:structured><oos:actual>true</oos:actual></oos:documentType></oos:documentTypes></nsiPurchaseDocumentTypes><nsiPurchaseDocumentTypes><oos:placingWayCode>EP111</oos:placingWayCode><oos:placingWayType>INM111</oos:placingWayType><oos:placingWayName>Закупка у единственного поставщика (подрядчика, исполнителя) с учетом положений ст. 111 Закона № 44-ФЗ</oos:placingWayName><oos:actual>true</oos:actual><oos:documentTypes><oos:documentType><oos:code>OP</oos:code><oos:name>Извещение об отмене документа</oos:name><oos:structured>false</oos:structured><oos:actual>false</oos:actual></oos:documentType><oos:documentType><oos:code>IND</oos:code><oos:name>Иной документ</oos:name><oos:structured>false</oos:structured><oos:actual>true</oos:actual></oos:documentType></oos:documentTypes></nsiPurchaseDocumentTypes><nsiPurchaseDocumentTypes><oos:placingWayCode>ISM44</oos:placingWayCode><oos:placingWayType>ISM44</oos:placingWayType><oos:placingWayName>Иной многолотовый способ</oos:placingWayName><oos:actual>false</oos:actual><oos:documentTypes><oos:documentType><oos:code>PRO</oos:code><oos:name>Протокол рассмотрения и оценки заявок</oos:name><oos:structured>false</oos:structured><oos:actual>true</oos:actual></oos:documentType><oos:documentType><oos:code>RD</oos:code><oos:name>Разъяснения положений документации</oos:name><oos:structured>false</oos:structured><oos:actual>true</oos:actual></oos:documentType><oos:documentType><oos:code>IO</oos:code><oos:name>Извещение об отмене определения поставщика (подрядчика, исполнителя)</oos:name><oos:structured>false</oos:structured><oos:actual>true</oos:actual></oos:documentType><oos:documentType><oos:code>UP</oos:code><oos:name>Уведомление о продлении срока рассмотрения и оценки заявок</oos:name><oos:structured>false</oos:structured><oos:actual>true</oos:actual></oos:documentType><oos:documentType><oos:code>POK</oos:code><oos:name>Протокол отказа от заключения контракта</oos:name><oos:structured>false</oos:structured><oos:actual>true</oos:actual></oos:documentType><oos:documentType><oos:code>PPO</oos:code><oos:name>Протокол предквалификационного отбора</oos:name><oos:structured>false</oos:structured><oos:actual>true</oos:actual></oos:documentType><oos:documentType><oos:code>PPE</oos:code><oos:name>Протокол первого этапа</oos:name><oos:structured>false</oos:structured><oos:actual>true</oos:actual></oos:documentType><oos:documentType><oos:code>UKD</oos:code><oos:name>Уточненная конкурсная документация</oos:name><oos:structured>false</oos:structured><oos:actual>true</oos:actual></oos:documentType></oos:documentTypes></nsiPurchaseDocumentTypes><nsiPurchaseDocumentTypes><oos:placingWayCode>OK111</oos:placingWayCode><oos:placingWayType>INM111</oos:placingWayType><oos:placingWayName>Открытый конкурс с учетом положений ст. 111 Закона № 44-ФЗ</oos:placingWayName><oos:actual>true</oos:actual><oos:documentTypes><oos:documentType><oos:code>PRE</oos:code><oos:name>Протокол рассмотрения единственной заявки</oos:name><oos:structured>false</oos:structured><oos:actual>true</oos:actual></oos:documentType><oos:documentType><oos:code>IND</oos:code><oos:name>Иной документ</oos:name><oos:structured>false</oos:structured><oos:actual>true</oos:actual></oos:documentType><oos:documentType><oos:code>UP</oos:code><oos:name>Уведомление о продлении срока рассмотрения и оценки заявок</oos:name><oos:structured>false</oos:structured><oos:actual>true</oos:actual></oos:documentType><oos:documentType><oos:code>OP</oos:code><oos:name>Извещение об отмене документа</oos:name><oos:structured>false</oos:structured><oos:actual>false</oos:actual></oos:documentType><oos:documentType><oos:code>RD</oos:code><oos:name>Разъяснения положений документации</oos:name><oos:structured>false</oos:structured><oos:actual>true</oos:actual></oos:documentType><oos:documentType><oos:code>PVK</oos:code><oos:name>Протокол вскрытия конвертов с заявками на участие в открытом конкурсе</oos:name><oos:structured>false</oos:structured><oos:actual>true</oos:actual></oos:documentType><oos:documentType><oos:code>PRO</oos:code><oos:name>Протокол рассмотрения и оценки заявок</oos:name><oos:structured>false</oos:structured><oos:actual>true</oos:actual></oos:documentType><oos:documentType><oos:code>POK</oos:code><oos:name>Протокол отказа от заключения контракта</oos:name><oos:structured>false</oos:structured><oos:actual>true</oos:actual></oos:documentType><oos:documentType><oos:code>PPU</oos:code><oos:name>Протокол признания участника уклонившимся от заключения контракта</oos:name><oos:structured>false</oos:structured><oos:actual>true</oos:actual></oos:documentType></oos:documentTypes></nsiPurchaseDocumentTypes><nsiPurchaseDocumentTypes><oos:placingWayCode>OK504</oos:placingWayCode><oos:placingWayType>OK504</oos:placingWayType><oos:placingWayName>Открытый конкурс в электронной форме</oos:placingWayName><oos:actual>true</oos:actual><oos:documentTypes><oos:documentType><oos:code>OIPS</oos:code><oos:name>Отмена извещения о продлении срока подачи заявок</oos:name><oos:structured>false</oos:structured><oos:actual>true</oos:actual></oos:documentType></oos:documentTypes></nsiPurchaseDocumentTypes><nsiPurchaseDocumentTypes><oos:placingWayCode>OKA44</oos:placingWayCode><oos:placingWayType>OK44</oos:placingWayType><oos:placingWayName>Открытый конкурс для заключения договора на проведение аудита бухгалтерской (финансовой) отчетности (согласно ч. 4 ст. 5 Федерального закона от 30.12.2008г. № 307-ФЗ)</oos:placingWayName><oos:actual>true</oos:actual><oos:documentTypes><oos:documentType><oos:code>POK</oos:code><oos:name>Протокол отказа от заключения контракта</oos:name><oos:structured>false</oos:structured><oos:actual>true</oos:actual></oos:documentType><oos:documentType><oos:code>PVK</oos:code><oos:name>Протокол вскрытия конвертов с заявками на участие в открытом конкурсе</oos:name><oos:structured>false</oos:structured><oos:actual>true</oos:actual></oos:documentType><oos:documentType><oos:code>PRO</oos:code><oos:name>Протокол рассмотрения и оценки заявок на участие в открытом конкурсе</oos:name><oos:structured>false</oos:structured><oos:actual>true</oos:actual></oos:documentType><oos:documentType><oos:code>PRE</oos:code><oos:name>Протокол рассмотрения единственной заявки на участие в открытом конкурсе</oos:name><oos:structured>false</oos:structured><oos:actual>true</oos:actual></oos:documentType></oos:documentTypes></nsiPurchaseDocumentTypes><nsiPurchaseDocumentTypes><oos:placingWayCode>OKD44</oos:placingWayCode><oos:placingWayType>OKD44</oos:placingWayType><oos:placingWayName>Двухэтапный конкурс</oos:placingWayName><oos:actual>true</oos:actual><oos:documentTypes><oos:documentType><oos:code>PRO</oos:code><oos:name>Протокол рассмотрения и оценки заявок на участие в двухэтапном конкурсе</oos:name><oos:structured>false</oos:structured><oos:actual>true</oos:actual></oos:documentType><oos:documentType><oos:code>PVKI</oos:code><oos:name>Протокол вскрытия конвертов с заявками на участие в первом этапе двухэтапного конкурса</oos:name><oos:structured>false</oos:structured><oos:actual>true</oos:actual></oos:documentType><oos:documentType><oos:code>PVKII</oos:code><oos:name>Протокол вскрытия конвертов с заявками на участие во втором этапе двухэтапного конкурса</oos:name><oos:structured>false</oos:structured><oos:actual>true</oos:actual></oos:documentType><oos:documentType><oos:code>PRE</oos:code><oos:name>Протокол рассмотрения единственной заявки на участие в двухэтапном конкурсе</oos:name><oos:structured>false</oos:structured><oos:actual>true</oos:actual></oos:documentType><oos:documentType><oos:code>POK</oos:code><oos:name>Протокол отказа от заключения контракта</oos:name><oos:structured>false</oos:structured><oos:actual>true</oos:actual></oos:documentType><oos:documentType><oos:code>PPO</oos:code><oos:name>Протокол предквалификационного отбора</oos:name><oos:structured>false</oos:structured><oos:actual>true</oos:actual></oos:documentType><oos:documentType><oos:code>PPE</oos:code><oos:name>Протокол первого этапа двухэтапного конкурса</oos:name><oos:structured>false</oos:structured><oos:actual>true</oos:actual></oos:documentType><oos:documentType><oos:code>UD</oos:code><oos:name>Уведомление об уточнении конкурсной документации двухэтапного конкурса</oos:name><oos:structured>false</oos:structured><oos:actual>true</oos:actual></oos:documentType></oos:documentTypes></nsiPurchaseDocumentTypes><nsiPurchaseDocumentTypes><oos:placingWayCode>OKP44</oos:placingWayCode><oos:placingWayType>OK44</oos:placingWayType><oos:placingWayName>Открытый конкурс</oos:placingWayName><oos:actual>true</oos:actual><oos:documentTypes><oos:documentType><oos:code>POK</oos:code><oos:name>Протокол отказа от заключения контракта</oos:name><oos:structured>false</oos:structured><oos:actual>true</oos:actual></oos:documentType><oos:documentType><oos:code>PVK</oos:code><oos:name>Протокол вскрытия конвертов с заявками на участие в открытом конкурсе</oos:name><oos:structured>false</oos:structured><oos:actual>true</oos:actual></oos:documentType><oos:documentType><oos:code>PRO</oos:code><oos:name>Протокол рассмотрения и оценки заявок на участие в открытом конкурсе</oos:name><oos:structured>false</oos:structured><oos:actual>true</oos:actual></oos:documentType><oos:documentType><oos:code>PRE</oos:code><oos:name>Протокол рассмотрения единственной заявки на участие в открытом конкурсе</oos:name><oos:structured>false</oos:structured><oos:actual>true</oos:actual></oos:documentType></oos:documentTypes></nsiPurchaseDocumentTypes><nsiPurchaseDocumentTypes><oos:placingWayCode>OKU44</oos:placingWayCode><oos:placingWayType>OKU44</oos:placingWayType><oos:placingWayName>Конкурс с ограниченным участием</oos:placingWayName><oos:actual>true</oos:actual><oos:documentTypes><oos:documentType><oos:code>PPO</oos:code><oos:name>Протокол предквалификационного отбора</oos:name><oos:structured>false</oos:structured><oos:actual>true</oos:actual></oos:documentType><oos:documentType><oos:code>PRE</oos:code><oos:name>Протокол рассмотрения единственной заявки на участие в конкурсе с ограниченным участием</oos:name><oos:structured>false</oos:structured><oos:actual>true</oos:actual></oos:documentType><oos:documentType><oos:code>POK</oos:code><oos:name>Протокол отказа от заключения контракта</oos:name><oos:structured>false</oos:structured><oos:actual>true</oos:actual></oos:documentType><oos:documentType><oos:code>PVK</oos:code><oos:name>Протокол вскрытия конвертов с заявками на участие в конкурсе с ограниченным участием</oos:name><oos:structured>false</oos:structured><oos:actual>true</oos:actual></oos:documentType><oos:documentType><oos:code>PRO</oos:code><oos:name>Протокол рассмотрения и оценки заявок на участие в конкурсе с ограниченным участием</oos:name><oos:structured>false</oos:structured><oos:actual>true</oos:actual></oos:documentType></oos:documentTypes></nsiPurchaseDocumentTypes><nsiPurchaseDocumentTypes><oos:placingWayCode>PO111</oos:placingWayCode><oos:placingWayType>INM111</oos:placingWayType><oos:placingWayName>Предварительный отбор с учетом положений ст. 111 Закона № 44-ФЗ</oos:placingWayName><oos:actual>true</oos:actual><oos:documentTypes><oos:documentType><oos:code>DI</oos:code><oos:name>Дополнительная информация о проведении предварительного отбора</oos:name><oos:structured>false</oos:structured><oos:actual>true</oos:actual></oos:documentType><oos:documentType><oos:code>IND</oos:code><oos:name>Иной документ</oos:name><oos:structured>false</oos:structured><oos:actual>true</oos:actual></oos:documentType><oos:documentType><oos:code>OP</oos:code><oos:name>Извещение об отмене документа</oos:name><oos:structured>false</oos:structured><oos:actual>false</oos:actual></oos:documentType><oos:documentType><oos:code>P</oos:code><oos:name>Протокол предварительного отбора</oos:name><oos:structured>false</oos:structured><oos:actual>true</oos:actual></oos:documentType></oos:documentTypes></nsiPurchaseDocumentTypes><nsiPurchaseDocumentTypes><oos:placingWayCode>POP44</oos:placingWayCode><oos:placingWayType>PO44</oos:placingWayType><oos:placingWayName>Предварительный отбор</oos:placingWayName><oos:actual>true</oos:actual><oos:documentTypes><oos:documentType><oos:code>POK</oos:code><oos:name>Протокол отказа от заключения контракта</oos:name><oos:structured>false</oos:structured><oos:actual>false</oos:actual></oos:documentType><oos:documentType><oos:code>P</oos:code><oos:name>Протокол предварительного отбора</oos:name><oos:structured>false</oos:structured><oos:actual>true</oos:actual></oos:documentType></oos:documentTypes></nsiPurchaseDocumentTypes><nsiPurchaseDocumentTypes><oos:placingWayCode>ZA111</oos:placingWayCode><oos:placingWayType>INM111</oos:placingWayType><oos:placingWayName>Закрытый аукцион с учетом положений ст. 111 Закона № 44-ФЗ</oos:placingWayName><oos:actual>true</oos:actual><oos:documentTypes><oos:documentType><oos:code>OP</oos:code><oos:name>Извещение об отмене документа</oos:name><oos:structured>false</oos:structured><oos:actual>false</oos:actual></oos:documentType><oos:documentType><oos:code>IND</oos:code><oos:name>Иной документ</oos:name><oos:structured>false</oos:structured><oos:actual>true</oos:actual></oos:documentType></oos:documentTypes></nsiPurchaseDocumentTypes><nsiPurchaseDocumentTypes><oos:placingWayCode>ZA44I</oos:placingWayCode><oos:placingWayType>ISM44</oos:placingWayType><oos:placingWayName>Закрытый аукцион (универсальный способ)</oos:placingWayName><oos:actual>false</oos:actual><oos:documentTypes><oos:documentType><oos:code>IO</oos:code><oos:name>Извещение об отмене определения поставщика (подрядчика, исполнителя)</oos:name><oos:structured>false</oos:structured><oos:actual>true</oos:actual></oos:documentType><oos:documentType><oos:code>IOL</oos:code><oos:name>Извещение об отмене определения поставщика (подрядчика, исполнителя) в части лота</oos:name><oos:structured>false</oos:structured><oos:actual>true</oos:actual></oos:documentType></oos:documentTypes></nsiPurchaseDocumentTypes><nsiPurchaseDocumentTypes><oos:placingWayCode>ZK111</oos:placingWayCode><oos:placingWayType>INM111</oos:placingWayType><oos:placingWayName>Запрос котировок с учетом положений ст. 111 Закона № 44-ФЗ</oos:placingWayName><oos:actual>true</oos:actual><oos:documentTypes><oos:documentType><oos:code>OIPS</oos:code><oos:name>Отмена извещения о продлении срока подачи заявок</oos:name><oos:structured>false</oos:structured><oos:actual>true</oos:actual></oos:documentType><oos:documentType><oos:code>IND</oos:code><oos:name>Иной документ</oos:name><oos:structured>false</oos:structured><oos:actual>true</oos:actual></oos:documentType><oos:documentType><oos:code>OP</oos:code><oos:name>Извещение об отмене документа</oos:name><oos:structured>false</oos:structured><oos:actual>false</oos:actual></oos:documentType><oos:documentType><oos:code>POK</oos:code><oos:name>Протокол отказа от заключения контракта</oos:name><oos:structured>false</oos:structured><oos:actual>true</oos:actual></oos:documentType><oos:documentType><oos:code>P</oos:code><oos:name>Протокол рассмотрения и оценки заявок</oos:name><oos:structured>false</oos:structured><oos:actual>true</oos:actual></oos:documentType><oos:documentType><oos:code>PP</oos:code><oos:name>Протокол рассмотрения и оценки заявок по результатам продления срока подачи заявок</oos:name><oos:structured>false</oos:structured><oos:actual>true</oos:actual></oos:documentType><oos:documentType><oos:code>IPP</oos:code><oos:name>Извещение о продлении срока подачи заявок</oos:name><oos:structured>false</oos:structured><oos:actual>true</oos:actual></oos:documentType></oos:documentTypes></nsiPurchaseDocumentTypes><nsiPurchaseDocumentTypes><oos:placingWayCode>ZK504</oos:placingWayCode><oos:placingWayType>ZK504</oos:placingWayType><oos:placingWayName>Запрос котировок в электронной форме</oos:placingWayName><oos:actual>true</oos:actual><oos:documentTypes><oos:documentType><oos:code>OIPS</oos:code><oos:name>Отмена извещения о продлении срока подачи заявок</oos:name><oos:structured>false</oos:structured><oos:actual>true</oos:actual></oos:documentType><oos:documentType><oos:code>OIPS</oos:code><oos:name>Отмена извещения о продлении срока подачи заявок</oos:name><oos:structured>false</oos:structured><oos:actual>true</oos:actual></oos:documentType></oos:documentTypes></nsiPurchaseDocumentTypes><nsiPurchaseDocumentTypes><oos:placingWayCode>ZKB44</oos:placingWayCode><oos:placingWayType>ZKB44</oos:placingWayType><oos:placingWayName>Запрос котировок без размещения извещения</oos:placingWayName><oos:actual>true</oos:actual><oos:documentTypes><oos:documentType><oos:code>POK</oos:code><oos:name>Протокол отказа от заключения контракта</oos:name><oos:structured>false</oos:structured><oos:actual>true</oos:actual></oos:documentType></oos:documentTypes></nsiPurchaseDocumentTypes><nsiPurchaseDocumentTypes><oos:placingWayCode>ZKE44</oos:placingWayCode><oos:placingWayType>ZK44</oos:placingWayType><oos:placingWayName>Запрос котировок для заключения энергосервисного контракта</oos:placingWayName><oos:actual>true</oos:actual><oos:documentTypes><oos:documentType><oos:code>POK</oos:code><oos:name>Протокол отказа от заключения контракта</oos:name><oos:structured>false</oos:structured><oos:actual>true</oos:actual></oos:documentType><oos:documentType><oos:code>PP</oos:code><oos:name>Протокол рассмотрения и оценки котировочных заявок по результатам продления срока подачи заявок</oos:name><oos:structured>false</oos:structured><oos:actual>true</oos:actual></oos:documentType><oos:documentType><oos:code>P</oos:code><oos:name>Протокол рассмотрения и оценки заявок на участие в запросе котировок</oos:name><oos:structured>false</oos:structured><oos:actual>true</oos:actual></oos:documentType></oos:documentTypes></nsiPurchaseDocumentTypes><nsiPurchaseDocumentTypes><oos:placingWayCode>ZKI44</oos:placingWayCode><oos:placingWayType>ZK44</oos:placingWayType><oos:placingWayName>Запрос котировок в соответствии со ст. 75 Закона № 44-ФЗ</oos:placingWayName><oos:actual>true</oos:actual><oos:documentTypes><oos:documentType><oos:code>PP</oos:code><oos:name>Протокол рассмотрения и оценки котировочных заявок по результатам продления срока подачи заявок</oos:name><oos:structured>false</oos:structured><oos:actual>true</oos:actual></oos:documentType><oos:documentType><oos:code>P</oos:code><oos:name>Протокол рассмотрения и оценки заявок на участие в запросе котировок</oos:name><oos:structured>false</oos:structured><oos:actual>true</oos:actual></oos:documentType><oos:documentType><oos:code>POK</oos:code><oos:name>Протокол отказа от заключения контракта</oos:name><oos:structured>false</oos:structured><oos:actual>true</oos:actual></oos:documentType></oos:documentTypes></nsiPurchaseDocumentTypes><nsiPurchaseDocumentTypes><oos:placingWayCode>ZKP44</oos:placingWayCode><oos:placingWayType>ZK44</oos:placingWayType><oos:placingWayName>Запрос котировок</oos:placingWayName><oos:actual>true</oos:actual><oos:documentTypes><oos:documentType><oos:code>POK</oos:code><oos:name>Протокол отказа от заключения контракта</oos:name><oos:structured>false</oos:structured><oos:actual>true</oos:actual></oos:documentType><oos:documentType><oos:code>PP</oos:code><oos:name>Протокол рассмотрения и оценки котировочных заявок по результатам продления срока подачи заявок</oos:name><oos:structured>false</oos:structured><oos:actual>true</oos:actual></oos:documentType><oos:documentType><oos:code>P</oos:code><oos:name>Протокол рассмотрения и оценки заявок на участие в запросе котировок</oos:name><oos:structured>false</oos:structured><oos:actual>true</oos:actual></oos:documentType></oos:documentTypes></nsiPurchaseDocumentTypes><nsiPurchaseDocumentTypes><oos:placingWayCode>ZP111</oos:placingWayCode><oos:placingWayType>INM111</oos:placingWayType><oos:placingWayName>Запрос предложений с учетом положений ст. 111 Закона № 44-ФЗ</oos:placingWayName><oos:actual>true</oos:actual><oos:documentTypes><oos:documentType><oos:code>POK</oos:code><oos:name>Протокол отказа от заключения контракта</oos:name><oos:structured>false</oos:structured><oos:actual>true</oos:actual></oos:documentType><oos:documentType><oos:code>IND</oos:code><oos:name>Иной документ</oos:name><oos:structured>false</oos:structured><oos:actual>true</oos:actual></oos:documentType><oos:documentType><oos:code>OP</oos:code><oos:name>Извещение об отмене документа</oos:name><oos:structured>false</oos:structured><oos:actual>false</oos:actual></oos:documentType><oos:documentType><oos:code>VPP</oos:code><oos:name>Выписка из протокола проведения запроса предложений</oos:name><oos:structured>false</oos:structured><oos:actual>true</oos:actual></oos:documentType><oos:documentType><oos:code>PP</oos:code><oos:name>Протокол проведения запроса предложений</oos:name><oos:structured>false</oos:structured><oos:actual>true</oos:actual></oos:documentType><oos:documentType><oos:code>IP</oos:code><oos:name>Итоговый протокол</oos:name><oos:structured>false</oos:structured><oos:actual>true</oos:actual></oos:documentType></oos:documentTypes></nsiPurchaseDocumentTypes><nsiPurchaseDocumentTypes><oos:placingWayCode>ZPP44</oos:placingWayCode><oos:placingWayType>ZP44</oos:placingWayType><oos:placingWayName>Запрос предложений</oos:placingWayName><oos:actual>true</oos:actual><oos:documentTypes><oos:documentType><oos:code>IP</oos:code><oos:name>Итоговый протокол</oos:name><oos:structured>false</oos:structured><oos:actual>true</oos:actual></oos:documentType><oos:documentType><oos:code>POK</oos:code><oos:name>Протокол отказа от заключения контракта</oos:name><oos:structured>false</oos:structured><oos:actual>true</oos:actual></oos:documentType><oos:documentType><oos:code>VPP</oos:code><oos:name>Выписка из протокола проведения запроса предложений</oos:name><oos:structured>false</oos:structured><oos:actual>true</oos:actual></oos:documentType><oos:documentType><oos:code>PP</oos:code><oos:name>Протокол проведения запроса предложений</oos:name><oos:structured>false</oos:structured><oos:actual>true</oos:actual></oos:documentType></oos:documentTypes></nsiPurchaseDocumentTypes><nsiPurchaseDocumentTypes><oos:placingWayCode>EOK504</oos:placingWayCode><oos:placingWayType>OK504</oos:placingWayType><oos:placingWayName>Открытый конкурс в электронной форме для заключения энергосервисного контракта</oos:placingWayName><oos:actual>true</oos:actual><oos:documentTypes><oos:documentType><oos:code>OIPS</oos:code><oos:name>Отмена извещения о продлении срока подачи заявок</oos:name><oos:structured>false</oos:structured><oos:actual>true</oos:actual></oos:documentType></oos:documentTypes></nsiPurchaseDocumentTypes><nsiPurchaseDocumentTypes><oos:placingWayCode>EOKD44</oos:placingWayCode><oos:placingWayType>OKD44</oos:placingWayType><oos:placingWayName>Конкурс для заключения энергосервисного контракта</oos:placingWayName><oos:actual>true</oos:actual><oos:documentTypes><oos:documentType><oos:code>PRE</oos:code><oos:name>Протокол рассмотрения единственной заявки на участие в двухэтапном конкурсе</oos:name><oos:structured>false</oos:structured><oos:actual>true</oos:actual></oos:documentType><oos:documentType><oos:code>POK</oos:code><oos:name>Протокол отказа от заключения контракта</oos:name><oos:structured>false</oos:structured><oos:actual>true</oos:actual></oos:documentType><oos:documentType><oos:code>PPO</oos:code><oos:name>Протокол предквалификационного отбора</oos:name><oos:structured>false</oos:structured><oos:actual>true</oos:actual></oos:documentType><oos:documentType><oos:code>PPE</oos:code><oos:name>Протокол первого этапа двухэтапного конкурса</oos:name><oos:structured>false</oos:structured><oos:actual>true</oos:actual></oos:documentType><oos:documentType><oos:code>UD</oos:code><oos:name>Уведомление об уточнении конкурсной документации двухэтапного конкурса</oos:name><oos:structured>false</oos:structured><oos:actual>true</oos:actual></oos:documentType><oos:documentType><oos:code>PRO</oos:code><oos:name>Протокол рассмотрения и оценки заявок на участие в двухэтапном конкурсе</oos:name><oos:structured>false</oos:structured><oos:actual>true</oos:actual></oos:documentType><oos:documentType><oos:code>PVKI</oos:code><oos:name>Протокол вскрытия конвертов с заявками на участие в первом этапе двухэтапного конкурса</oos:name><oos:structured>false</oos:structured><oos:actual>true</oos:actual></oos:documentType><oos:documentType><oos:code>PVKII</oos:code><oos:name>Протокол вскрытия конвертов с заявками на участие во втором этапе двухэтапного конкурса</oos:name><oos:structured>false</oos:structured><oos:actual>true</oos:actual></oos:documentType></oos:documentTypes></nsiPurchaseDocumentTypes><nsiPurchaseDocumentTypes><oos:placingWayCode>EOKU44</oos:placingWayCode><oos:placingWayType>OKU44</oos:placingWayType><oos:placingWayName>Конкурс для заключения энергосервисного контракта</oos:placingWayName><oos:actual>true</oos:actual><oos:documentTypes><oos:documentType><oos:code>PRE</oos:code><oos:name>Протокол рассмотрения единственной заявки на участие в конкурсе с ограниченным участием</oos:name><oos:structured>false</oos:structured><oos:actual>true</oos:actual></oos:documentType><oos:documentType><oos:code>POK</oos:code><oos:name>Протокол отказа от заключения контракта</oos:name><oos:structured>false</oos:structured><oos:actual>true</oos:actual></oos:documentType><oos:documentType><oos:code>PVK</oos:code><oos:name>Протокол вскрытия конвертов с заявками на участие в конкурсе с ограниченным участием</oos:name><oos:structured>false</oos:structured><oos:actual>true</oos:actual></oos:documentType><oos:documentType><oos:code>PRO</oos:code><oos:name>Протокол рассмотрения и оценки заявок на участие в конкурсе с ограниченным участием</oos:name><oos:structured>false</oos:structured><oos:actual>true</oos:actual></oos:documentType><oos:documentType><oos:code>PPO</oos:code><oos:name>Протокол предквалификационного отбора</oos:name><oos:structured>false</oos:structured><oos:actual>true</oos:actual></oos:documentType></oos:documentTypes></nsiPurchaseDocumentTypes><nsiPurchaseDocumentTypes><oos:placingWayCode>EZK504</oos:placingWayCode><oos:placingWayType>ZK504</oos:placingWayType><oos:placingWayName>Запрос котировок в электронной форме для заключения энергосервисного контракта</oos:placingWayName><oos:actual>true</oos:actual><oos:documentTypes><oos:documentType><oos:code>OIPS</oos:code><oos:name>Отмена извещения о продлении срока подачи заявок</oos:name><oos:structured>false</oos:structured><oos:actual>true</oos:actual></oos:documentType><oos:documentType><oos:code>OIPS</oos:code><oos:name>Отмена извещения о продлении срока подачи заявок</oos:name><oos:structured>false</oos:structured><oos:actual>true</oos:actual></oos:documentType></oos:documentTypes></nsiPurchaseDocumentTypes><nsiPurchaseDocumentTypes><oos:placingWayCode>INM111</oos:placingWayCode><oos:placingWayType>INM111</oos:placingWayType><oos:placingWayName>Способ определения поставщика (подрядчика, исполнителя), установленный Правительством Российской Федерации в соответствии со ст. 111 Федерального закона № 44-ФЗ</oos:placingWayName><oos:actual>true</oos:actual><oos:documentTypes><oos:documentType><oos:code>POK</oos:code><oos:name>Протокол отказа от заключения контракта</oos:name><oos:structured>false</oos:structured><oos:actual>true</oos:actual></oos:documentType><oos:documentType><oos:code>DPO</oos:code><oos:name>Документ по процедуре определения поставщика (подрядчика, исполнителя)</oos:name><oos:structured>false</oos:structured><oos:actual>true</oos:actual></oos:documentType><oos:documentType><oos:code>IND</oos:code><oos:name>Иной документ</oos:name><oos:structured>false</oos:structured><oos:actual>true</oos:actual></oos:documentType></oos:documentTypes></nsiPurchaseDocumentTypes><nsiPurchaseDocumentTypes><oos:placingWayCode>OKA504</oos:placingWayCode><oos:placingWayType>OK504</oos:placingWayType><oos:placingWayName>Открытый конкурс в электронной форме для заключения договора на проведение аудита бухгалтерской (финансовой) отчетности (согласно ч. 4 ст. 5 Федерального закона от 30.12.2008г. № 307-ФЗ)</oos:placingWayName><oos:actual>true</oos:actual><oos:documentTypes><oos:documentType><oos:code>OIPS</oos:code><oos:name>Отмена извещения о продлении срока подачи заявок</oos:name><oos:structured>false</oos:structured><oos:actual>true</oos:actual></oos:documentType></oos:documentTypes></nsiPurchaseDocumentTypes><nsiPurchaseDocumentTypes><oos:placingWayCode>OKD111</oos:placingWayCode><oos:placingWayType>INM111</oos:placingWayType><oos:placingWayName>Двухэтапный конкурс с учетом положений ст. 111 Закона № 44-ФЗ</oos:placingWayName><oos:actual>true</oos:actual><oos:documentTypes><oos:documentType><oos:code>PRE</oos:code><oos:name>Протокол рассмотрения единственной заявки</oos:name><oos:structured>false</oos:structured><oos:actual>true</oos:actual></oos:documentType><oos:documentType><oos:code>IND</oos:code><oos:name>Иной документ</oos:name><oos:structured>false</oos:structured><oos:actual>true</oos:actual></oos:documentType><oos:documentType><oos:code>OP</oos:code><oos:name>Извещение об отмене документа</oos:name><oos:structured>false</oos:structured><oos:actual>false</oos:actual></oos:documentType><oos:documentType><oos:code>POK</oos:code><oos:name>Протокол отказа от заключения контракта</oos:name><oos:structured>false</oos:structured><oos:actual>true</oos:actual></oos:documentType><oos:documentType><oos:code>PPU</oos:code><oos:name>Протокол признания участника уклонившимся от заключения контракта</oos:name><oos:structured>false</oos:structured><oos:actual>true</oos:actual></oos:documentType><oos:documentType><oos:code>PPO</oos:code><oos:name>Протокол предквалификационного отбора</oos:name><oos:structured>false</oos:structured><oos:actual>true</oos:actual></oos:documentType><oos:documentType><oos:code>PVKI</oos:code><oos:name>Протокол вскрытия конвертов с заявками на участие в первом этапе двухэтапного конкурса</oos:name><oos:structured>false</oos:structured><oos:actual>true</oos:actual></oos:documentType><oos:documentType><oos:code>PPE</oos:code><oos:name>Протокол первого этапа</oos:name><oos:structured>false</oos:structured><oos:actual>true</oos:actual></oos:documentType><oos:documentType><oos:code>UD</oos:code><oos:name>Уточнение документации</oos:name><oos:structured>false</oos:structured><oos:actual>true</oos:actual></oos:documentType><oos:documentType><oos:code>PVKII</oos:code><oos:name>Протокол вскрытия конвертов с заявками на участие во втором этапе двухэтапного конкурса</oos:name><oos:structured>false</oos:structured><oos:actual>true</oos:actual></oos:documentType><oos:documentType><oos:code>PRO</oos:code><oos:name>Протокол рассмотрения и оценки заявок</oos:name><oos:structured>false</oos:structured><oos:actual>true</oos:actual></oos:documentType><oos:documentType><oos:code>RD</oos:code><oos:name>Разъяснения положений документации</oos:name><oos:structured>false</oos:structured><oos:actual>true</oos:actual></oos:documentType><oos:documentType><oos:code>UP</oos:code><oos:name>Уведомление о продлении срока рассмотрения и оценки заявок</oos:name><oos:structured>false</oos:structured><oos:actual>true</oos:actual></oos:documentType></oos:documentTypes></nsiPurchaseDocumentTypes><nsiPurchaseDocumentTypes><oos:placingWayCode>OKD44I</oos:placingWayCode><oos:placingWayType>ISM44</oos:placingWayType><oos:placingWayName>Двухэтапный конкурс (универсальный способ)</oos:placingWayName><oos:actual>false</oos:actual><oos:documentTypes><oos:documentType><oos:code>PRO</oos:code><oos:name>Протокол рассмотрения и оценки заявок на участие в двухэтапном конкурсе</oos:name><oos:structured>false</oos:structured><oos:actual>true</oos:actual></oos:documentType><oos:documentType><oos:code>IOL</oos:code><oos:name>Извещение об отмене определения поставщика (подрядчика, исполнителя) в части лота</oos:name><oos:structured>false</oos:structured><oos:actual>true</oos:actual></oos:documentType><oos:documentType><oos:code>IO</oos:code><oos:name>Извещение об отмене определения поставщика (подрядчика, исполнителя)</oos:name><oos:structured>false</oos:structured><oos:actual>true</oos:actual></oos:documentType><oos:documentType><oos:code>RD</oos:code><oos:name>Разъяснения положений конкурсной документации</oos:name><oos:structured>false</oos:structured><oos:actual>true</oos:actual></oos:documentType><oos:documentType><oos:code>UP</oos:code><oos:name>Уведомление о продлении срока рассмотрения и оценки заявок</oos:name><oos:structured>false</oos:structured><oos:actual>true</oos:actual></oos:documentType><oos:documentType><oos:code>POK</oos:code><oos:name>Протокол отказа от заключения контракта</oos:name><oos:structured>false</oos:structured><oos:actual>true</oos:actual></oos:documentType><oos:documentType><oos:code>PPO</oos:code><oos:name>Протокол предквалификационного отбора</oos:name><oos:structured>false</oos:structured><oos:actual>true</oos:actual></oos:documentType><oos:documentType><oos:code>PPE</oos:code><oos:name>Протокол первого этапа двухэтапного конкурса</oos:name><oos:structured>false</oos:structured><oos:actual>true</oos:actual></oos:documentType><oos:documentType><oos:code>UD</oos:code><oos:name>Уведомление об уточнении конкурсной документации двухэтапного конкурса</oos:name><oos:structured>false</oos:structured><oos:actual>true</oos:actual></oos:documentType></oos:documentTypes></nsiPurchaseDocumentTypes><nsiPurchaseDocumentTypes><oos:placingWayCode>OKD504</oos:placingWayCode><oos:placingWayType>OKD504</oos:placingWayType><oos:placingWayName>Двухэтапный конкурс в электронной форме</oos:placingWayName><oos:actual>true</oos:actual><oos:documentTypes><oos:documentType><oos:code>OIPS</oos:code><oos:name>Отмена извещения о продлении срока подачи заявок</oos:name><oos:structured>false</oos:structured><oos:actual>true</oos:actual></oos:documentType></oos:documentTypes></nsiPurchaseDocumentTypes><nsiPurchaseDocumentTypes><oos:placingWayCode>OKDP44</oos:placingWayCode><oos:placingWayType>OKD44</oos:placingWayType><oos:placingWayName>Двухэтапный конкурс</oos:placingWayName><oos:actual>true</oos:actual><oos:documentTypes><oos:documentType><oos:code>PRO</oos:code><oos:name>Протокол рассмотрения и оценки заявок на участие в двухэтапном конкурсе</oos:name><oos:structured>false</oos:structured><oos:actual>true</oos:actual></oos:documentType><oos:documentType><oos:code>PVKI</oos:code><oos:name>Протокол вскрытия конвертов с заявками на участие в первом этапе двухэтапного конкурса</oos:name><oos:structured>false</oos:structured><oos:actual>true</oos:actual></oos:documentType><oos:documentType><oos:code>PVKII</oos:code><oos:name>Протокол вскрытия конвертов с заявками на участие во втором этапе двухэтапного конкурса</oos:name><oos:structured>false</oos:structured><oos:actual>true</oos:actual></oos:documentType><oos:documentType><oos:code>PRE</oos:code><oos:name>Протокол рассмотрения единственной заявки на участие в двухэтапном конкурсе</oos:name><oos:structured>false</oos:structured><oos:actual>true</oos:actual></oos:documentType><oos:documentType><oos:code>POK</oos:code><oos:name>Протокол отказа от заключения контракта</oos:name><oos:structured>false</oos:structured><oos:actual>true</oos:actual></oos:documentType><oos:documentType><oos:code>PPO</oos:code><oos:name>Протокол предквалификационного отбора</oos:name><oos:structured>false</oos:structured><oos:actual>true</oos:actual></oos:documentType><oos:documentType><oos:code>PPE</oos:code><oos:name>Протокол первого этапа двухэтапного конкурса</oos:name><oos:structured>false</oos:structured><oos:actual>true</oos:actual></oos:documentType><oos:documentType><oos:code>UD</oos:code><oos:name>Уведомление об уточнении конкурсной документации двухэтапного конкурса</oos:name><oos:structured>false</oos:structured><oos:actual>true</oos:actual></oos:documentType></oos:documentTypes></nsiPurchaseDocumentTypes><nsiPurchaseDocumentTypes><oos:placingWayCode>OKK504</oos:placingWayCode><oos:placingWayType>OK504</oos:placingWayType><oos:placingWayName>Открытый конкурс в электронной форме для заключения контракта в сфере науки, культуры или искусства</oos:placingWayName><oos:actual>true</oos:actual><oos:documentTypes><oos:documentType><oos:code>OIPS</oos:code><oos:name>Отмена извещения о продлении срока подачи заявок</oos:name><oos:structured>false</oos:structured><oos:actual>true</oos:actual></oos:documentType></oos:documentTypes></nsiPurchaseDocumentTypes><nsiPurchaseDocumentTypes><oos:placingWayCode>OKP504</oos:placingWayCode><oos:placingWayType>OK504</oos:placingWayType><oos:placingWayName>Открытый конкурс в электронной форме</oos:placingWayName><oos:actual>true</oos:actual><oos:documentTypes><oos:documentType><oos:code>OIPS</oos:code><oos:name>Отмена извещения о продлении срока подачи заявок</oos:name><oos:structured>false</oos:structured><oos:actual>true</oos:actual></oos:documentType></oos:documentTypes></nsiPurchaseDocumentTypes><nsiPurchaseDocumentTypes><oos:placingWayCode>OKU111</oos:placingWayCode><oos:placingWayType>INM111</oos:placingWayType><oos:placingWayName>Конкурс с ограниченным участием с учетом положений ст. 111 Закона № 44-ФЗ</oos:placingWayName><oos:actual>true</oos:actual><oos:documentTypes><oos:documentType><oos:code>PRE</oos:code><oos:name>Протокол рассмотрения единственной заявки</oos:name><oos:structured>false</oos:structured><oos:actual>true</oos:actual></oos:documentType><oos:documentType><oos:code>IND</oos:code><oos:name>Иной документ</oos:name><oos:structured>false</oos:structured><oos:actual>true</oos:actual></oos:documentType><oos:documentType><oos:code>OP</oos:code><oos:name>Извещение об отмене документа</oos:name><oos:structured>false</oos:structured><oos:actual>false</oos:actual></oos:documentType><oos:documentType><oos:code>POK</oos:code><oos:name>Протокол отказа от заключения контракта</oos:name><oos:structured>false</oos:structured><oos:actual>true</oos:actual></oos:documentType><oos:documentType><oos:code>PPU</oos:code><oos:name>Протокол признания участника уклонившимся от заключения контракта</oos:name><oos:structured>false</oos:structured><oos:actual>true</oos:actual></oos:documentType><oos:documentType><oos:code>PVK</oos:code><oos:name>Протокол вскрытия конвертов с заявками на участие в конкурсе с ограниченным участием</oos:name><oos:structured>false</oos:structured><oos:actual>true</oos:actual></oos:documentType><oos:documentType><oos:code>PRO</oos:code><oos:name>Протокол рассмотрения и оценки заявок</oos:name><oos:structured>false</oos:structured><oos:actual>true</oos:actual></oos:documentType><oos:documentType><oos:code>PPO</oos:code><oos:name>Протокол предквалификационного отбора</oos:name><oos:structured>false</oos:structured><oos:actual>true</oos:actual></oos:documentType><oos:documentType><oos:code>RD</oos:code><oos:name>Разъяснения положений документации</oos:name><oos:structured>false</oos:structured><oos:actual>true</oos:actual></oos:documentType><oos:documentType><oos:code>UP</oos:code><oos:name>Уведомление о продлении срока рассмотрения и оценки заявок</oos:name><oos:structured>false</oos:structured><oos:actual>true</oos:actual></oos:documentType></oos:documentTypes></nsiPurchaseDocumentTypes><nsiPurchaseDocumentTypes><oos:placingWayCode>OKU44I</oos:placingWayCode><oos:placingWayType>ISM44</oos:placingWayType><oos:placingWayName>Конкурс с ограниченным участием (универсальный способ)</oos:placingWayName><oos:actual>false</oos:actual><oos:documentTypes><oos:documentType><oos:code>PPO</oos:code><oos:name>Протокол предквалификационного отбора</oos:name><oos:structured>false</oos:structured><oos:actual>true</oos:actual></oos:documentType><oos:documentType><oos:code>IOL</oos:code><oos:name>Извещение об отмене определения поставщика (подрядчика, исполнителя) в части лота</oos:name><oos:structured>false</oos:structured><oos:actual>true</oos:actual></oos:documentType><oos:documentType><oos:code>IO</oos:code><oos:name>Извещение об отмене определения поставщика (подрядчика, исполнителя)</oos:name><oos:structured>false</oos:structured><oos:actual>true</oos:actual></oos:documentType><oos:documentType><oos:code>RD</oos:code><oos:name>Разъяснения положений конкурсной документации</oos:name><oos:structured>false</oos:structured><oos:actual>true</oos:actual></oos:documentType><oos:documentType><oos:code>UP</oos:code><oos:name>Уведомление о продлении срока рассмотрения и оценки заявок на участие в конкурсе</oos:name><oos:structured>false</oos:structured><oos:actual>true</oos:actual></oos:documentType><oos:documentType><oos:code>POK</oos:code><oos:name>Протокол отказа от заключения контракта</oos:name><oos:structured>false</oos:structured><oos:actual>true</oos:actual></oos:documentType><oos:documentType><oos:code>PVK</oos:code><oos:name>Протокол вскрытия конвертов с заявками на участие в конкурсе с ограниченным участием и открытия доступа к поданным в форме электронных документов заявкам на участие в конкурсе с ограниченным участием</oos:name><oos:structured>false</oos:structured><oos:actual>true</oos:actual></oos:documentType><oos:documentType><oos:code>PRO</oos:code><oos:name>Протокол рассмотрения и оценки заявок на участие в конкурсе с ограниченным участием</oos:name><oos:structured>false</oos:structured><oos:actual>true</oos:actual></oos:documentType></oos:documentTypes></nsiPurchaseDocumentTypes><nsiPurchaseDocumentTypes><oos:placingWayCode>OKU504</oos:placingWayCode><oos:placingWayType>OKU504</oos:placingWayType><oos:placingWayName>Конкурс с ограниченным участием в электронной форме</oos:placingWayName><oos:actual>true</oos:actual><oos:documentTypes><oos:documentType><oos:code>OIPS</oos:code><oos:name>Отмена извещения о продлении срока подачи заявок</oos:name><oos:structured>false</oos:structured><oos:actual>true</oos:actual></oos:documentType><oos:documentType><oos:code>OIPS</oos:code><oos:name>Отмена извещения о продлении срока подачи заявок</oos:name><oos:structured>false</oos:structured><oos:actual>true</oos:actual></oos:documentType></oos:documentTypes></nsiPurchaseDocumentTypes><nsiPurchaseDocumentTypes><oos:placingWayCode>OKUP44</oos:placingWayCode><oos:placingWayType>OKU44</oos:placingWayType><oos:placingWayName>Конкурс с ограниченным участием</oos:placingWayName><oos:actual>true</oos:actual><oos:documentTypes><oos:documentType><oos:code>PPO</oos:code><oos:name>Протокол предквалификационного отбора</oos:name><oos:structured>false</oos:structured><oos:actual>true</oos:actual></oos:documentType><oos:documentType><oos:code>PRE</oos:code><oos:name>Протокол рассмотрения единственной заявки на участие в конкурсе с ограниченным участием</oos:name><oos:structured>false</oos:structured><oos:actual>true</oos:actual></oos:documentType><oos:documentType><oos:code>POK</oos:code><oos:name>Протокол отказа от заключения контракта</oos:name><oos:structured>false</oos:structured><oos:actual>true</oos:actual></oos:documentType><oos:documentType><oos:code>PVK</oos:code><oos:name>Протокол вскрытия конвертов с заявками на участие в конкурсе с ограниченным участием</oos:name><oos:structured>false</oos:structured><oos:actual>true</oos:actual></oos:documentType><oos:documentType><oos:code>PRO</oos:code><oos:name>Протокол рассмотрения и оценки заявок на участие в конкурсе с ограниченным участием</oos:name><oos:structured>false</oos:structured><oos:actual>true</oos:actual></oos:documentType></oos:documentTypes></nsiPurchaseDocumentTypes><nsiPurchaseDocumentTypes><oos:placingWayCode>POKD44</oos:placingWayCode><oos:placingWayType>OKD44</oos:placingWayType><oos:placingWayName>Повторный конкурс</oos:placingWayName><oos:actual>false</oos:actual><oos:documentTypes><oos:documentType><oos:code>PRO</oos:code><oos:name>Протокол рассмотрения и оценки заявок на участие в двухэтапном конкурсе</oos:name><oos:structured>false</oos:structured><oos:actual>true</oos:actual></oos:documentType><oos:documentType><oos:code>PVKI</oos:code><oos:name>Протокол вскрытия конвертов с заявками на участие в первом этапе двухэтапного конкурса и открытия доступа к поданным в форме электронных документов заявкам на участие в первом этапе двухэтапного конкурса</oos:name><oos:structured>false</oos:structured><oos:actual>true</oos:actual></oos:documentType><oos:documentType><oos:code>PVKII</oos:code><oos:name>Протокол вскрытия конвертов с заявками на участие во втором этапе двухэтапного конкурса и открытия доступа к поданным в форме электронных документов заявкам на участие во втором этапе двухэтапного конкурса</oos:name><oos:structured>false</oos:structured><oos:actual>true</oos:actual></oos:documentType><oos:documentType><oos:code>PRE</oos:code><oos:name>Протокол рассмотрения единственной заявки на участие в двухэтапном конкурсе</oos:name><oos:structured>false</oos:structured><oos:actual>true</oos:actual></oos:documentType><oos:documentType><oos:code>POK</oos:code><oos:name>Протокол отказа от заключения контракта</oos:name><oos:structured>false</oos:structured><oos:actual>true</oos:actual></oos:documentType><oos:documentType><oos:code>PPO</oos:code><oos:name>Протокол предквалификационного отбора</oos:name><oos:structured>false</oos:structured><oos:actual>true</oos:actual></oos:documentType><oos:documentType><oos:code>PPE</oos:code><oos:name>Протокол первого этапа двухэтапного конкурса</oos:name><oos:structured>false</oos:structured><oos:actual>true</oos:actual></oos:documentType></oos:documentTypes></nsiPurchaseDocumentTypes><nsiPurchaseDocumentTypes><oos:placingWayCode>POKU44</oos:placingWayCode><oos:placingWayType>OKU44</oos:placingWayType><oos:placingWayName>Повторный конкурс с ограниченным участием</oos:placingWayName><oos:actual>true</oos:actual><oos:documentTypes><oos:documentType><oos:code>PPO</oos:code><oos:name>Протокол предквалификационного отбора</oos:name><oos:structured>false</oos:structured><oos:actual>true</oos:actual></oos:documentType><oos:documentType><oos:code>PRE</oos:code><oos:name>Протокол рассмотрения единственной заявки на участие в конкурсе с ограниченным участием</oos:name><oos:structured>false</oos:structured><oos:actual>true</oos:actual></oos:documentType><oos:documentType><oos:code>POK</oos:code><oos:name>Протокол отказа от заключения контракта</oos:name><oos:structured>false</oos:structured><oos:actual>true</oos:actual></oos:documentType><oos:documentType><oos:code>PVK</oos:code><oos:name>Протокол вскрытия конвертов с заявками на участие в конкурсе с ограниченным участием</oos:name><oos:structured>false</oos:structured><oos:actual>true</oos:actual></oos:documentType><oos:documentType><oos:code>PRO</oos:code><oos:name>Протокол рассмотрения и оценки заявок на участие в конкурсе с ограниченным участием</oos:name><oos:structured>false</oos:structured><oos:actual>true</oos:actual></oos:documentType></oos:documentTypes></nsiPurchaseDocumentTypes><nsiPurchaseDocumentTypes><oos:placingWayCode>ZKB111</oos:placingWayCode><oos:placingWayType>INM111</oos:placingWayType><oos:placingWayName>Запрос котировок без размещения извещения с учетом положений ст. 111 Закона № 44-ФЗ</oos:placingWayName><oos:actual>true</oos:actual><oos:documentTypes><oos:documentType><oos:code>POK</oos:code><oos:name>Протокол отказа от заключения контракта</oos:name><oos:structured>false</oos:structured><oos:actual>true</oos:actual></oos:documentType><oos:documentType><oos:code>IND</oos:code><oos:name>Иной документ</oos:name><oos:structured>false</oos:structured><oos:actual>true</oos:actual></oos:documentType><oos:documentType><oos:code>OP</oos:code><oos:name>Извещение об отмене документа</oos:name><oos:structured>false</oos:structured><oos:actual>false</oos:actual></oos:documentType></oos:documentTypes></nsiPurchaseDocumentTypes><nsiPurchaseDocumentTypes><oos:placingWayCode>ZKB44I</oos:placingWayCode><oos:placingWayType>IS44</oos:placingWayType><oos:placingWayName>Запрос котировок без размещения извещения (универсальный способ)</oos:placingWayName><oos:actual>false</oos:actual><oos:documentTypes><oos:documentType><oos:code>POK</oos:code><oos:name>Протокол отказа от заключения контракта</oos:name><oos:structured>false</oos:structured><oos:actual>true</oos:actual></oos:documentType><oos:documentType><oos:code>IO</oos:code><oos:name>Извещение об отмене определения поставщика (подрядчика, исполнителя)</oos:name><oos:structured>false</oos:structured><oos:actual>true</oos:actual></oos:documentType></oos:documentTypes></nsiPurchaseDocumentTypes><nsiPurchaseDocumentTypes><oos:placingWayCode>ZKK111</oos:placingWayCode><oos:placingWayType>INM111</oos:placingWayType><oos:placingWayName>Закрытый конкурс с учетом положений ст. 111 Закона № 44-ФЗ</oos:placingWayName><oos:actual>true</oos:actual><oos:documentTypes><oos:documentType><oos:code>OP</oos:code><oos:name>Извещение об отмене документа</oos:name><oos:structured>false</oos:structured><oos:actual>false</oos:actual></oos:documentType><oos:documentType><oos:code>IND</oos:code><oos:name>Иной документ</oos:name><oos:structured>false</oos:structured><oos:actual>true</oos:actual></oos:documentType></oos:documentTypes></nsiPurchaseDocumentTypes><nsiPurchaseDocumentTypes><oos:placingWayCode>ZKK44I</oos:placingWayCode><oos:placingWayType>ISM44</oos:placingWayType><oos:placingWayName>Закрытый конкурс (универсальный способ)</oos:placingWayName><oos:actual>false</oos:actual><oos:documentTypes><oos:documentType><oos:code>IO</oos:code><oos:name>Извещение об отмене определения поставщика (подрядчика, исполнителя)</oos:name><oos:structured>false</oos:structured><oos:actual>true</oos:actual></oos:documentType><oos:documentType><oos:code>IOL</oos:code><oos:name>Извещение об отмене определения поставщика (подрядчика, исполнителя) в части лота</oos:name><oos:structured>false</oos:structured><oos:actual>true</oos:actual></oos:documentType></oos:documentTypes></nsiPurchaseDocumentTypes><nsiPurchaseDocumentTypes><oos:placingWayCode>ZKOO44</oos:placingWayCode><oos:placingWayType>ZK44</oos:placingWayType><oos:placingWayName>Запрос котировок на выполнение работ по строительству, реконструкции, капитальному ремонту, а также проектных, изыскательских работ в отношении олимпийских объектов и строительству домов взамен земельных участков и объектов недвижимого имущества, изымаемых в целях размещения олимпийских объектов (часть 15 статьи 112 Федерального закона №44-ФЗ)</oos:placingWayName><oos:actual>true</oos:actual><oos:documentTypes><oos:documentType><oos:code>PP</oos:code><oos:name>Протокол рассмотрения и оценки котировочных заявок по результатам продления срока подачи заявок</oos:name><oos:structured>false</oos:structured><oos:actual>true</oos:actual></oos:documentType><oos:documentType><oos:code>P</oos:code><oos:name>Протокол рассмотрения и оценки заявок на участие в запросе котировок</oos:name><oos:structured>false</oos:structured><oos:actual>true</oos:actual></oos:documentType><oos:documentType><oos:code>POK</oos:code><oos:name>Протокол отказа от заключения контракта</oos:name><oos:structured>false</oos:structured><oos:actual>true</oos:actual></oos:documentType></oos:documentTypes></nsiPurchaseDocumentTypes><nsiPurchaseDocumentTypes><oos:placingWayCode>ZKOP44</oos:placingWayCode><oos:placingWayType>ZK44</oos:placingWayType><oos:placingWayName>Запрос котировок для оказания скорой, в том числе скорой специализированной, медицинской помощи в экстренной или неотложной форме и нормального жизнеобеспечения граждан (в соответствии со Статьей 76 Федерального закона № 44-ФЗ)</oos:placingWayName><oos:actual>true</oos:actual><oos:documentTypes><oos:documentType><oos:code>PP</oos:code><oos:name>Протокол рассмотрения и оценки котировочных заявок по результатам продления срока подачи заявок</oos:name><oos:structured>false</oos:structured><oos:actual>true</oos:actual></oos:documentType><oos:documentType><oos:code>POK</oos:code><oos:name>Протокол отказа от заключения контракта</oos:name><oos:structured>false</oos:structured><oos:actual>true</oos:actual></oos:documentType><oos:documentType><oos:code>P</oos:code><oos:name>Протокол рассмотрения и оценки заявок на участие в запросе котировок</oos:name><oos:structured>false</oos:structured><oos:actual>true</oos:actual></oos:documentType></oos:documentTypes></nsiPurchaseDocumentTypes><nsiPurchaseDocumentTypes><oos:placingWayCode>ZKP504</oos:placingWayCode><oos:placingWayType>ZK504</oos:placingWayType><oos:placingWayName>Запрос котировок в электронной форме</oos:placingWayName><oos:actual>true</oos:actual><oos:documentTypes><oos:documentType><oos:code>OIPS</oos:code><oos:name>Отмена извещения о продлении срока подачи заявок</oos:name><oos:structured>false</oos:structured><oos:actual>true</oos:actual></oos:documentType><oos:documentType><oos:code>OIPS</oos:code><oos:name>Отмена извещения о продлении срока подачи заявок</oos:name><oos:structured>false</oos:structured><oos:actual>true</oos:actual></oos:documentType></oos:documentTypes></nsiPurchaseDocumentTypes><nsiPurchaseDocumentTypes><oos:placingWayCode>EOKD504</oos:placingWayCode><oos:placingWayType>OKD504</oos:placingWayType><oos:placingWayName>Двухэтапный конкурс для заключения энергосервисного контракта</oos:placingWayName><oos:actual>true</oos:actual><oos:documentTypes><oos:documentType><oos:code>OIPS</oos:code><oos:name>Отмена извещения о продлении срока подачи заявок</oos:name><oos:structured>false</oos:structured><oos:actual>true</oos:actual></oos:documentType></oos:documentTypes></nsiPurchaseDocumentTypes><nsiPurchaseDocumentTypes><oos:placingWayCode>EOKU504</oos:placingWayCode><oos:placingWayType>OKU504</oos:placingWayType><oos:placingWayName>Конкурс с ограниченным участием для заключения энергосервисного контракта</oos:placingWayName><oos:actual>true</oos:actual><oos:documentTypes><oos:documentType><oos:code>OIPS</oos:code><oos:name>Отмена извещения о продлении срока подачи заявок</oos:name><oos:structured>false</oos:structured><oos:actual>true</oos:actual></oos:documentType></oos:documentTypes></nsiPurchaseDocumentTypes><nsiPurchaseDocumentTypes><oos:placingWayCode>INMP111</oos:placingWayCode><oos:placingWayType>INM111</oos:placingWayType><oos:placingWayName>Способ определения поставщика (подрядчика, исполнителя), установленный Правительством Российской Федерации в соответствии со ст. 111 Федерального закона № 44-ФЗ</oos:placingWayName><oos:actual>true</oos:actual><oos:documentTypes><oos:documentType><oos:code>POK</oos:code><oos:name>Протокол отказа от заключения контракта</oos:name><oos:structured>false</oos:structured><oos:actual>true</oos:actual></oos:documentType><oos:documentType><oos:code>DPO</oos:code><oos:name>Документ по процедуре определения поставщика (подрядчика, исполнителя)</oos:name><oos:structured>false</oos:structured><oos:actual>true</oos:actual></oos:documentType><oos:documentType><oos:code>IND</oos:code><oos:name>Иной документ</oos:name><oos:structured>false</oos:structured><oos:actual>true</oos:actual></oos:documentType></oos:documentTypes></nsiPurchaseDocumentTypes><nsiPurchaseDocumentTypes><oos:placingWayCode>OKDI504</oos:placingWayCode><oos:placingWayType>OKD504</oos:placingWayType><oos:placingWayName>Двухэтапный конкурс в электронной форме в соответствии со статьей 111.4 Закона № 44-ФЗ</oos:placingWayName><oos:actual>true</oos:actual><oos:documentTypes><oos:documentType><oos:code>OIPS</oos:code><oos:name>Отмена извещения о продлении срока подачи заявок</oos:name><oos:structured>false</oos:structured><oos:actual>true</oos:actual></oos:documentType></oos:documentTypes></nsiPurchaseDocumentTypes><nsiPurchaseDocumentTypes><oos:placingWayCode>OKDK504</oos:placingWayCode><oos:placingWayType>OKD504</oos:placingWayType><oos:placingWayName>Двухэтапный конкурс для заключения контракта в сфере науки, культуры или искусства</oos:placingWayName><oos:actual>true</oos:actual><oos:documentTypes><oos:documentType><oos:code>OIPS</oos:code><oos:name>Отмена извещения о продлении срока подачи заявок</oos:name><oos:structured>false</oos:structured><oos:actual>true</oos:actual></oos:documentType></oos:documentTypes></nsiPurchaseDocumentTypes><nsiPurchaseDocumentTypes><oos:placingWayCode>OKDP504</oos:placingWayCode><oos:placingWayType>OKD504</oos:placingWayType><oos:placingWayName>Двухэтапный конкурс в электронной форме</oos:placingWayName><oos:actual>true</oos:actual><oos:documentTypes><oos:documentType><oos:code>OIPS</oos:code><oos:name>Отмена извещения о продлении срока подачи заявок</oos:name><oos:structured>false</oos:structured><oos:actual>true</oos:actual></oos:documentType></oos:documentTypes></nsiPurchaseDocumentTypes><nsiPurchaseDocumentTypes><oos:placingWayCode>OKUI504</oos:placingWayCode><oos:placingWayType>OKU504</oos:placingWayType><oos:placingWayName>Конкурс с ограниченным участием в электронной форме в соответствии со статьей 111.4 Закона № 44-ФЗ</oos:placingWayName><oos:actual>true</oos:actual><oos:documentTypes><oos:documentType><oos:code>OIPS</oos:code><oos:name>Отмена извещения о продлении срока подачи заявок</oos:name><oos:structured>false</oos:structured><oos:actual>true</oos:actual></oos:documentType><oos:documentType><oos:code>OIPS</oos:code><oos:name>Отмена извещения о продлении срока подачи заявок</oos:name><oos:structured>false</oos:structured><oos:actual>true</oos:actual></oos:documentType></oos:documentTypes></nsiPurchaseDocumentTypes><nsiPurchaseDocumentTypes><oos:placingWayCode>OKUK504</oos:placingWayCode><oos:placingWayType>OKU504</oos:placingWayType><oos:placingWayName>Конкурс с ограниченным участием для заключения контракта в сфере науки, культуры или искусства</oos:placingWayName><oos:actual>true</oos:actual><oos:documentTypes><oos:documentType><oos:code>OIPS</oos:code><oos:name>Отмена извещения о продлении срока подачи заявок</oos:name><oos:structured>false</oos:structured><oos:actual>true</oos:actual></oos:documentType></oos:documentTypes></nsiPurchaseDocumentTypes><nsiPurchaseDocumentTypes><oos:placingWayCode>OKUP504</oos:placingWayCode><oos:placingWayType>OKU504</oos:placingWayType><oos:placingWayName>Конкурс с ограниченным участием в электронной форме</oos:placingWayName><oos:actual>true</oos:actual><oos:documentTypes><oos:documentType><oos:code>OIPS</oos:code><oos:name>Отмена извещения о продлении срока подачи заявок</oos:name><oos:structured>false</oos:structured><oos:actual>true</oos:actual></oos:documentType><oos:documentType><oos:code>OIPS</oos:code><oos:name>Отмена извещения о продлении срока подачи заявок</oos:name><oos:structured>false</oos:structured><oos:actual>true</oos:actual></oos:documentType></oos:documentTypes></nsiPurchaseDocumentTypes><nsiPurchaseDocumentTypes><oos:placingWayCode>ZKBGP44</oos:placingWayCode><oos:placingWayType>ZKB44</oos:placingWayType><oos:placingWayName>Запрос котировок в целях оказания гуманитарной помощи либо ликвидации последствий чрезвычайной ситуации природного или техногенного характера (в соответствии со Статьей 82 Федерального закона № 44-ФЗ)</oos:placingWayName><oos:actual>true</oos:actual><oos:documentTypes><oos:documentType><oos:code>POK</oos:code><oos:name>Протокол отказа от заключения контракта</oos:name><oos:structured>false</oos:structured><oos:actual>true</oos:actual></oos:documentType></oos:documentTypes></nsiPurchaseDocumentTypes><nsiPurchaseDocumentTypes><oos:placingWayCode>ZKBIG44</oos:placingWayCode><oos:placingWayType>ZKB44</oos:placingWayType><oos:placingWayName>Запрос котировок для обеспечения деятельности заказчика на территории иностранного государства (в соответствии со Статьей 75 Федерального закона № 44-ФЗ)</oos:placingWayName><oos:actual>false</oos:actual><oos:documentTypes><oos:documentType><oos:code>POK</oos:code><oos:name>Протокол отказа от заключения контракта</oos:name><oos:structured>false</oos:structured><oos:actual>true</oos:actual></oos:documentType></oos:documentTypes></nsiPurchaseDocumentTypes><nsiPurchaseDocumentTypes><oos:placingWayCode>ZKKD111</oos:placingWayCode><oos:placingWayType>INM111</oos:placingWayType><oos:placingWayName>Закрытый двухэтапный конкурс с учетом положений ст. 111 Закона № 44-ФЗ</oos:placingWayName><oos:actual>true</oos:actual><oos:documentTypes><oos:documentType><oos:code>OP</oos:code><oos:name>Извещение об отмене документа</oos:name><oos:structured>false</oos:structured><oos:actual>false</oos:actual></oos:documentType><oos:documentType><oos:code>IND</oos:code><oos:name>Иной документ</oos:name><oos:structured>false</oos:structured><oos:actual>true</oos:actual></oos:documentType></oos:documentTypes></nsiPurchaseDocumentTypes><nsiPurchaseDocumentTypes><oos:placingWayCode>ZKKD44I</oos:placingWayCode><oos:placingWayType>ISM44</oos:placingWayType><oos:placingWayName>Закрытый двухэтапный конкурс (универсальный способ)</oos:placingWayName><oos:actual>false</oos:actual><oos:documentTypes><oos:documentType><oos:code>IO</oos:code><oos:name>Извещение об отмене определения поставщика (подрядчика, исполнителя)</oos:name><oos:structured>false</oos:structured><oos:actual>true</oos:actual></oos:documentType><oos:documentType><oos:code>IOL</oos:code><oos:name>Извещение об отмене определения поставщика (подрядчика, исполнителя) в части лота</oos:name><oos:structured>false</oos:structured><oos:actual>true</oos:actual></oos:documentType></oos:documentTypes></nsiPurchaseDocumentTypes><nsiPurchaseDocumentTypes><oos:placingWayCode>ZKKU111</oos:placingWayCode><oos:placingWayType>INM111</oos:placingWayType><oos:placingWayName>Закрытый конкурс с ограниченным участием с учетом положений ст. 111 Закона № 44-ФЗ</oos:placingWayName><oos:actual>true</oos:actual><oos:documentTypes><oos:documentType><oos:code>OP</oos:code><oos:name>Извещение об отмене документа</oos:name><oos:structured>false</oos:structured><oos:actual>false</oos:actual></oos:documentType><oos:documentType><oos:code>IND</oos:code><oos:name>Иной документ</oos:name><oos:structured>false</oos:structured><oos:actual>true</oos:actual></oos:documentType></oos:documentTypes></nsiPurchaseDocumentTypes><nsiPurchaseDocumentTypes><oos:placingWayCode>ZKKU44I</oos:placingWayCode><oos:placingWayType>ISM44</oos:placingWayType><oos:placingWayName>Закрытый конкурс с ограниченным участием (универсальный способ)</oos:placingWayName><oos:actual>false</oos:actual><oos:documentTypes><oos:documentType><oos:code>IO</oos:code><oos:name>Извещение об отмене определения поставщика (подрядчика, исполнителя)</oos:name><oos:structured>false</oos:structured><oos:actual>true</oos:actual></oos:documentType><oos:documentType><oos:code>IOL</oos:code><oos:name>Извещение об отмене определения поставщика (подрядчика, исполнителя) в части лота</oos:name><oos:structured>false</oos:structured><oos:actual>true</oos:actual></oos:documentType></oos:documentTypes></nsiPurchaseDocumentTypes></nsiPurchaseDocumentTypesList></export>