<?xml version="1.0" encoding="UTF-8"?><export xmlns:xsi="http://www.w3.org/2001/XMLSchema-instance" xmlns="http://zakupki.gov.ru/oos/export/1" xmlns:oos="http://zakupki.gov.ru/oos/types/1"><nsiSingleCustomerReasonsOZ><nsiSingleCustomerReasonOZ><oos:code>20030</oos:code><oos:name>Выполнение работы по мобилизационной подготовке в Российской Федерации</oos:name><oos:actual>true</oos:actual></nsiSingleCustomerReasonOZ><nsiSingleCustomerReasonOZ><oos:code>20040</oos:code><oos:name>Закупка работы или услуги, выполнение или оказание которых может осуществляться только органом исполнительной власти в соответствии с его полномочиями либо подведомственными ему государственным учреждением, государственным унитарным предприятием, соответствующие полномочия которых устанавливаются федеральными законами, нормативными правовыми актами Президента Российской Федерации или нормативными правовыми актами Правительства Российской Федерации, законодательными актами соответствующего субъекта Российской Федерации</oos:name><oos:actual>true</oos:actual></nsiSingleCustomerReasonOZ><nsiSingleCustomerReasonOZ><oos:code>20070</oos:code><oos:name>Закупка определенных товаров, работ, услуг вследствие аварии, иных чрезвычайных ситуаций природного или техногенного характера, непреодолимой силы, в случае возникновения необходимости в оказании медицинской помощи в экстренной форме либо в оказании медицинской помощи в неотложной форме, в том числе при заключении федеральным органом исполнительной власти контракта с иностранной организацией на лечение гражданина Российской Федерации за пределами территории Российской Федерации (при условии, что такие товары, работы, услуги не включены в утвержденный Правительством Российской Федерации перечень товаров, работ, услуг, необходимых для оказания гуманитарной помощи либо ликвидации последствий чрезвычайных ситуаций природного или техногенного характера) и применение иных способов определения поставщика (подрядчика, исполнителя), требующих затрат времени, нецелесообразно</oos:name><oos:actual>true</oos:actual></nsiSingleCustomerReasonOZ><nsiSingleCustomerReasonOZ><oos:code>20080</oos:code><oos:name>Поставка культурных ценностей (в том числе музейных предметов и музейных коллекций, редких и ценных изданий, рукописей, архивных документов (включая их копии), имеющих историческое, художественное или иное культурное значение), предназначенных для пополнения государственных музейного, библиотечного, архивного фондов, кино-, фотофонда и аналогичных фондов</oos:name><oos:actual>true</oos:actual></nsiSingleCustomerReasonOZ><nsiSingleCustomerReasonOZ><oos:code>20090</oos:code><oos:name>Производство товара, выполнение работы, оказание услуги осуществляются учреждением и предприятием уголовно-исполнительной системы в соответствии с перечнем товаров, работ, услуг, утвержденным Правительством Российской Федерации</oos:name><oos:actual>true</oos:actual></nsiSingleCustomerReasonOZ><nsiSingleCustomerReasonOZ><oos:code>20100</oos:code><oos:name>Заключение учреждением, исполняющим наказания, контракта на поставку товара для государственных нужд при приобретении указанным учреждением сырья, материалов, комплектующих изделий для производства товара, выполнения работы, оказания услуги в целях трудоустройства осужденных на основании договоров, заключенных с юридическими лицами, при условии, что приобретение указанным учреждением таких сырья, материалов, комплектующих изделий осуществляется за счет средств, предусмотренных этими договорами</oos:name><oos:actual>true</oos:actual></nsiSingleCustomerReasonOZ><nsiSingleCustomerReasonOZ><oos:code>20110</oos:code><oos:name>Закупка произведений литературы и искусства определенных авторов (за исключением случаев приобретения кинопроектов в целях проката), исполнений конкретных исполнителей, фонограмм конкретных изготовителей для нужд заказчиков в случае, если единственному лицу принадлежат исключительные права или исключительные лицензии на такие произведения, исполнения, фонограммы</oos:name><oos:actual>true</oos:actual></nsiSingleCustomerReasonOZ><nsiSingleCustomerReasonOZ><oos:code>20120</oos:code><oos:name>Закупка печатных изданий или электронных изданий (в том числе используемых в них программно-технических средств и средств защиты информации) определенных авторов у издателей таких изданий в случае, если указанным издателям принадлежат исключительные права или исключительные лицензии на использование таких изданий, а также оказание услуг по предоставлению доступа к таким электронным изданиям для обеспечения деятельности государственных и муниципальных образовательных учреждений, государственных и муниципальных библиотек, государственных научных организаций</oos:name><oos:actual>true</oos:actual></nsiSingleCustomerReasonOZ><nsiSingleCustomerReasonOZ><oos:code>20150</oos:code><oos:name>Заключение контракта театром, учреждением, осуществляющим концертную или театральную деятельность, в том числе концертным коллективом (танцевальным коллективом, хоровым коллективом, оркестром, ансамблем), телерадиовещательным учреждением, цирком, музеем, домом культуры, дворцом культуры, клубом, образовательным учреждением, зоопарком, планетарием, парком культуры и отдыха, заповедником, ботаническим садом, национальным парком, природным парком или ландшафтным парком с конкретным физическим лицом на создание произведения литературы или искусства, либо с конкретным физическим лицом или конкретным юридическим лицом, осуществляющими концертную или театральную деятельность, в том числе концертным коллективом (танцевальным коллективом, хоровым коллективом, оркестром, ансамблем), на исполнение, либо с физическим лицом или юридическим лицом на изготовление и поставки декораций, сценической мебели, сценических костюмов (в том числе головных уборов и обуви) и необходимых для создания декораций и костюмов материалов, а также театрального реквизита, бутафории, грима, постижерских изделий, театральных кукол, необходимых для создания и (или) исполнения произведений указанными организациями</oos:name><oos:actual>true</oos:actual></nsiSingleCustomerReasonOZ><nsiSingleCustomerReasonOZ><oos:code>20160</oos:code><oos:name>Заключение контракта на оказание услуг по реализации входных билетов и абонементов на посещение театрально-зрелищных, культурно-просветительных и зрелищно-развлекательных мероприятий, экскурсионных билетов и экскурсионных путевок - бланков строгой отчетности</oos:name><oos:actual>true</oos:actual></nsiSingleCustomerReasonOZ><nsiSingleCustomerReasonOZ><oos:code>20200</oos:code><oos:name>Заключение контракта управления многоквартирным домом на основании решения общего собрания собственников помещений в многоквартирном доме или открытого конкурса, проводимого органом местного самоуправления в соответствии с жилищным законодательством, управляющей компанией, если помещения в многоквартирном доме находятся в частной, государственной или муниципальной собственности</oos:name><oos:actual>true</oos:actual></nsiSingleCustomerReasonOZ><nsiSingleCustomerReasonOZ><oos:code>20210</oos:code><oos:name>Заключение контракта на оказание услуг по содержанию и ремонту одного или нескольких нежилых помещений, переданных в безвозмездное пользование или оперативное управление заказчику, услуг по водо-, тепло-, газо- и энергоснабжению, услуг по охране, услуг по вывозу бытовых отходов в случае, если данные услуги оказываются другому лицу или другим лицам, пользующимся нежилыми помещениями, находящимися в здании, в котором расположены помещения, переданные заказчику в безвозмездное пользование или оперативное управление</oos:name><oos:actual>true</oos:actual></nsiSingleCustomerReasonOZ><nsiSingleCustomerReasonOZ><oos:code>20330</oos:code><oos:name>Определение поставщика распоряжением Правительства Российской Федерации по предложениям Центральной избирательной комиссии Российской Федерации, высших исполнительных органов государственной власти субъектов Российской Федерации при осуществлении закупок бюллетеней, открепительных удостоверений, специальных знаков (марок), используемых при проведении выборов в федеральные органы государственной власти, выборов в органы государственной власти субъектов Российской Федерации, референдума Российской Федерации и референдумов субъектов Российской Федерации, а также при проведении выборов в органы местного самоуправления и местных референдумов в муниципальных образованиях, являющихся административными центрами (столицами) субъектов Российской Федерации, за исключением случаев, установленных пунктом 6 части 2 статьи 1 Федерального закона</oos:name><oos:actual>true</oos:actual></nsiSingleCustomerReasonOZ><nsiSingleCustomerReasonOZ><oos:code>20340</oos:code><oos:name>Заключение контракта, предметом которого является приобретение для обеспечения федеральных нужд, нужд субъекта Российской Федерации, муниципальных нужд нежилого здания, строения, сооружения, нежилого помещения, определенных в соответствии с решением о подготовке и реализации бюджетных инвестиций или о предоставлении субсидий на осуществление капитальных вложений в целях приобретения объектов недвижимого имущества в государственную или муниципальную собственность, принятым в порядке, установленном соответственно Правительством Российской Федерации, высшим исполнительным органом государственной власти субъекта Российской Федерации, местной администрацией</oos:name><oos:actual>true</oos:actual></nsiSingleCustomerReasonOZ><nsiSingleCustomerReasonOZ><oos:code>20350</oos:code><oos:name>Аренда нежилого здания, строения, сооружения, нежилого помещения для обеспечения федеральных нужд, нужд субъекта Российской Федерации, муниципальных нужд, а также аренда жилых помещений, находящихся на территории иностранного государства, заказчиками, осуществляющими деятельность на территории иностранного государства</oos:name><oos:actual>true</oos:actual></nsiSingleCustomerReasonOZ><nsiSingleCustomerReasonOZ><oos:code>20370</oos:code><oos:name>Заключение федеральным органом исполнительной власти контракта с иностранной организацией на лечение гражданина Российской Федерации за пределами территории Российской Федерации в случае, если запрос предложений, проведенный в соответствии с пунктом 3 части 2 статьи 83 Федерального закона, признан не состоявшимся в соответствии с частью 19 указанной статьи</oos:name><oos:actual>true</oos:actual></nsiSingleCustomerReasonOZ><nsiSingleCustomerReasonOZ><oos:code>20380</oos:code><oos:name>Заключение организациями, осуществляющими образовательную деятельность и признанными в соответствии с законодательством об образовании федеральными или региональными инновационными площадками, контрактов на поставки оборудования (в том числе его техническую эксплуатацию), программного обеспечения, необходимых для внедрения научно-технических результатов и результатов интеллектуальной деятельности, с обладателем исключительных прав на такие оборудование и программное обеспечение за счет средств, выделенных на развитие инновационной инфраструктуры в системе образования</oos:name><oos:actual>true</oos:actual></nsiSingleCustomerReasonOZ><nsiSingleCustomerReasonOZ><oos:code>20400</oos:code><oos:name>Осуществление закупок изделий народных художественных промыслов признанного художественного достоинства, образцы которых зарегистрированы в порядке, установленном уполномоченным Правительством Российской Федерации федеральным органом исполнительной власти</oos:name><oos:actual>true</oos:actual></nsiSingleCustomerReasonOZ><nsiSingleCustomerReasonOZ><oos:code>20410</oos:code><oos:name>Заключение органами исполнительной власти, органами местного самоуправления контрактов на приобретение жилых помещений, соответствующих условиям отнесения к жилью экономического класса, установленным уполномоченным федеральным органом исполнительной власти, с юридическим лицом, заключившим в соответствии с Градостроительным кодексом Российской Федерации договор об освоении территории в целях строительства жилья экономического класса или договор о комплексном освоении территории в целях строительства жилья экономического класса, по цене и в сроки, которые определены договором об освоении территории в целях строительства жилья экономического класса или договором о комплексном освоении территории в целях строительства жилья экономического класса, при условии, что договором об освоении территории в целях строительства жилья экономического класса или договором о комплексном освоении территории в целях строительства жилья экономического класса предусмотрено заключение государственных и (или) муниципальных контрактов</oos:name><oos:actual>true</oos:actual></nsiSingleCustomerReasonOZ><nsiSingleCustomerReasonOZ><oos:code>20420</oos:code><oos:name>Заключение органами исполнительной власти, органами местного самоуправления контрактов на приобретение жилых помещений, соответствующих условиям отнесения к жилью экономического класса, установленным уполномоченным федеральным органом исполнительной власти, с лицом, заключившим в порядке и на условиях, которые предусмотрены Федеральным законом от 24 июля 2008 года N 161-ФЗ &quot;О содействии развитию жилищного строительства&quot;, договор безвозмездного пользования земельным участком для строительства жилья экономического класса, для комплексного освоения территории, в рамках которого предусматривается в том числе строительство жилья экономического класса, договор аренды земельного участка для строительства жилья экономического класса, для комплексного освоения территории, в рамках которого предусматривается в том числе строительство жилья экономического класса, или договор аренды земельного участка для строительства в минимально требуемом объеме жилья экономического класса, для комплексного освоения территории, в рамках которого предусматриваются в том числе строительство в минимально требуемом объеме жилья экономического класса и иное жилищное строительство, по цене и в сроки, которые определены любым из этих договоров, при условии, что им предусмотрено заключение государственных и (или) муниципальных контрактов</oos:name><oos:actual>true</oos:actual></nsiSingleCustomerReasonOZ><nsiSingleCustomerReasonOZ><oos:code>20430</oos:code><oos:name>Осуществление закупок товаров, работ, услуг в целях обеспечения органов внешней разведки Российской Федерации средствами разведывательной деятельности. Перечень товаров, работ, услуг, закупки которых могут осуществляться в соответствии с настоящим пунктом, утверждается руководителем соответствующего органа внешней разведки Российской Федерации</oos:name><oos:actual>true</oos:actual></nsiSingleCustomerReasonOZ><nsiSingleCustomerReasonOZ><oos:code>20440</oos:code><oos:name>Осуществление закупок товаров, работ, услуг в целях обеспечения органов федеральной службы безопасности средствами контрразведывательной деятельности и борьбы с терроризмом. Перечень товаров, работ, услуг, закупки которых могут осуществляться в соответствии с настоящим пунктом, утверждается руководителем федерального органа исполнительной власти в области обеспечения безопасности</oos:name><oos:actual>true</oos:actual></nsiSingleCustomerReasonOZ><nsiSingleCustomerReasonOZ><oos:code>20450</oos:code><oos:name>Осуществление субъектами Российской Федерации за счет субсидий, предоставленных из федерального бюджета в соответствии со статьей 24.5 Федерального закона от 24 июня 1998 года N 89-ФЗ &quot;Об отходах производства и потребления&quot;, закупки работ или услуг по выполнению инженерных изысканий, подготовке проектной документации для строительства объектов, используемых для обработки, утилизации отходов, объектов обезвреживания отходов, строительству и оснащению таких объектов у организаций, включенных в перечень, утвержденный Правительством Российской Федерации</oos:name><oos:actual>true</oos:actual></nsiSingleCustomerReasonOZ><nsiSingleCustomerReasonOZ><oos:code>20510</oos:code><oos:name>Закупка государственными и муниципальными библиотеками, организациями, осуществляющими образовательную деятельность, государственными и муниципальными научными организациями услуг по предоставлению права на доступ к информации, содержащейся в документальных, документографических, реферативных, полнотекстовых зарубежных базах данных и специализированных базах данных международных индексов научного цитирования у операторов указанных баз данных, включенных в перечень, утверждаемый Правительством Российской Федерации</oos:name><oos:actual>false</oos:actual></nsiSingleCustomerReasonOZ><nsiSingleCustomerReasonOZ><oos:code>20520</oos:code><oos:name>Закупка государственными и муниципальными библиотеками, организациями, осуществляющими образовательную деятельность, государственными и муниципальными научными организациями услуг по предоставлению права на доступ к информации, содержащейся в документальных, документографических, реферативных, полнотекстовых зарубежных базах данных и специализированных базах данных международных индексов научного цитирования у национальных библиотек и федеральных библиотек, имеющих научную специализацию</oos:name><oos:actual>false</oos:actual></nsiSingleCustomerReasonOZ><nsiSingleCustomerReasonOZ><oos:code>20530</oos:code><oos:name>Осуществление закупок товаров, работ, услуг за счет финансовых средств, выделенных на оперативно-разыскную деятельность</oos:name><oos:actual>true</oos:actual></nsiSingleCustomerReasonOZ></nsiSingleCustomerReasonsOZ></export>