<?xml version="1.0" encoding="UTF-8"?><export xmlns:xsi="http://www.w3.org/2001/XMLSchema-instance" xmlns="http://zakupki.gov.ru/oos/export/1" xmlns:oos="http://zakupki.gov.ru/oos/types/1"><nsiPlacingWayList><nsiPlacingWay><oos:placingWayId>3</oos:placingWayId><oos:code>OK</oos:code><oos:name>Открытый конкурс</oos:name><oos:type>OK</oos:type><oos:subsystemType>FZ94</oos:subsystemType><oos:actual>true</oos:actual><oos:isProcedure>false</oos:isProcedure><oos:isExclude>false</oos:isExclude></nsiPlacingWay><nsiPlacingWay><oos:placingWayId>4</oos:placingWayId><oos:code>OA</oos:code><oos:name>Открытый аукцион</oos:name><oos:type>OA</oos:type><oos:subsystemType>FZ94</oos:subsystemType><oos:actual>true</oos:actual><oos:isProcedure>false</oos:isProcedure><oos:isExclude>false</oos:isExclude></nsiPlacingWay><nsiPlacingWay><oos:placingWayId>5</oos:placingWayId><oos:code>ZK</oos:code><oos:name>Запрос котировок</oos:name><oos:type>ZK</oos:type><oos:subsystemType>FZ94</oos:subsystemType><oos:actual>true</oos:actual><oos:isProcedure>false</oos:isProcedure><oos:isExclude>false</oos:isExclude></nsiPlacingWay><nsiPlacingWay><oos:placingWayId>6</oos:placingWayId><oos:code>PO</oos:code><oos:name>Предварительный отбор</oos:name><oos:type>PO</oos:type><oos:subsystemType>FZ94</oos:subsystemType><oos:actual>true</oos:actual><oos:isProcedure>false</oos:isProcedure><oos:isExclude>true</oos:isExclude></nsiPlacingWay><nsiPlacingWay><oos:placingWayId>7</oos:placingWayId><oos:code>SZ</oos:code><oos:name>Сообщение о заинтересованности в проведении открытого конкурса</oos:name><oos:type>SZ</oos:type><oos:subsystemType>FZ94</oos:subsystemType><oos:actual>true</oos:actual><oos:isProcedure>false</oos:isProcedure><oos:isExclude>false</oos:isExclude></nsiPlacingWay><nsiPlacingWay><oos:placingWayId>9</oos:placingWayId><oos:code>OKB</oos:code><oos:name>Тестовый подспособ</oos:name><oos:type>OK</oos:type><oos:subsystemType>FZ94</oos:subsystemType><oos:actual>false</oos:actual><oos:isProcedure>false</oos:isProcedure><oos:isExclude>false</oos:isExclude></nsiPlacingWay><nsiPlacingWay><oos:placingWayId>10</oos:placingWayId><oos:code>OKF</oos:code><oos:name>Открытый конкурс (финансирование проката или показа национального фильма)</oos:name><oos:type>OK</oos:type><oos:subsystemType>FZ94</oos:subsystemType><oos:actual>true</oos:actual><oos:isProcedure>false</oos:isProcedure><oos:isExclude>false</oos:isExclude></nsiPlacingWay><nsiPlacingWay><oos:placingWayId>11</oos:placingWayId><oos:code>EF</oos:code><oos:name>Открытый аукцион в электронной форме</oos:name><oos:type>EF</oos:type><oos:subsystemType>FZ94</oos:subsystemType><oos:actual>true</oos:actual><oos:isProcedure>false</oos:isProcedure><oos:isExclude>false</oos:isExclude></nsiPlacingWay><nsiPlacingWay><oos:placingWayId>12</oos:placingWayId><oos:code>ZKI</oos:code><oos:name> Размещение заказа путем запроса котировок цен товаров, работ, услуг, соответственно производство, выполнение, оказание которых осуществляется не по конкретным заявкам заказчика и для которых есть функционирующий рынок, для обеспечения своей деятельности на территории иностранного государства, на которой находится заказчик, у иностранных поставщиков (исполнителей, подрядчиков) (ч. 5 ст. 42 Федерального закона №94-ФЗ) </oos:name><oos:type>ZK</oos:type><oos:subsystemType>FZ94</oos:subsystemType><oos:actual>true</oos:actual><oos:isProcedure>false</oos:isProcedure><oos:isExclude>false</oos:isExclude></nsiPlacingWay><nsiPlacingWay><oos:placingWayId>13</oos:placingWayId><oos:code>ZKM</oos:code><oos:name>Размещение заказа путем проведения запроса котировок на поставку продовольствия, средств, необходимых для оказания скорой или неотложной медицинской помощи, лекарственных средств, топлива, которые необходимы для нормального жизнеобеспечения граждан и отсутствие которых приведет к нарушению их нормального жизнеобеспечения в случаях, указанных в ч. 6 ст. 42 Федерального закона №94-ФЗ </oos:name><oos:type>ZK</oos:type><oos:subsystemType>FZ94</oos:subsystemType><oos:actual>true</oos:actual><oos:isProcedure>false</oos:isProcedure><oos:isExclude>false</oos:isExclude></nsiPlacingWay><nsiPlacingWay><oos:placingWayId>14</oos:placingWayId><oos:code>OKN</oos:code><oos:name>Открытый конкурс (научно-исследовательская, опытно-конструкторская или технологическая работа)</oos:name><oos:type>OK</oos:type><oos:subsystemType>FZ94</oos:subsystemType><oos:actual>true</oos:actual><oos:isProcedure>false</oos:isProcedure><oos:isExclude>false</oos:isExclude></nsiPlacingWay><nsiPlacingWay><oos:placingWayId>15</oos:placingWayId><oos:code>NOU</oos:code><oos:name>Нет особых условий</oos:name><oos:type>OA</oos:type><oos:subsystemType>FZ94</oos:subsystemType><oos:actual>true</oos:actual><oos:isProcedure>false</oos:isProcedure><oos:isExclude>false</oos:isExclude></nsiPlacingWay><nsiPlacingWay><oos:placingWayId>16</oos:placingWayId><oos:code>POA</oos:code><oos:name>Повторный открытый аукцион на поставку лекарственных средств для федеральных нужд (ч.3 ст.40 Федерального закона №94-Ф3)</oos:name><oos:type>OA</oos:type><oos:subsystemType>FZ94</oos:subsystemType><oos:actual>true</oos:actual><oos:isProcedure>false</oos:isProcedure><oos:isExclude>false</oos:isExclude></nsiPlacingWay><nsiPlacingWay><oos:placingWayId>18090</oos:placingWayId><oos:code>zs</oos:code><oos:name>Новый подспособ. редакция</oos:name><oos:type>OK</oos:type><oos:subsystemType>FZ94</oos:subsystemType><oos:actual>false</oos:actual><oos:isProcedure>false</oos:isProcedure><oos:isExclude>false</oos:isExclude></nsiPlacingWay><nsiPlacingWay><oos:placingWayId>18091</oos:placingWayId><oos:code>sd</oos:code><oos:name>Еще один подспособ</oos:name><oos:type>OK</oos:type><oos:subsystemType>FZ94</oos:subsystemType><oos:actual>false</oos:actual><oos:isProcedure>false</oos:isProcedure><oos:isExclude>false</oos:isExclude></nsiPlacingWay><nsiPlacingWay><oos:placingWayId>18234</oos:placingWayId><oos:code>sfd</oos:code><oos:name>Новый подспособ</oos:name><oos:type>EF</oos:type><oos:subsystemType>FZ94</oos:subsystemType><oos:actual>false</oos:actual><oos:isProcedure>false</oos:isProcedure><oos:isExclude>false</oos:isExclude></nsiPlacingWay><nsiPlacingWay><oos:placingWayId>18448</oos:placingWayId><oos:code>OKL</oos:code><oos:name>Открытый конкурс (создание произведения литературы или искусства, исполнения)</oos:name><oos:type>OK</oos:type><oos:subsystemType>FZ94</oos:subsystemType><oos:actual>true</oos:actual><oos:isProcedure>false</oos:isProcedure><oos:isExclude>false</oos:isExclude></nsiPlacingWay><nsiPlacingWay><oos:placingWayId>48949</oos:placingWayId><oos:code>A1</oos:code><oos:name>Тест наименование</oos:name><oos:type>OA</oos:type><oos:subsystemType>FZ94</oos:subsystemType><oos:actual>false</oos:actual><oos:isProcedure>false</oos:isProcedure><oos:isExclude>false</oos:isExclude></nsiPlacingWay><nsiPlacingWay><oos:placingWayId>48956</oos:placingWayId><oos:code>1</oos:code><oos:name>1</oos:name><oos:type>OA</oos:type><oos:subsystemType>FZ94</oos:subsystemType><oos:actual>false</oos:actual><oos:isProcedure>false</oos:isProcedure><oos:isExclude>false</oos:isExclude></nsiPlacingWay><nsiPlacingWay><oos:placingWayId>48957</oos:placingWayId><oos:code>2</oos:code><oos:name>2</oos:name><oos:type>OA</oos:type><oos:subsystemType>FZ94</oos:subsystemType><oos:actual>false</oos:actual><oos:isProcedure>false</oos:isProcedure><oos:isExclude>false</oos:isExclude></nsiPlacingWay><nsiPlacingWay><oos:placingWayId>49532</oos:placingWayId><oos:code>165</oos:code><oos:name>tyetewhvghvw</oos:name><oos:type>OA</oos:type><oos:subsystemType>FZ94</oos:subsystemType><oos:actual>false</oos:actual><oos:isProcedure>false</oos:isProcedure><oos:isExclude>false</oos:isExclude></nsiPlacingWay><nsiPlacingWay><oos:placingWayId>49533</oos:placingWayId><oos:code>2</oos:code><oos:name>2</oos:name><oos:type>ZH</oos:type><oos:subsystemType>FZ94</oos:subsystemType><oos:actual>false</oos:actual><oos:isProcedure>false</oos:isProcedure><oos:isExclude>false</oos:isExclude></nsiPlacingWay><nsiPlacingWay><oos:placingWayId>49534</oos:placingWayId><oos:code>2</oos:code><oos:name>rerereere</oos:name><oos:type>ZH</oos:type><oos:subsystemType>FZ94</oos:subsystemType><oos:actual>false</oos:actual><oos:isProcedure>false</oos:isProcedure><oos:isExclude>false</oos:isExclude></nsiPlacingWay><nsiPlacingWay><oos:placingWayId>49662</oos:placingWayId><oos:code>209</oos:code><oos:name>ff</oos:name><oos:type>OA</oos:type><oos:subsystemType>FZ94</oos:subsystemType><oos:actual>false</oos:actual><oos:isProcedure>false</oos:isProcedure><oos:isExclude>false</oos:isExclude></nsiPlacingWay><nsiPlacingWay><oos:placingWayId>49665</oos:placingWayId><oos:code>205</oos:code><oos:name>одинаковый код</oos:name><oos:type>OA</oos:type><oos:subsystemType>FZ94</oos:subsystemType><oos:actual>false</oos:actual><oos:isProcedure>false</oos:isProcedure><oos:isExclude>false</oos:isExclude></nsiPlacingWay><nsiPlacingWay><oos:placingWayId>50832</oos:placingWayId><oos:code>22</oos:code><oos:name>2</oos:name><oos:type>OA</oos:type><oos:subsystemType>FZ94</oos:subsystemType><oos:actual>false</oos:actual><oos:isProcedure>false</oos:isProcedure><oos:isExclude>false</oos:isExclude></nsiPlacingWay><nsiPlacingWay><oos:placingWayId>50833</oos:placingWayId><oos:code>222</oos:code><oos:name>4444</oos:name><oos:type>OA</oos:type><oos:subsystemType>FZ94</oos:subsystemType><oos:actual>false</oos:actual><oos:isProcedure>false</oos:isProcedure><oos:isExclude>false</oos:isExclude></nsiPlacingWay><nsiPlacingWay><oos:placingWayId>53030</oos:placingWayId><oos:code>НН</oos:code><oos:name>ааа</oos:name><oos:type>EF</oos:type><oos:subsystemType>FZ94</oos:subsystemType><oos:actual>false</oos:actual><oos:isProcedure>false</oos:isProcedure><oos:isExclude>false</oos:isExclude></nsiPlacingWay><nsiPlacingWay><oos:placingWayId>55487</oos:placingWayId><oos:code>3FG</oos:code><oos:name>Новый добавленный подспособ - edit name 2</oos:name><oos:type>OK</oos:type><oos:subsystemType>FZ94</oos:subsystemType><oos:actual>false</oos:actual><oos:isProcedure>false</oos:isProcedure><oos:isExclude>false</oos:isExclude></nsiPlacingWay><nsiPlacingWay><oos:placingWayId>55490</oos:placingWayId><oos:code>3JZ</oos:code><oos:name>Подспособ для теста НСИ - отредактировал</oos:name><oos:type>OK</oos:type><oos:subsystemType>FZ94</oos:subsystemType><oos:actual>false</oos:actual><oos:isProcedure>false</oos:isProcedure><oos:isExclude>false</oos:isExclude></nsiPlacingWay><nsiPlacingWay><oos:placingWayId>55491</oos:placingWayId><oos:code>4ЫВ</oos:code><oos:name>Очередной новый подспособ для НСИ</oos:name><oos:type>OK</oos:type><oos:subsystemType>FZ94</oos:subsystemType><oos:actual>false</oos:actual><oos:isProcedure>false</oos:isProcedure><oos:isExclude>false</oos:isExclude></nsiPlacingWay><nsiPlacingWay><oos:placingWayId>55669</oos:placingWayId><oos:code>TR</oos:code><oos:name>trtr</oos:name><oos:type>OK</oos:type><oos:subsystemType>FZ94</oos:subsystemType><oos:actual>false</oos:actual><oos:isProcedure>false</oos:isProcedure><oos:isExclude>false</oos:isExclude></nsiPlacingWay><nsiPlacingWay><oos:placingWayId>55793</oos:placingWayId><oos:code>23</oos:code><oos:name>Новый подспособ для ОК</oos:name><oos:type>EF</oos:type><oos:subsystemType>FZ94</oos:subsystemType><oos:actual>false</oos:actual><oos:isProcedure>false</oos:isProcedure><oos:isExclude>false</oos:isExclude></nsiPlacingWay><nsiPlacingWay><oos:placingWayId>57943</oos:placingWayId><oos:code>О5</oos:code><oos:name>тест 1</oos:name><oos:type>OA</oos:type><oos:subsystemType>FZ94</oos:subsystemType><oos:actual>false</oos:actual><oos:isProcedure>false</oos:isProcedure><oos:isExclude>false</oos:isExclude></nsiPlacingWay><nsiPlacingWay><oos:placingWayId>59836</oos:placingWayId><oos:code>211</oos:code><oos:name>22</oos:name><oos:type>OA</oos:type><oos:subsystemType>FZ94</oos:subsystemType><oos:actual>false</oos:actual><oos:isProcedure>false</oos:isProcedure><oos:isExclude>false</oos:isExclude></nsiPlacingWay><nsiPlacingWay><oos:placingWayId>63818</oos:placingWayId><oos:code>42</oos:code><oos:name>Новый подспособ на ДВ</oos:name><oos:type>OK</oos:type><oos:subsystemType>FZ94</oos:subsystemType><oos:actual>false</oos:actual><oos:isProcedure>false</oos:isProcedure><oos:isExclude>false</oos:isExclude></nsiPlacingWay><nsiPlacingWay><oos:placingWayId>201741</oos:placingWayId><oos:code>ZH</oos:code><oos:name>Результат рассмотрения и оценки котировочных заявок (Глава 5 Федерального закона №94-Ф3)</oos:name><oos:type>ZH</oos:type><oos:subsystemType>FZ94</oos:subsystemType><oos:actual>true</oos:actual><oos:isProcedure>false</oos:isProcedure><oos:isExclude>false</oos:isExclude></nsiPlacingWay><nsiPlacingWay><oos:placingWayId>6266564</oos:placingWayId><oos:code>ZKS</oos:code><oos:name>Заказ на выполнение проектных, изыскательских работ, работ по строительству, реконструкции, капитальному ремонту объектов капитального строительства, относящихся в соответствии с Федеральным законом от 1 декабря 2007 года № 310-ФЗ к олимпийским объектам федерального значения, олимпийским объектам краевого значения или олимпийским объектам муниципального значения (ч.34 ст.65 Федерального закона №94-ФЗ), размещаемый путем проведения запроса котировок</oos:name><oos:type>ZK</oos:type><oos:subsystemType>FZ94</oos:subsystemType><oos:actual>true</oos:actual><oos:isProcedure>false</oos:isProcedure><oos:isExclude>false</oos:isExclude></nsiPlacingWay><nsiPlacingWay><oos:placingWayId>6324832</oos:placingWayId><oos:code>JF</oos:code><oos:name>Тестовый подспособ</oos:name><oos:type>EF</oos:type><oos:subsystemType>FZ94</oos:subsystemType><oos:actual>false</oos:actual><oos:isProcedure>false</oos:isProcedure><oos:isExclude>false</oos:isExclude></nsiPlacingWay><nsiPlacingWay><oos:placingWayId>6324833</oos:placingWayId><oos:code>POO</oos:code><oos:name>Тестовый подспособ для ПО</oos:name><oos:type>PO</oos:type><oos:subsystemType>FZ94</oos:subsystemType><oos:actual>false</oos:actual><oos:isProcedure>false</oos:isProcedure><oos:isExclude>false</oos:isExclude></nsiPlacingWay><nsiPlacingWay><oos:placingWayId>6324844</oos:placingWayId><oos:code>23С</oos:code><oos:name>Новый</oos:name><oos:type>OA</oos:type><oos:subsystemType>FZ94</oos:subsystemType><oos:actual>false</oos:actual><oos:isProcedure>false</oos:isProcedure><oos:isExclude>false</oos:isExclude></nsiPlacingWay><nsiPlacingWay><oos:placingWayId>6325026</oos:placingWayId><oos:code>OKE</oos:code><oos:name>Открытый конкурс на размещение заказа на энергосервис для нужд заказчиков (гл. 7.1 Федерального закона №94-ФЗ)</oos:name><oos:type>OK</oos:type><oos:subsystemType>FZ94</oos:subsystemType><oos:actual>true</oos:actual><oos:isProcedure>false</oos:isProcedure><oos:isExclude>false</oos:isExclude></nsiPlacingWay><nsiPlacingWay><oos:placingWayId>6325027</oos:placingWayId><oos:code>OAE</oos:code><oos:name>Открытый аукцион на размещение заказа на энергосервис для нужд заказчиков (гл. 7.1 Федерального закона №94-ФЗ)</oos:name><oos:type>OA</oos:type><oos:subsystemType>FZ94</oos:subsystemType><oos:actual>true</oos:actual><oos:isProcedure>false</oos:isProcedure><oos:isExclude>false</oos:isExclude></nsiPlacingWay><nsiPlacingWay><oos:placingWayId>6325028</oos:placingWayId><oos:code>ESZ</oos:code><oos:name>Открытый аукцион в электронной форме на размещение заказа на энергосервис для нужд заказчиков (гл. 7.1 Федерального закона №94-ФЗ)</oos:name><oos:type>EF</oos:type><oos:subsystemType>FZ94</oos:subsystemType><oos:actual>true</oos:actual><oos:isProcedure>false</oos:isProcedure><oos:isExclude>false</oos:isExclude></nsiPlacingWay><nsiPlacingWay><oos:placingWayId>6325029</oos:placingWayId><oos:code>ZKE</oos:code><oos:name>Размещение заказа путем запроса котировок на энергосервис для нужд заказчиков (гл. 7.1 Федерального закона №94-ФЗ)</oos:name><oos:type>ZK</oos:type><oos:subsystemType>FZ94</oos:subsystemType><oos:actual>true</oos:actual><oos:isProcedure>false</oos:isProcedure><oos:isExclude>false</oos:isExclude></nsiPlacingWay><nsiPlacingWay><oos:placingWayId>6325033</oos:placingWayId><oos:code>ES</oos:code><oos:name>Единственный поставщик</oos:name><oos:type>ES</oos:type><oos:subsystemType>FZ94</oos:subsystemType><oos:actual>true</oos:actual><oos:isProcedure>false</oos:isProcedure><oos:isExclude>false</oos:isExclude></nsiPlacingWay><nsiPlacingWay><oos:placingWayId>7542847</oos:placingWayId><oos:code>TB</oos:code><oos:name>Торги на товарных биржах</oos:name><oos:type>TB</oos:type><oos:subsystemType>FZ94</oos:subsystemType><oos:actual>true</oos:actual><oos:isProcedure>false</oos:isProcedure><oos:isExclude>false</oos:isExclude></nsiPlacingWay><nsiPlacingWay><oos:placingWayId>8301974</oos:placingWayId><oos:code>OKS</oos:code><oos:name>Открытый конкурс (размещение заказа на поставку технических средств реабилитации инвалидов, оказание услуг в сфере образования, услуг по санаторно-курортному лечению)</oos:name><oos:type>OK</oos:type><oos:subsystemType>FZ94</oos:subsystemType><oos:actual>true</oos:actual><oos:isProcedure>false</oos:isProcedure><oos:isExclude>false</oos:isExclude></nsiPlacingWay><nsiPlacingWay><oos:placingWayId>8360974</oos:placingWayId><oos:code>OK44</oos:code><oos:name>Открытый конкурс</oos:name><oos:type>OK44</oos:type><oos:subsystemType>FZ44</oos:subsystemType><oos:actual>true</oos:actual><oos:compDocuments><oos:document><oos:code>110111</oos:code><oos:name>Протокол рассмотрения и оценки заявок на участие в конкурсе; Протокол рассмотрения единственной заявки на участие в конкурсе</oos:name><oos:actual>true</oos:actual></oos:document></oos:compDocuments><oos:usedInRPGInfo><oos:usedInRPG>true</oos:usedInRPG><oos:RPGJoint>true</oos:RPGJoint><oos:RPGNot111>false</oos:RPGNot111></oos:usedInRPGInfo><oos:isProcedure>false</oos:isProcedure><oos:isExclude>true</oos:isExclude></nsiPlacingWay><nsiPlacingWay><oos:placingWayId>8360975</oos:placingWayId><oos:code>OKU44</oos:code><oos:name>Конкурс с ограниченным участием</oos:name><oos:type>OKU44</oos:type><oos:subsystemType>FZ44</oos:subsystemType><oos:actual>true</oos:actual><oos:compDocuments><oos:document><oos:code>110211</oos:code><oos:name>Протокол рассмотрения и оценки заявок на участие в конкурсе; Протокол рассмотрения единственной заявки на участие в конкурсе</oos:name><oos:actual>true</oos:actual></oos:document></oos:compDocuments><oos:usedInRPGInfo><oos:usedInRPG>true</oos:usedInRPG><oos:RPGJoint>true</oos:RPGJoint><oos:RPGNot111>false</oos:RPGNot111></oos:usedInRPGInfo><oos:isProcedure>false</oos:isProcedure><oos:isExclude>true</oos:isExclude></nsiPlacingWay><nsiPlacingWay><oos:placingWayId>8360976</oos:placingWayId><oos:code>OKD44</oos:code><oos:name>Двухэтапный конкурс</oos:name><oos:type>OKD44</oos:type><oos:subsystemType>FZ44</oos:subsystemType><oos:actual>true</oos:actual><oos:compDocuments><oos:document><oos:code>110311</oos:code><oos:name>Протокол рассмотрения и оценки заявок на участие в конкурсе; Протокол рассмотрения единственной заявки на участие в конкурсе</oos:name><oos:actual>true</oos:actual></oos:document></oos:compDocuments><oos:usedInRPGInfo><oos:usedInRPG>true</oos:usedInRPG><oos:RPGJoint>true</oos:RPGJoint><oos:RPGNot111>false</oos:RPGNot111></oos:usedInRPGInfo><oos:isProcedure>false</oos:isProcedure><oos:isExclude>true</oos:isExclude></nsiPlacingWay><nsiPlacingWay><oos:placingWayId>8360977</oos:placingWayId><oos:code>EA44</oos:code><oos:name>Электронный аукцион</oos:name><oos:type>EA44</oos:type><oos:subsystemType>FZ44</oos:subsystemType><oos:actual>true</oos:actual><oos:compDocuments><oos:document><oos:code>120111</oos:code><oos:name>Протокол подведения итогов определения поставщиков (подрядчиков, исполнителей)</oos:name><oos:actual>true</oos:actual></oos:document></oos:compDocuments><oos:usedInRPGInfo><oos:usedInRPG>true</oos:usedInRPG><oos:RPGJoint>true</oos:RPGJoint><oos:RPGNot111>true</oos:RPGNot111></oos:usedInRPGInfo><oos:isProcedure>true</oos:isProcedure><oos:isExclude>false</oos:isExclude></nsiPlacingWay><nsiPlacingWay><oos:placingWayId>8360978</oos:placingWayId><oos:code>ZK44</oos:code><oos:name>Запрос котировок</oos:name><oos:type>ZK44</oos:type><oos:subsystemType>FZ44</oos:subsystemType><oos:actual>true</oos:actual><oos:compDocuments><oos:document><oos:code>130111</oos:code><oos:name>Протокол рассмотрения и оценки заявок на участие в запросе котировок</oos:name><oos:actual>true</oos:actual></oos:document></oos:compDocuments><oos:usedInRPGInfo><oos:usedInRPG>true</oos:usedInRPG><oos:RPGJoint>false</oos:RPGJoint><oos:RPGNot111>false</oos:RPGNot111></oos:usedInRPGInfo><oos:isProcedure>false</oos:isProcedure><oos:isExclude>false</oos:isExclude></nsiPlacingWay><nsiPlacingWay><oos:placingWayId>8360979</oos:placingWayId><oos:code>ZKB44</oos:code><oos:name>Запрос котировок без размещения извещения</oos:name><oos:type>ZKB44</oos:type><oos:subsystemType>FZ44</oos:subsystemType><oos:actual>true</oos:actual><oos:usedInRPGInfo><oos:usedInRPG>true</oos:usedInRPG><oos:RPGJoint>false</oos:RPGJoint><oos:RPGNot111>false</oos:RPGNot111></oos:usedInRPGInfo><oos:isProcedure>false</oos:isProcedure><oos:isExclude>true</oos:isExclude></nsiPlacingWay><nsiPlacingWay><oos:placingWayId>8360980</oos:placingWayId><oos:code>PO44</oos:code><oos:name>Предварительный отбор</oos:name><oos:type>PO44</oos:type><oos:subsystemType>FZ44</oos:subsystemType><oos:actual>true</oos:actual><oos:isProcedure>false</oos:isProcedure><oos:isExclude>true</oos:isExclude></nsiPlacingWay><nsiPlacingWay><oos:placingWayId>8360981</oos:placingWayId><oos:code>ZP44</oos:code><oos:name>Запрос предложений</oos:name><oos:type>ZP44</oos:type><oos:subsystemType>FZ44</oos:subsystemType><oos:actual>true</oos:actual><oos:compDocuments><oos:document><oos:code>140111</oos:code><oos:name>Итоговый протокол; Протокол проведения запроса предложений</oos:name><oos:actual>true</oos:actual></oos:document></oos:compDocuments><oos:usedInRPGInfo><oos:usedInRPG>true</oos:usedInRPG><oos:RPGJoint>false</oos:RPGJoint><oos:RPGNot111>false</oos:RPGNot111></oos:usedInRPGInfo><oos:isProcedure>false</oos:isProcedure><oos:isExclude>true</oos:isExclude></nsiPlacingWay><nsiPlacingWay><oos:placingWayId>8360982</oos:placingWayId><oos:code>ZKK44</oos:code><oos:name>Закрытый конкурс</oos:name><oos:type>ZKK44</oos:type><oos:subsystemType>FZ44</oos:subsystemType><oos:actual>true</oos:actual><oos:documents><oos:document><oos:code>110423</oos:code><oos:name>Решение федерального органа исполнительной власти, уполномоченного Правительством Российской Федерации на осуществление согласования закрытых способов определения поставщиков (подрядчиков, исполнителей)</oos:name><oos:actual>true</oos:actual></oos:document></oos:documents><oos:compDocuments><oos:document><oos:code>110421</oos:code><oos:name>Протокол рассмотрения и оценки заявок на участие в конкурсе; Протокол рассмотрения единственной заявки на участие в конкурсе</oos:name><oos:actual>true</oos:actual></oos:document></oos:compDocuments><oos:usedInRPGInfo><oos:usedInRPG>true</oos:usedInRPG><oos:RPGJoint>true</oos:RPGJoint><oos:RPGNot111>false</oos:RPGNot111></oos:usedInRPGInfo><oos:isProcedure>false</oos:isProcedure><oos:isExclude>false</oos:isExclude></nsiPlacingWay><nsiPlacingWay><oos:placingWayId>8360983</oos:placingWayId><oos:code>ZKKU44</oos:code><oos:name>Закрытый конкурс с ограниченным участием</oos:name><oos:type>ZKKU44</oos:type><oos:subsystemType>FZ44</oos:subsystemType><oos:actual>true</oos:actual><oos:documents><oos:document><oos:code>110523</oos:code><oos:name>Решение федерального органа исполнительной власти, уполномоченного Правительством Российской Федерации на осуществление согласования закрытых способов определения поставщиков (подрядчиков, исполнителей)</oos:name><oos:actual>true</oos:actual></oos:document></oos:documents><oos:compDocuments><oos:document><oos:code>110521</oos:code><oos:name>Протокол рассмотрения и оценки заявок на участие в конкурсе; Протокол рассмотрения единственной заявки на участие в конкурсе</oos:name><oos:actual>true</oos:actual></oos:document></oos:compDocuments><oos:usedInRPGInfo><oos:usedInRPG>true</oos:usedInRPG><oos:RPGJoint>true</oos:RPGJoint><oos:RPGNot111>false</oos:RPGNot111></oos:usedInRPGInfo><oos:isProcedure>false</oos:isProcedure><oos:isExclude>false</oos:isExclude></nsiPlacingWay><nsiPlacingWay><oos:placingWayId>8360984</oos:placingWayId><oos:code>ZKKD44</oos:code><oos:name>Закрытый двухэтапный конкурс</oos:name><oos:type>ZKKD44</oos:type><oos:subsystemType>FZ44</oos:subsystemType><oos:actual>true</oos:actual><oos:documents><oos:document><oos:code>110623</oos:code><oos:name>Решение федерального органа исполнительной власти, уполномоченного Правительством Российской Федерации на осуществление согласования закрытых способов определения поставщиков (подрядчиков, исполнителей)</oos:name><oos:actual>true</oos:actual></oos:document></oos:documents><oos:compDocuments><oos:document><oos:code>110621</oos:code><oos:name>Протокол рассмотрения и оценки заявок на участие в конкурсе; Протокол рассмотрения единственной заявки на участие в конкурсе</oos:name><oos:actual>true</oos:actual></oos:document></oos:compDocuments><oos:usedInRPGInfo><oos:usedInRPG>true</oos:usedInRPG><oos:RPGJoint>true</oos:RPGJoint><oos:RPGNot111>false</oos:RPGNot111></oos:usedInRPGInfo><oos:isProcedure>false</oos:isProcedure><oos:isExclude>false</oos:isExclude></nsiPlacingWay><nsiPlacingWay><oos:placingWayId>8360985</oos:placingWayId><oos:code>ZA44</oos:code><oos:name>Закрытый аукцион</oos:name><oos:type>ZA44</oos:type><oos:subsystemType>FZ44</oos:subsystemType><oos:actual>true</oos:actual><oos:documents><oos:document><oos:code>120223</oos:code><oos:name>Решение федерального органа исполнительной власти, уполномоченного Правительством Российской Федерации на осуществление согласования закрытых способов определения поставщиков (подрядчиков, исполнителей)</oos:name><oos:actual>true</oos:actual></oos:document></oos:documents><oos:compDocuments><oos:document><oos:code>120221</oos:code><oos:name>Протокол закрытого аукциона</oos:name><oos:actual>true</oos:actual></oos:document></oos:compDocuments><oos:usedInRPGInfo><oos:usedInRPG>true</oos:usedInRPG><oos:RPGJoint>true</oos:RPGJoint><oos:RPGNot111>false</oos:RPGNot111></oos:usedInRPGInfo><oos:isProcedure>false</oos:isProcedure><oos:isExclude>false</oos:isExclude></nsiPlacingWay><nsiPlacingWay><oos:placingWayId>8360986</oos:placingWayId><oos:code>EP44</oos:code><oos:name>Закупка у единственного поставщика (подрядчика, исполнителя)</oos:name><oos:type>EP44</oos:type><oos:subsystemType>FZ44</oos:subsystemType><oos:actual>true</oos:actual><oos:usedInRPGInfo><oos:usedInRPG>true</oos:usedInRPG><oos:RPGJoint>false</oos:RPGJoint><oos:RPGNot111>false</oos:RPGNot111></oos:usedInRPGInfo><oos:isProcedure>false</oos:isProcedure><oos:isExclude>false</oos:isExclude></nsiPlacingWay><nsiPlacingWay><oos:placingWayId>8360987</oos:placingWayId><oos:code>IS44</oos:code><oos:name>Иной однолотовый способ</oos:name><oos:type>IS44</oos:type><oos:subsystemType>FZ44</oos:subsystemType><oos:actual>false</oos:actual><oos:isProcedure>false</oos:isProcedure><oos:isExclude>false</oos:isExclude></nsiPlacingWay><nsiPlacingWay><oos:placingWayId>8360988</oos:placingWayId><oos:code>ISM44</oos:code><oos:name>Иной многолотовый способ</oos:name><oos:type>ISM44</oos:type><oos:subsystemType>FZ44</oos:subsystemType><oos:actual>false</oos:actual><oos:isProcedure>false</oos:isProcedure><oos:isExclude>false</oos:isExclude></nsiPlacingWay><nsiPlacingWay><oos:placingWayId>8361026</oos:placingWayId><oos:code>PK44</oos:code><oos:name>Повторный конкурс</oos:name><oos:type>OK44</oos:type><oos:subsystemType>FZ44</oos:subsystemType><oos:actual>true</oos:actual><oos:isProcedure>false</oos:isProcedure><oos:isExclude>true</oos:isExclude></nsiPlacingWay><nsiPlacingWay><oos:placingWayId>8361027</oos:placingWayId><oos:code>POKU44</oos:code><oos:name>Повторный конкурс с ограниченным участием</oos:name><oos:type>OKU44</oos:type><oos:subsystemType>FZ44</oos:subsystemType><oos:actual>true</oos:actual><oos:isProcedure>false</oos:isProcedure><oos:isExclude>true</oos:isExclude></nsiPlacingWay><nsiPlacingWay><oos:placingWayId>8361028</oos:placingWayId><oos:code>POKD44</oos:code><oos:name>Повторный конкурс</oos:name><oos:type>OKD44</oos:type><oos:subsystemType>FZ44</oos:subsystemType><oos:actual>false</oos:actual><oos:isProcedure>false</oos:isProcedure><oos:isExclude>true</oos:isExclude></nsiPlacingWay><nsiPlacingWay><oos:placingWayId>8361029</oos:placingWayId><oos:code>ZKOP44</oos:code><oos:name>Запрос котировок для оказания скорой, в том числе скорой специализированной, медицинской помощи в экстренной или неотложной форме и нормального жизнеобеспечения граждан (в соответствии со Статьей 76 Федерального закона № 44-ФЗ)</oos:name><oos:type>ZK44</oos:type><oos:subsystemType>FZ44</oos:subsystemType><oos:actual>true</oos:actual><oos:isProcedure>false</oos:isProcedure><oos:isExclude>false</oos:isExclude></nsiPlacingWay><nsiPlacingWay><oos:placingWayId>8361030</oos:placingWayId><oos:code>ZKBIG44</oos:code><oos:name>Запрос котировок для обеспечения деятельности заказчика на территории иностранного государства (в соответствии со Статьей 75 Федерального закона № 44-ФЗ)</oos:name><oos:type>ZKB44</oos:type><oos:subsystemType>FZ44</oos:subsystemType><oos:actual>false</oos:actual><oos:isProcedure>false</oos:isProcedure><oos:isExclude>false</oos:isExclude></nsiPlacingWay><nsiPlacingWay><oos:placingWayId>8361031</oos:placingWayId><oos:code>ZKBGP44</oos:code><oos:name>Запрос котировок в целях оказания гуманитарной помощи либо ликвидации последствий чрезвычайной ситуации природного или техногенного характера (в соответствии со Статьей 82 Федерального закона № 44-ФЗ)</oos:name><oos:type>ZKB44</oos:type><oos:subsystemType>FZ44</oos:subsystemType><oos:actual>true</oos:actual><oos:isProcedure>false</oos:isProcedure><oos:isExclude>false</oos:isExclude></nsiPlacingWay><nsiPlacingWay><oos:placingWayId>8361238</oos:placingWayId><oos:code>ZKK44I</oos:code><oos:name>Закрытый конкурс (универсальный способ)</oos:name><oos:type>ISM44</oos:type><oos:subsystemType>FZ44</oos:subsystemType><oos:actual>false</oos:actual><oos:isProcedure>false</oos:isProcedure><oos:isExclude>false</oos:isExclude></nsiPlacingWay><nsiPlacingWay><oos:placingWayId>8361239</oos:placingWayId><oos:code>ZKKU44I</oos:code><oos:name>Закрытый конкурс с ограниченным участием (универсальный способ)</oos:name><oos:type>ISM44</oos:type><oos:subsystemType>FZ44</oos:subsystemType><oos:actual>false</oos:actual><oos:isProcedure>false</oos:isProcedure><oos:isExclude>false</oos:isExclude></nsiPlacingWay><nsiPlacingWay><oos:placingWayId>8361240</oos:placingWayId><oos:code>ZKKD44I</oos:code><oos:name>Закрытый двухэтапный конкурс (универсальный способ)</oos:name><oos:type>ISM44</oos:type><oos:subsystemType>FZ44</oos:subsystemType><oos:actual>false</oos:actual><oos:isProcedure>false</oos:isProcedure><oos:isExclude>false</oos:isExclude></nsiPlacingWay><nsiPlacingWay><oos:placingWayId>8361241</oos:placingWayId><oos:code>ZA44I</oos:code><oos:name>Закрытый аукцион (универсальный способ)</oos:name><oos:type>ISM44</oos:type><oos:subsystemType>FZ44</oos:subsystemType><oos:actual>false</oos:actual><oos:isProcedure>false</oos:isProcedure><oos:isExclude>false</oos:isExclude></nsiPlacingWay><nsiPlacingWay><oos:placingWayId>8361242</oos:placingWayId><oos:code>OKD44I</oos:code><oos:name>Двухэтапный конкурс (универсальный способ)</oos:name><oos:type>ISM44</oos:type><oos:subsystemType>FZ44</oos:subsystemType><oos:actual>false</oos:actual><oos:isProcedure>false</oos:isProcedure><oos:isExclude>false</oos:isExclude></nsiPlacingWay><nsiPlacingWay><oos:placingWayId>8361243</oos:placingWayId><oos:code>OKU44I</oos:code><oos:name>Конкурс с ограниченным участием (универсальный способ)</oos:name><oos:type>ISM44</oos:type><oos:subsystemType>FZ44</oos:subsystemType><oos:actual>false</oos:actual><oos:isProcedure>false</oos:isProcedure><oos:isExclude>false</oos:isExclude></nsiPlacingWay><nsiPlacingWay><oos:placingWayId>8361244</oos:placingWayId><oos:code>ZKB44I</oos:code><oos:name>Запрос котировок без размещения извещения (универсальный способ)</oos:name><oos:type>IS44</oos:type><oos:subsystemType>FZ44</oos:subsystemType><oos:actual>false</oos:actual><oos:isProcedure>false</oos:isProcedure><oos:isExclude>false</oos:isExclude></nsiPlacingWay><nsiPlacingWay><oos:placingWayId>8403974</oos:placingWayId><oos:code>ZKOO44</oos:code><oos:name>Запрос котировок на выполнение работ по строительству, реконструкции, капитальному ремонту, а также проектных, изыскательских работ в отношении олимпийских объектов и строительству домов взамен земельных участков и объектов недвижимого имущества, изымаемых в целях размещения олимпийских объектов (часть 15 статьи 112 Федерального закона №44-ФЗ)</oos:name><oos:type>ZK44</oos:type><oos:subsystemType>FZ44</oos:subsystemType><oos:actual>true</oos:actual><oos:isProcedure>false</oos:isProcedure><oos:isExclude>false</oos:isExclude></nsiPlacingWay><nsiPlacingWay><oos:placingWayId>8444974</oos:placingWayId><oos:code>EOK44</oos:code><oos:name>Конкурс для заключения энергосервисного контракта</oos:name><oos:type>OK44</oos:type><oos:subsystemType>FZ44</oos:subsystemType><oos:actual>true</oos:actual><oos:isProcedure>false</oos:isProcedure><oos:isExclude>true</oos:isExclude></nsiPlacingWay><nsiPlacingWay><oos:placingWayId>8444975</oos:placingWayId><oos:code>EOKU44</oos:code><oos:name>Конкурс для заключения энергосервисного контракта</oos:name><oos:type>OKU44</oos:type><oos:subsystemType>FZ44</oos:subsystemType><oos:actual>true</oos:actual><oos:isProcedure>false</oos:isProcedure><oos:isExclude>true</oos:isExclude></nsiPlacingWay><nsiPlacingWay><oos:placingWayId>8444976</oos:placingWayId><oos:code>EOKD44</oos:code><oos:name>Конкурс для заключения энергосервисного контракта</oos:name><oos:type>OKD44</oos:type><oos:subsystemType>FZ44</oos:subsystemType><oos:actual>true</oos:actual><oos:isProcedure>false</oos:isProcedure><oos:isExclude>true</oos:isExclude></nsiPlacingWay><nsiPlacingWay><oos:placingWayId>8444977</oos:placingWayId><oos:code>EEA44</oos:code><oos:name>Электронный аукцион для заключения энергосервисного контракта</oos:name><oos:type>EA44</oos:type><oos:subsystemType>FZ44</oos:subsystemType><oos:actual>true</oos:actual><oos:isProcedure>true</oos:isProcedure><oos:isExclude>false</oos:isExclude></nsiPlacingWay><nsiPlacingWay><oos:placingWayId>8444978</oos:placingWayId><oos:code>ZKE44</oos:code><oos:name>Запрос котировок для заключения энергосервисного контракта</oos:name><oos:type>ZK44</oos:type><oos:subsystemType>FZ44</oos:subsystemType><oos:actual>true</oos:actual><oos:isProcedure>false</oos:isProcedure><oos:isExclude>false</oos:isExclude></nsiPlacingWay><nsiPlacingWay><oos:placingWayId>8448074</oos:placingWayId><oos:code>OKA44</oos:code><oos:name>Открытый конкурс для заключения договора на проведение аудита бухгалтерской (финансовой) отчетности (согласно ч. 4 ст. 5 Федерального закона от 30.12.2008г. № 307-ФЗ)</oos:name><oos:type>OK44</oos:type><oos:subsystemType>FZ44</oos:subsystemType><oos:actual>true</oos:actual><oos:isProcedure>false</oos:isProcedure><oos:isExclude>true</oos:isExclude></nsiPlacingWay><nsiPlacingWay><oos:placingWayId>8697656</oos:placingWayId><oos:code>OKP44</oos:code><oos:name>Открытый конкурс</oos:name><oos:type>OK44</oos:type><oos:subsystemType>FZ44</oos:subsystemType><oos:actual>true</oos:actual><oos:isProcedure>false</oos:isProcedure><oos:isExclude>true</oos:isExclude></nsiPlacingWay><nsiPlacingWay><oos:placingWayId>8697657</oos:placingWayId><oos:code>OKUP44</oos:code><oos:name>Конкурс с ограниченным участием</oos:name><oos:type>OKU44</oos:type><oos:subsystemType>FZ44</oos:subsystemType><oos:actual>true</oos:actual><oos:isProcedure>false</oos:isProcedure><oos:isExclude>true</oos:isExclude></nsiPlacingWay><nsiPlacingWay><oos:placingWayId>8697658</oos:placingWayId><oos:code>OKDP44</oos:code><oos:name>Двухэтапный конкурс</oos:name><oos:type>OKD44</oos:type><oos:subsystemType>FZ44</oos:subsystemType><oos:actual>true</oos:actual><oos:isProcedure>false</oos:isProcedure><oos:isExclude>true</oos:isExclude></nsiPlacingWay><nsiPlacingWay><oos:placingWayId>8697659</oos:placingWayId><oos:code>EAP44</oos:code><oos:name>Электронный аукцион</oos:name><oos:type>EA44</oos:type><oos:subsystemType>FZ44</oos:subsystemType><oos:actual>true</oos:actual><oos:isProcedure>true</oos:isProcedure><oos:isExclude>false</oos:isExclude></nsiPlacingWay><nsiPlacingWay><oos:placingWayId>8697660</oos:placingWayId><oos:code>ZKP44</oos:code><oos:name>Запрос котировок</oos:name><oos:type>ZK44</oos:type><oos:subsystemType>FZ44</oos:subsystemType><oos:actual>true</oos:actual><oos:isProcedure>false</oos:isProcedure><oos:isExclude>false</oos:isExclude></nsiPlacingWay><nsiPlacingWay><oos:placingWayId>8697661</oos:placingWayId><oos:code>POP44</oos:code><oos:name>Предварительный отбор</oos:name><oos:type>PO44</oos:type><oos:subsystemType>FZ44</oos:subsystemType><oos:actual>true</oos:actual><oos:isProcedure>false</oos:isProcedure><oos:isExclude>true</oos:isExclude></nsiPlacingWay><nsiPlacingWay><oos:placingWayId>8697662</oos:placingWayId><oos:code>ZPP44</oos:code><oos:name>Запрос предложений</oos:name><oos:type>ZP44</oos:type><oos:subsystemType>FZ44</oos:subsystemType><oos:actual>true</oos:actual><oos:isProcedure>false</oos:isProcedure><oos:isExclude>true</oos:isExclude></nsiPlacingWay><nsiPlacingWay><oos:placingWayId>8697663</oos:placingWayId><oos:code>ZKKP44</oos:code><oos:name>Закрытый конкурс</oos:name><oos:type>ZKK44</oos:type><oos:subsystemType>FZ44</oos:subsystemType><oos:actual>true</oos:actual><oos:documents><oos:document><oos:code>110423</oos:code><oos:name>Решение федерального органа исполнительной власти, уполномоченного Правительством Российской Федерации на осуществление согласования закрытых способов определения поставщиков (подрядчиков, исполнителей)</oos:name><oos:actual>true</oos:actual></oos:document></oos:documents><oos:isProcedure>false</oos:isProcedure><oos:isExclude>false</oos:isExclude></nsiPlacingWay><nsiPlacingWay><oos:placingWayId>8697664</oos:placingWayId><oos:code>ZKKUP44</oos:code><oos:name>Закрытый конкурс с ограниченным участием</oos:name><oos:type>ZKKU44</oos:type><oos:subsystemType>FZ44</oos:subsystemType><oos:actual>true</oos:actual><oos:documents><oos:document><oos:code>110523</oos:code><oos:name>Решение федерального органа исполнительной власти, уполномоченного Правительством Российской Федерации на осуществление согласования закрытых способов определения поставщиков (подрядчиков, исполнителей)</oos:name><oos:actual>true</oos:actual></oos:document></oos:documents><oos:isProcedure>false</oos:isProcedure><oos:isExclude>false</oos:isExclude></nsiPlacingWay><nsiPlacingWay><oos:placingWayId>8697665</oos:placingWayId><oos:code>ZKKDP44</oos:code><oos:name>Закрытый двухэтапный конкурс</oos:name><oos:type>ZKKD44</oos:type><oos:subsystemType>FZ44</oos:subsystemType><oos:actual>true</oos:actual><oos:documents><oos:document><oos:code>110623</oos:code><oos:name>Решение федерального органа исполнительной власти, уполномоченного Правительством Российской Федерации на осуществление согласования закрытых способов определения поставщиков (подрядчиков, исполнителей)</oos:name><oos:actual>true</oos:actual></oos:document></oos:documents><oos:isProcedure>false</oos:isProcedure><oos:isExclude>false</oos:isExclude></nsiPlacingWay><nsiPlacingWay><oos:placingWayId>8697666</oos:placingWayId><oos:code>ZAP44</oos:code><oos:name>Закрытый аукцион</oos:name><oos:type>ZA44</oos:type><oos:subsystemType>FZ44</oos:subsystemType><oos:actual>true</oos:actual><oos:documents><oos:document><oos:code>120223</oos:code><oos:name>Решение федерального органа исполнительной власти, уполномоченного Правительством Российской Федерации на осуществление согласования закрытых способов определения поставщиков (подрядчиков, исполнителей)</oos:name><oos:actual>true</oos:actual></oos:document></oos:documents><oos:isProcedure>false</oos:isProcedure><oos:isExclude>false</oos:isExclude></nsiPlacingWay><nsiPlacingWay><oos:placingWayId>8697667</oos:placingWayId><oos:code>EPP44</oos:code><oos:name>Закупка у единственного поставщика (подрядчика, исполнителя)</oos:name><oos:type>EP44</oos:type><oos:subsystemType>FZ44</oos:subsystemType><oos:actual>true</oos:actual><oos:isProcedure>false</oos:isProcedure><oos:isExclude>false</oos:isExclude></nsiPlacingWay><nsiPlacingWay><oos:placingWayId>8895196</oos:placingWayId><oos:code>INM111</oos:code><oos:name>Способ определения поставщика (подрядчика, исполнителя), установленный Правительством Российской Федерации в соответствии со ст. 111 Федерального закона № 44-ФЗ</oos:name><oos:type>INM111</oos:type><oos:subsystemType>FZ44</oos:subsystemType><oos:actual>true</oos:actual><oos:usedInRPGInfo><oos:usedInRPG>true</oos:usedInRPG><oos:RPGJoint>false</oos:RPGJoint><oos:RPGNot111>true</oos:RPGNot111></oos:usedInRPGInfo><oos:isProcedure>false</oos:isProcedure><oos:isExclude>false</oos:isExclude></nsiPlacingWay><nsiPlacingWay><oos:placingWayId>8895197</oos:placingWayId><oos:code>INMP111</oos:code><oos:name>Способ определения поставщика (подрядчика, исполнителя), установленный Правительством Российской Федерации в соответствии со ст. 111 Федерального закона № 44-ФЗ</oos:name><oos:type>INM111</oos:type><oos:subsystemType>FZ44</oos:subsystemType><oos:actual>true</oos:actual><oos:isProcedure>false</oos:isProcedure><oos:isExclude>false</oos:isExclude></nsiPlacingWay><nsiPlacingWay><oos:placingWayId>8895198</oos:placingWayId><oos:code>OK111</oos:code><oos:name>Открытый конкурс с учетом положений ст. 111 Закона № 44-ФЗ</oos:name><oos:type>INM111</oos:type><oos:subsystemType>FZ44</oos:subsystemType><oos:actual>true</oos:actual><oos:isProcedure>false</oos:isProcedure><oos:isExclude>false</oos:isExclude></nsiPlacingWay><nsiPlacingWay><oos:placingWayId>8895199</oos:placingWayId><oos:code>OKU111</oos:code><oos:name>Конкурс с ограниченным участием с учетом положений ст. 111 Закона № 44-ФЗ</oos:name><oos:type>INM111</oos:type><oos:subsystemType>FZ44</oos:subsystemType><oos:actual>true</oos:actual><oos:isProcedure>false</oos:isProcedure><oos:isExclude>false</oos:isExclude></nsiPlacingWay><nsiPlacingWay><oos:placingWayId>8895200</oos:placingWayId><oos:code>OKD111</oos:code><oos:name>Двухэтапный конкурс с учетом положений ст. 111 Закона № 44-ФЗ</oos:name><oos:type>INM111</oos:type><oos:subsystemType>FZ44</oos:subsystemType><oos:actual>true</oos:actual><oos:isProcedure>false</oos:isProcedure><oos:isExclude>false</oos:isExclude></nsiPlacingWay><nsiPlacingWay><oos:placingWayId>8895201</oos:placingWayId><oos:code>ZKK111</oos:code><oos:name>Закрытый конкурс с учетом положений ст. 111 Закона № 44-ФЗ</oos:name><oos:type>INM111</oos:type><oos:subsystemType>FZ44</oos:subsystemType><oos:actual>true</oos:actual><oos:isProcedure>false</oos:isProcedure><oos:isExclude>false</oos:isExclude></nsiPlacingWay><nsiPlacingWay><oos:placingWayId>8895202</oos:placingWayId><oos:code>ZKKU111</oos:code><oos:name>Закрытый конкурс с ограниченным участием с учетом положений ст. 111 Закона № 44-ФЗ</oos:name><oos:type>INM111</oos:type><oos:subsystemType>FZ44</oos:subsystemType><oos:actual>true</oos:actual><oos:isProcedure>false</oos:isProcedure><oos:isExclude>false</oos:isExclude></nsiPlacingWay><nsiPlacingWay><oos:placingWayId>8895203</oos:placingWayId><oos:code>ZKKD111</oos:code><oos:name>Закрытый двухэтапный конкурс с учетом положений ст. 111 Закона № 44-ФЗ</oos:name><oos:type>INM111</oos:type><oos:subsystemType>FZ44</oos:subsystemType><oos:actual>true</oos:actual><oos:isProcedure>false</oos:isProcedure><oos:isExclude>false</oos:isExclude></nsiPlacingWay><nsiPlacingWay><oos:placingWayId>8895204</oos:placingWayId><oos:code>ZA111</oos:code><oos:name>Закрытый аукцион с учетом положений ст. 111 Закона № 44-ФЗ</oos:name><oos:type>INM111</oos:type><oos:subsystemType>FZ44</oos:subsystemType><oos:actual>true</oos:actual><oos:isProcedure>false</oos:isProcedure><oos:isExclude>false</oos:isExclude></nsiPlacingWay><nsiPlacingWay><oos:placingWayId>8895205</oos:placingWayId><oos:code>ZK111</oos:code><oos:name>Запрос котировок с учетом положений ст. 111 Закона № 44-ФЗ</oos:name><oos:type>INM111</oos:type><oos:subsystemType>FZ44</oos:subsystemType><oos:actual>true</oos:actual><oos:isProcedure>false</oos:isProcedure><oos:isExclude>false</oos:isExclude></nsiPlacingWay><nsiPlacingWay><oos:placingWayId>8895206</oos:placingWayId><oos:code>ZKB111</oos:code><oos:name>Запрос котировок без размещения извещения с учетом положений ст. 111 Закона № 44-ФЗ</oos:name><oos:type>INM111</oos:type><oos:subsystemType>FZ44</oos:subsystemType><oos:actual>true</oos:actual><oos:isProcedure>false</oos:isProcedure><oos:isExclude>true</oos:isExclude></nsiPlacingWay><nsiPlacingWay><oos:placingWayId>8895207</oos:placingWayId><oos:code>ZP111</oos:code><oos:name>Запрос предложений с учетом положений ст. 111 Закона № 44-ФЗ</oos:name><oos:type>INM111</oos:type><oos:subsystemType>FZ44</oos:subsystemType><oos:actual>true</oos:actual><oos:isProcedure>false</oos:isProcedure><oos:isExclude>false</oos:isExclude></nsiPlacingWay><nsiPlacingWay><oos:placingWayId>8895208</oos:placingWayId><oos:code>PO111</oos:code><oos:name>Предварительный отбор с учетом положений ст. 111 Закона № 44-ФЗ</oos:name><oos:type>INM111</oos:type><oos:subsystemType>FZ44</oos:subsystemType><oos:actual>true</oos:actual><oos:isProcedure>false</oos:isProcedure><oos:isExclude>true</oos:isExclude></nsiPlacingWay><nsiPlacingWay><oos:placingWayId>8895209</oos:placingWayId><oos:code>EP111</oos:code><oos:name>Закупка у единственного поставщика (подрядчика, исполнителя) с учетом положений ст. 111 Закона № 44-ФЗ</oos:name><oos:type>INM111</oos:type><oos:subsystemType>FZ44</oos:subsystemType><oos:actual>true</oos:actual><oos:isProcedure>false</oos:isProcedure><oos:isExclude>false</oos:isExclude></nsiPlacingWay><nsiPlacingWay><oos:placingWayId>8913067</oos:placingWayId><oos:code>EA111</oos:code><oos:name>Электронный аукцион с учетом положений ст. 111 Закона № 44-ФЗ</oos:name><oos:type>INM111</oos:type><oos:subsystemType>FZ44</oos:subsystemType><oos:actual>false</oos:actual><oos:isProcedure>false</oos:isProcedure><oos:isExclude>false</oos:isExclude></nsiPlacingWay><nsiPlacingWay><oos:placingWayId>21959392</oos:placingWayId><oos:code>PO615</oos:code><oos:name>Предварительный отбор квалифицированных подрядных организаций</oos:name><oos:type>PO615</oos:type><oos:subsystemType>PP615</oos:subsystemType><oos:actual>true</oos:actual><oos:isProcedure>false</oos:isProcedure><oos:isExclude>false</oos:isExclude></nsiPlacingWay><nsiPlacingWay><oos:placingWayId>21959393</oos:placingWayId><oos:code>POP615</oos:code><oos:name>Предварительный отбор квалифицированных подрядных организаций</oos:name><oos:type>PO615</oos:type><oos:subsystemType>PP615</oos:subsystemType><oos:actual>true</oos:actual><oos:isProcedure>false</oos:isProcedure><oos:isExclude>false</oos:isExclude></nsiPlacingWay><nsiPlacingWay><oos:placingWayId>21959394</oos:placingWayId><oos:code>EA615</oos:code><oos:name>Электронный аукцион на оказание услуг или выполнение работ по капитальному ремонту общего имущества в многоквартирном доме</oos:name><oos:type>EA615</oos:type><oos:subsystemType>PP615</oos:subsystemType><oos:actual>true</oos:actual><oos:isProcedure>false</oos:isProcedure><oos:isExclude>false</oos:isExclude></nsiPlacingWay><nsiPlacingWay><oos:placingWayId>21959395</oos:placingWayId><oos:code>EAP615</oos:code><oos:name>Электронный аукцион на оказание услуг или выполнение работ по капитальному ремонту общего имущества в многоквартирном доме</oos:name><oos:type>EA615</oos:type><oos:subsystemType>PP615</oos:subsystemType><oos:actual>true</oos:actual><oos:isProcedure>false</oos:isProcedure><oos:isExclude>false</oos:isExclude></nsiPlacingWay><nsiPlacingWay><oos:placingWayId>23269394</oos:placingWayId><oos:code>OK504</oos:code><oos:name>Открытый конкурс в электронной форме</oos:name><oos:type>OK504</oos:type><oos:subsystemType>FZ44</oos:subsystemType><oos:actual>true</oos:actual><oos:compDocuments><oos:document><oos:code>110131</oos:code><oos:name>Протокол подведения итогов определения поставщиков (подрядчиков, исполнителей)</oos:name><oos:actual>true</oos:actual></oos:document></oos:compDocuments><oos:usedInRPGInfo><oos:usedInRPG>true</oos:usedInRPG><oos:RPGJoint>true</oos:RPGJoint><oos:RPGNot111>true</oos:RPGNot111></oos:usedInRPGInfo><oos:isProcedure>true</oos:isProcedure><oos:isExclude>false</oos:isExclude></nsiPlacingWay><nsiPlacingWay><oos:placingWayId>23269395</oos:placingWayId><oos:code>OKP504</oos:code><oos:name>Открытый конкурс в электронной форме</oos:name><oos:type>OK504</oos:type><oos:subsystemType>FZ44</oos:subsystemType><oos:actual>true</oos:actual><oos:isProcedure>true</oos:isProcedure><oos:isExclude>false</oos:isExclude></nsiPlacingWay><nsiPlacingWay><oos:placingWayId>23269396</oos:placingWayId><oos:code>EOK504</oos:code><oos:name>Открытый конкурс в электронной форме для заключения энергосервисного контракта</oos:name><oos:type>OK504</oos:type><oos:subsystemType>FZ44</oos:subsystemType><oos:actual>true</oos:actual><oos:isProcedure>true</oos:isProcedure><oos:isExclude>false</oos:isExclude></nsiPlacingWay><nsiPlacingWay><oos:placingWayId>23269397</oos:placingWayId><oos:code>OKK504</oos:code><oos:name>Открытый конкурс в электронной форме для заключения контракта в сфере науки, культуры или искусства</oos:name><oos:type>OK504</oos:type><oos:subsystemType>FZ44</oos:subsystemType><oos:actual>true</oos:actual><oos:isProcedure>true</oos:isProcedure><oos:isExclude>false</oos:isExclude></nsiPlacingWay><nsiPlacingWay><oos:placingWayId>23269398</oos:placingWayId><oos:code>OKA504</oos:code><oos:name>Открытый конкурс в электронной форме для заключения договора на проведение аудита бухгалтерской (финансовой) отчетности (согласно ч. 4 ст. 5 Федерального закона от 30.12.2008г. № 307-ФЗ)</oos:name><oos:type>OK504</oos:type><oos:subsystemType>FZ44</oos:subsystemType><oos:actual>true</oos:actual><oos:isProcedure>true</oos:isProcedure><oos:isExclude>false</oos:isExclude></nsiPlacingWay><nsiPlacingWay><oos:placingWayId>23269499</oos:placingWayId><oos:code>OKU504</oos:code><oos:name>Конкурс с ограниченным участием в электронной форме</oos:name><oos:type>OKU504</oos:type><oos:subsystemType>FZ44</oos:subsystemType><oos:actual>true</oos:actual><oos:compDocuments><oos:document><oos:code>110231</oos:code><oos:name>Протокол подведения итогов конкурса с ограниченным участием в электронной форме; Протокол рассмотрения единственной заявки на участие в конкурсе с ограниченным участием в электронной форме; Протокол рассмотрения заявки единственного участника конкурса с ограниченным участием в электронной форме</oos:name><oos:actual>true</oos:actual></oos:document></oos:compDocuments><oos:usedInRPGInfo><oos:usedInRPG>true</oos:usedInRPG><oos:RPGJoint>true</oos:RPGJoint><oos:RPGNot111>true</oos:RPGNot111></oos:usedInRPGInfo><oos:isProcedure>true</oos:isProcedure><oos:isExclude>false</oos:isExclude></nsiPlacingWay><nsiPlacingWay><oos:placingWayId>23269500</oos:placingWayId><oos:code>OKUP504</oos:code><oos:name>Конкурс с ограниченным участием в электронной форме</oos:name><oos:type>OKU504</oos:type><oos:subsystemType>FZ44</oos:subsystemType><oos:actual>true</oos:actual><oos:isProcedure>true</oos:isProcedure><oos:isExclude>false</oos:isExclude></nsiPlacingWay><nsiPlacingWay><oos:placingWayId>23269501</oos:placingWayId><oos:code>EOKU504</oos:code><oos:name>Конкурс с ограниченным участием для заключения энергосервисного контракта</oos:name><oos:type>OKU504</oos:type><oos:subsystemType>FZ44</oos:subsystemType><oos:actual>true</oos:actual><oos:isProcedure>true</oos:isProcedure><oos:isExclude>false</oos:isExclude></nsiPlacingWay><nsiPlacingWay><oos:placingWayId>23269502</oos:placingWayId><oos:code>OKUK504</oos:code><oos:name>Конкурс с ограниченным участием для заключения контракта в сфере науки, культуры или искусства</oos:name><oos:type>OKU504</oos:type><oos:subsystemType>FZ44</oos:subsystemType><oos:actual>true</oos:actual><oos:isProcedure>true</oos:isProcedure><oos:isExclude>false</oos:isExclude></nsiPlacingWay><nsiPlacingWay><oos:placingWayId>23269503</oos:placingWayId><oos:code>OKD504</oos:code><oos:name>Двухэтапный конкурс в электронной форме</oos:name><oos:type>OKD504</oos:type><oos:subsystemType>FZ44</oos:subsystemType><oos:actual>true</oos:actual><oos:compDocuments><oos:document><oos:code>110331</oos:code><oos:name>Протокол подведения итогов двухэтапного конкурса в электронной форме; Протокол рассмотрения единственной заявки на участие в двухэтапном конкурсе в электронной форме; Протокол рассмотрения заявки единственного участника двухэтапного конкурса в электронной форме</oos:name><oos:actual>true</oos:actual></oos:document></oos:compDocuments><oos:usedInRPGInfo><oos:usedInRPG>true</oos:usedInRPG><oos:RPGJoint>true</oos:RPGJoint><oos:RPGNot111>true</oos:RPGNot111></oos:usedInRPGInfo><oos:isProcedure>true</oos:isProcedure><oos:isExclude>false</oos:isExclude></nsiPlacingWay><nsiPlacingWay><oos:placingWayId>23269504</oos:placingWayId><oos:code>OKDP504</oos:code><oos:name>Двухэтапный конкурс в электронной форме</oos:name><oos:type>OKD504</oos:type><oos:subsystemType>FZ44</oos:subsystemType><oos:actual>true</oos:actual><oos:isProcedure>true</oos:isProcedure><oos:isExclude>false</oos:isExclude></nsiPlacingWay><nsiPlacingWay><oos:placingWayId>23269505</oos:placingWayId><oos:code>EOKD504</oos:code><oos:name>Двухэтапный конкурс для заключения энергосервисного контракта</oos:name><oos:type>OKD504</oos:type><oos:subsystemType>FZ44</oos:subsystemType><oos:actual>true</oos:actual><oos:isProcedure>true</oos:isProcedure><oos:isExclude>false</oos:isExclude></nsiPlacingWay><nsiPlacingWay><oos:placingWayId>23269506</oos:placingWayId><oos:code>OKDK504</oos:code><oos:name>Двухэтапный конкурс для заключения контракта в сфере науки, культуры или искусства</oos:name><oos:type>OKD504</oos:type><oos:subsystemType>FZ44</oos:subsystemType><oos:actual>true</oos:actual><oos:isProcedure>true</oos:isProcedure><oos:isExclude>false</oos:isExclude></nsiPlacingWay><nsiPlacingWay><oos:placingWayId>23269507</oos:placingWayId><oos:code>ZK504</oos:code><oos:name>Запрос котировок в электронной форме</oos:name><oos:type>ZK504</oos:type><oos:subsystemType>FZ44</oos:subsystemType><oos:actual>true</oos:actual><oos:compDocuments><oos:document><oos:code>130131</oos:code><oos:name>Протокол подведения итогов определения поставщиков (подрядчиков, исполнителей)</oos:name><oos:actual>true</oos:actual></oos:document></oos:compDocuments><oos:usedInRPGInfo><oos:usedInRPG>true</oos:usedInRPG><oos:RPGJoint>false</oos:RPGJoint><oos:RPGNot111>true</oos:RPGNot111></oos:usedInRPGInfo><oos:isProcedure>true</oos:isProcedure><oos:isExclude>true</oos:isExclude></nsiPlacingWay><nsiPlacingWay><oos:placingWayId>23269508</oos:placingWayId><oos:code>ZKP504</oos:code><oos:name>Запрос котировок в электронной форме</oos:name><oos:type>ZK504</oos:type><oos:subsystemType>FZ44</oos:subsystemType><oos:actual>true</oos:actual><oos:isProcedure>true</oos:isProcedure><oos:isExclude>true</oos:isExclude></nsiPlacingWay><nsiPlacingWay><oos:placingWayId>23269509</oos:placingWayId><oos:code>EZK504</oos:code><oos:name>Запрос котировок в электронной форме для заключения энергосервисного контракта</oos:name><oos:type>ZK504</oos:type><oos:subsystemType>FZ44</oos:subsystemType><oos:actual>true</oos:actual><oos:isProcedure>true</oos:isProcedure><oos:isExclude>true</oos:isExclude></nsiPlacingWay><nsiPlacingWay><oos:placingWayId>23269510</oos:placingWayId><oos:code>ZP504</oos:code><oos:name>Запрос предложений в электронной форме</oos:name><oos:type>ZP504</oos:type><oos:subsystemType>FZ44</oos:subsystemType><oos:actual>true</oos:actual><oos:compDocuments><oos:document><oos:code>140131</oos:code><oos:name>Итоговый протокол; Протокол проведения запроса предложений в электронной форме</oos:name><oos:actual>true</oos:actual></oos:document></oos:compDocuments><oos:usedInRPGInfo><oos:usedInRPG>true</oos:usedInRPG><oos:RPGJoint>false</oos:RPGJoint><oos:RPGNot111>true</oos:RPGNot111></oos:usedInRPGInfo><oos:isProcedure>true</oos:isProcedure><oos:isExclude>false</oos:isExclude></nsiPlacingWay><nsiPlacingWay><oos:placingWayId>23269511</oos:placingWayId><oos:code>ZPP504</oos:code><oos:name>Запрос предложений в электронной форме</oos:name><oos:type>ZP504</oos:type><oos:subsystemType>FZ44</oos:subsystemType><oos:actual>true</oos:actual><oos:isProcedure>true</oos:isProcedure><oos:isExclude>false</oos:isExclude></nsiPlacingWay><nsiPlacingWay><oos:placingWayId>23269512</oos:placingWayId><oos:code>EZP504</oos:code><oos:name>Запрос предложений в электронной форме для заключения энергосервисного контракта</oos:name><oos:type>ZP504</oos:type><oos:subsystemType>FZ44</oos:subsystemType><oos:actual>true</oos:actual><oos:isProcedure>true</oos:isProcedure><oos:isExclude>false</oos:isExclude></nsiPlacingWay><nsiPlacingWay><oos:placingWayId>23270056</oos:placingWayId><oos:code>EAO44</oos:code><oos:name>Электронный аукцион для торгов по обращению с твердыми коммунальными отходами</oos:name><oos:type>EA44</oos:type><oos:subsystemType>FZ44</oos:subsystemType><oos:actual>true</oos:actual><oos:isProcedure>true</oos:isProcedure><oos:isExclude>false</oos:isExclude></nsiPlacingWay><nsiPlacingWay><oos:placingWayId>25672088</oos:placingWayId><oos:code>ZKK504</oos:code><oos:name>Закрытый конкурс в электронной форме</oos:name><oos:type>ZKK504</oos:type><oos:subsystemType>FZ44</oos:subsystemType><oos:actual>false</oos:actual><oos:isProcedure>true</oos:isProcedure><oos:isExclude>false</oos:isExclude></nsiPlacingWay><nsiPlacingWay><oos:placingWayId>25672089</oos:placingWayId><oos:code>ZKKP504</oos:code><oos:name>Закрытый конкурс в электронной форме</oos:name><oos:type>ZKK504</oos:type><oos:subsystemType>FZ44</oos:subsystemType><oos:actual>false</oos:actual><oos:isProcedure>true</oos:isProcedure><oos:isExclude>false</oos:isExclude></nsiPlacingWay><nsiPlacingWay><oos:placingWayId>25672090</oos:placingWayId><oos:code>ZKU504</oos:code><oos:name>Закрытый конкурс с ограниченным участием в электронной форме</oos:name><oos:type>ZKU504</oos:type><oos:subsystemType>FZ44</oos:subsystemType><oos:actual>false</oos:actual><oos:isProcedure>true</oos:isProcedure><oos:isExclude>false</oos:isExclude></nsiPlacingWay><nsiPlacingWay><oos:placingWayId>25672091</oos:placingWayId><oos:code>ZKUP504</oos:code><oos:name>Закрытый конкурс с ограниченным участием в электронной форме</oos:name><oos:type>ZKU504</oos:type><oos:subsystemType>FZ44</oos:subsystemType><oos:actual>false</oos:actual><oos:isProcedure>true</oos:isProcedure><oos:isExclude>false</oos:isExclude></nsiPlacingWay><nsiPlacingWay><oos:placingWayId>25672092</oos:placingWayId><oos:code>ZKD504</oos:code><oos:name>Закрытый двухэтапный конкурс в электронной форме</oos:name><oos:type>ZKD504</oos:type><oos:subsystemType>FZ44</oos:subsystemType><oos:actual>false</oos:actual><oos:isProcedure>true</oos:isProcedure><oos:isExclude>false</oos:isExclude></nsiPlacingWay><nsiPlacingWay><oos:placingWayId>25672093</oos:placingWayId><oos:code>ZKDP504</oos:code><oos:name>Закрытый двухэтапный конкурс в электронной форме</oos:name><oos:type>ZKD504</oos:type><oos:subsystemType>FZ44</oos:subsystemType><oos:actual>false</oos:actual><oos:isProcedure>true</oos:isProcedure><oos:isExclude>false</oos:isExclude></nsiPlacingWay><nsiPlacingWay><oos:placingWayId>25672094</oos:placingWayId><oos:code>ZA504</oos:code><oos:name>Закрытый аукцион в электронной форме</oos:name><oos:type>ZA504</oos:type><oos:subsystemType>FZ44</oos:subsystemType><oos:actual>false</oos:actual><oos:isProcedure>true</oos:isProcedure><oos:isExclude>false</oos:isExclude></nsiPlacingWay><nsiPlacingWay><oos:placingWayId>25672095</oos:placingWayId><oos:code>ZAP504</oos:code><oos:name>Закрытый аукцион в электронной форме</oos:name><oos:type>ZA504</oos:type><oos:subsystemType>FZ44</oos:subsystemType><oos:actual>false</oos:actual><oos:isProcedure>true</oos:isProcedure><oos:isExclude>false</oos:isExclude></nsiPlacingWay><nsiPlacingWay><oos:placingWayId>25672208</oos:placingWayId><oos:code>ZKKI44</oos:code><oos:name>Закрытый конкурс для заключения контракта в соответствии со статьей 111.4 Закона № 44-ФЗ</oos:name><oos:type>ZKK44</oos:type><oos:subsystemType>FZ44</oos:subsystemType><oos:actual>true</oos:actual><oos:isProcedure>false</oos:isProcedure><oos:isExclude>false</oos:isExclude></nsiPlacingWay><nsiPlacingWay><oos:placingWayId>25672209</oos:placingWayId><oos:code>ZKKUI44</oos:code><oos:name>Закрытый конкурс с ограниченным участием для заключения контракта в соответствии со статьей 111.4 Закона № 44-ФЗ</oos:name><oos:type>ZKKU44</oos:type><oos:subsystemType>FZ44</oos:subsystemType><oos:actual>true</oos:actual><oos:isProcedure>false</oos:isProcedure><oos:isExclude>false</oos:isExclude></nsiPlacingWay><nsiPlacingWay><oos:placingWayId>25672210</oos:placingWayId><oos:code>ZKKDI44</oos:code><oos:name>Закрытый двухэтапный конкурс для заключения контракта в соответствии со статьей 111.4 Закона № 44-ФЗ</oos:name><oos:type>ZKKD44</oos:type><oos:subsystemType>FZ44</oos:subsystemType><oos:actual>true</oos:actual><oos:isProcedure>false</oos:isProcedure><oos:isExclude>false</oos:isExclude></nsiPlacingWay><nsiPlacingWay><oos:placingWayId>25672211</oos:placingWayId><oos:code>OKI504</oos:code><oos:name>Открытый конкурс в электронной форме в соответствии со статьей 111.4 Закона № 44-ФЗ</oos:name><oos:type>OK504</oos:type><oos:subsystemType>FZ44</oos:subsystemType><oos:actual>true</oos:actual><oos:isProcedure>true</oos:isProcedure><oos:isExclude>false</oos:isExclude></nsiPlacingWay><nsiPlacingWay><oos:placingWayId>25672212</oos:placingWayId><oos:code>OKUI504</oos:code><oos:name>Конкурс с ограниченным участием в электронной форме в соответствии со статьей 111.4 Закона № 44-ФЗ</oos:name><oos:type>OKU504</oos:type><oos:subsystemType>FZ44</oos:subsystemType><oos:actual>true</oos:actual><oos:isProcedure>true</oos:isProcedure><oos:isExclude>false</oos:isExclude></nsiPlacingWay><nsiPlacingWay><oos:placingWayId>25672213</oos:placingWayId><oos:code>OKDI504</oos:code><oos:name>Двухэтапный конкурс в электронной форме в соответствии со статьей 111.4 Закона № 44-ФЗ</oos:name><oos:type>OKD504</oos:type><oos:subsystemType>FZ44</oos:subsystemType><oos:actual>true</oos:actual><oos:isProcedure>true</oos:isProcedure><oos:isExclude>false</oos:isExclude></nsiPlacingWay><nsiPlacingWay><oos:placingWayId>25672214</oos:placingWayId><oos:code>ZKKI504</oos:code><oos:name>Закрытый конкурс в электронной форме в соответствии со статьей 111.4 Закона № 44-ФЗ</oos:name><oos:type>ZKK504</oos:type><oos:subsystemType>FZ44</oos:subsystemType><oos:actual>false</oos:actual><oos:isProcedure>true</oos:isProcedure><oos:isExclude>false</oos:isExclude></nsiPlacingWay><nsiPlacingWay><oos:placingWayId>25672215</oos:placingWayId><oos:code>ZKUI504</oos:code><oos:name>Закрытый конкурс с ограниченным участием в электронной форме в соответствии со статьей 111.4 Закона № 44-ФЗ</oos:name><oos:type>ZKU504</oos:type><oos:subsystemType>FZ44</oos:subsystemType><oos:actual>false</oos:actual><oos:isProcedure>true</oos:isProcedure><oos:isExclude>false</oos:isExclude></nsiPlacingWay><nsiPlacingWay><oos:placingWayId>25672216</oos:placingWayId><oos:code>ZKDI504</oos:code><oos:name>Закрытый двухэтапный конкурс в электронной форме в соответствии со статьей 111.4 Закона № 44-ФЗ</oos:name><oos:type>ZKD504</oos:type><oos:subsystemType>FZ44</oos:subsystemType><oos:actual>false</oos:actual><oos:isProcedure>true</oos:isProcedure><oos:isExclude>false</oos:isExclude></nsiPlacingWay><nsiPlacingWay><oos:placingWayId>25672375</oos:placingWayId><oos:code>ZKI44</oos:code><oos:name>Запрос котировок в соответствии со ст. 75 Закона № 44-ФЗ</oos:name><oos:type>ZK44</oos:type><oos:subsystemType>FZ44</oos:subsystemType><oos:actual>true</oos:actual><oos:isProcedure>false</oos:isProcedure><oos:isExclude>false</oos:isExclude></nsiPlacingWay><nsiPlacingWay><oos:placingWayId>27517226</oos:placingWayId><oos:code>ZKKE44</oos:code><oos:name>Закрытый конкурс для заключения энергосервисного контракта</oos:name><oos:type>ZKK44</oos:type><oos:subsystemType>FZ44</oos:subsystemType><oos:actual>true</oos:actual><oos:isProcedure>false</oos:isProcedure><oos:isExclude>false</oos:isExclude></nsiPlacingWay><nsiPlacingWay><oos:placingWayId>27517227</oos:placingWayId><oos:code>ZKKUE44</oos:code><oos:name>Закрытый конкурс с ограниченным участием для заключения энергосервисного контракта</oos:name><oos:type>ZKKU44</oos:type><oos:subsystemType>FZ44</oos:subsystemType><oos:actual>true</oos:actual><oos:isProcedure>false</oos:isProcedure><oos:isExclude>false</oos:isExclude></nsiPlacingWay><nsiPlacingWay><oos:placingWayId>27517228</oos:placingWayId><oos:code>ZKKDE44</oos:code><oos:name>Закрытый двухэтапный конкурс для заключения энергосервисного контракта</oos:name><oos:type>ZKKD44</oos:type><oos:subsystemType>FZ44</oos:subsystemType><oos:actual>true</oos:actual><oos:isProcedure>false</oos:isProcedure><oos:isExclude>false</oos:isExclude></nsiPlacingWay><nsiPlacingWay><oos:placingWayId>27517229</oos:placingWayId><oos:code>ZAE44</oos:code><oos:name>Закрытый аукцион для заключения энергосервисного контракта</oos:name><oos:type>ZA44</oos:type><oos:subsystemType>FZ44</oos:subsystemType><oos:actual>true</oos:actual><oos:isProcedure>false</oos:isProcedure><oos:isExclude>false</oos:isExclude></nsiPlacingWay><nsiPlacingWay><oos:placingWayId>27517230</oos:placingWayId><oos:code>ZKKE504</oos:code><oos:name>Закрытый конкурс в электронной форме для заключения энергосервисного контракта</oos:name><oos:type>ZKK504</oos:type><oos:subsystemType>FZ44</oos:subsystemType><oos:actual>false</oos:actual><oos:isProcedure>true</oos:isProcedure><oos:isExclude>false</oos:isExclude></nsiPlacingWay><nsiPlacingWay><oos:placingWayId>27517231</oos:placingWayId><oos:code>ZKUE504</oos:code><oos:name>Закрытый конкурс с ограниченным участием в электронной форме для заключения энергосервисного контракта</oos:name><oos:type>ZKU504</oos:type><oos:subsystemType>FZ44</oos:subsystemType><oos:actual>false</oos:actual><oos:isProcedure>true</oos:isProcedure><oos:isExclude>false</oos:isExclude></nsiPlacingWay><nsiPlacingWay><oos:placingWayId>27517232</oos:placingWayId><oos:code>ZKDE504</oos:code><oos:name>Закрытый двухэтапный конкурс в электронной форме для заключения энергосервисного контракта</oos:name><oos:type>ZKD504</oos:type><oos:subsystemType>FZ44</oos:subsystemType><oos:actual>false</oos:actual><oos:isProcedure>true</oos:isProcedure><oos:isExclude>false</oos:isExclude></nsiPlacingWay><nsiPlacingWay><oos:placingWayId>27517233</oos:placingWayId><oos:code>ZAE504</oos:code><oos:name>Закрытый аукцион в электронной форме для заключения энергосервисного контракта</oos:name><oos:type>ZA504</oos:type><oos:subsystemType>FZ44</oos:subsystemType><oos:actual>false</oos:actual><oos:isProcedure>true</oos:isProcedure><oos:isExclude>false</oos:isExclude></nsiPlacingWay><nsiPlacingWay><oos:placingWayId>28900094</oos:placingWayId><oos:code>EAB44</oos:code><oos:name>Электронный аукцион на проведение работ по строительству, реконструкции, кап. ремонту, сносу объекта кап. строительства, предусматривающих проектную документацию, утвержденную в порядке, установленном законодательством о градостроительной деятельности</oos:name><oos:type>EA44</oos:type><oos:subsystemType>FZ44</oos:subsystemType><oos:actual>true</oos:actual><oos:isProcedure>true</oos:isProcedure><oos:isExclude>false</oos:isExclude></nsiPlacingWay><nsiPlacingWay><oos:placingWayId>41263770</oos:placingWayId><oos:code>OKB504</oos:code><oos:name>Открытый конкурс в электронной форме на проведение работ по строительству, реконструкции, кап. ремонту, сносу объекта кап. строительства, предусматривающих проектную документацию или экономически эффективную проектную документацию повторного использования, или смету на капитальный ремонт объекта капитального строительства, утвержденную в порядке, установленном законодательством о градостроительной деятельности</oos:name><oos:type>OK504</oos:type><oos:subsystemType>FZ44</oos:subsystemType><oos:actual>true</oos:actual><oos:isProcedure>true</oos:isProcedure><oos:isExclude>false</oos:isExclude></nsiPlacingWay><nsiPlacingWay><oos:placingWayId>45448757</oos:placingWayId><oos:code>ZK20</oos:code><oos:name>Запрос котировок в электронной форме</oos:name><oos:type>ZK20</oos:type><oos:subsystemType>FZ44</oos:subsystemType><oos:actual>true</oos:actual><oos:usedInRPGInfo><oos:usedInRPG>true</oos:usedInRPG><oos:RPGJoint>false</oos:RPGJoint><oos:RPGNot111>true</oos:RPGNot111></oos:usedInRPGInfo><oos:isProcedure>true</oos:isProcedure><oos:isExclude>false</oos:isExclude></nsiPlacingWay><nsiPlacingWay><oos:placingWayId>45448758</oos:placingWayId><oos:code>ZKP20</oos:code><oos:name>Запрос котировок в электронной форме</oos:name><oos:type>ZK20</oos:type><oos:subsystemType>FZ44</oos:subsystemType><oos:actual>true</oos:actual><oos:usedInRPGInfo><oos:usedInRPG>true</oos:usedInRPG><oos:RPGJoint>false</oos:RPGJoint><oos:RPGNot111>true</oos:RPGNot111></oos:usedInRPGInfo><oos:isProcedure>true</oos:isProcedure><oos:isExclude>false</oos:isExclude></nsiPlacingWay><nsiPlacingWay><oos:placingWayId>45448759</oos:placingWayId><oos:code>EZK20</oos:code><oos:name>Запрос котировок в электронной форме для заключения энергосервисного контракта</oos:name><oos:type>ZK20</oos:type><oos:subsystemType>FZ44</oos:subsystemType><oos:actual>true</oos:actual><oos:isProcedure>true</oos:isProcedure><oos:isExclude>false</oos:isExclude></nsiPlacingWay><nsiPlacingWay><oos:placingWayId>45448824</oos:placingWayId><oos:code>EZT20</oos:code><oos:name>Закупка товара у единственного поставщика на сумму, предусмотренную частью 12 статьи 93 Закона № 44-ФЗ</oos:name><oos:type>EZT20</oos:type><oos:subsystemType>FZ44</oos:subsystemType><oos:actual>true</oos:actual><oos:compDocuments><oos:document><oos:code>400001</oos:code><oos:name>Протокол подведения итогов определения поставщика при проведении закупки товара у единственного поставщика на сумму, предусмотренную частью 12 статьи 93 Закона № 44-ФЗ</oos:name><oos:actual>true</oos:actual></oos:document></oos:compDocuments><oos:isProcedure>true</oos:isProcedure><oos:isExclude>false</oos:isExclude></nsiPlacingWay><nsiPlacingWay><oos:placingWayId>45448825</oos:placingWayId><oos:code>EZTP20</oos:code><oos:name>Закупка товара у единственного поставщика на сумму, предусмотренную частью 12 статьи 93 Закона № 44-ФЗ</oos:name><oos:type>EZT20</oos:type><oos:subsystemType>FZ44</oos:subsystemType><oos:actual>true</oos:actual><oos:isProcedure>true</oos:isProcedure><oos:isExclude>false</oos:isExclude></nsiPlacingWay><nsiPlacingWay><oos:placingWayId>45448861</oos:placingWayId><oos:code>EA20</oos:code><oos:name>Электронный аукцион</oos:name><oos:type>EA20</oos:type><oos:subsystemType>FZ44</oos:subsystemType><oos:actual>false</oos:actual><oos:usedInRPGInfo><oos:usedInRPG>true</oos:usedInRPG><oos:RPGJoint>true</oos:RPGJoint><oos:RPGNot111>true</oos:RPGNot111></oos:usedInRPGInfo><oos:isProcedure>true</oos:isProcedure><oos:isExclude>false</oos:isExclude></nsiPlacingWay><nsiPlacingWay><oos:placingWayId>45448862</oos:placingWayId><oos:code>EAP20</oos:code><oos:name>Электронный аукцион</oos:name><oos:type>EA20</oos:type><oos:subsystemType>FZ44</oos:subsystemType><oos:actual>false</oos:actual><oos:isProcedure>true</oos:isProcedure><oos:isExclude>false</oos:isExclude></nsiPlacingWay><nsiPlacingWay><oos:placingWayId>45448863</oos:placingWayId><oos:code>EAB20</oos:code><oos:name>Электронный аукцион на проведение работ по строительству, реконструкции, кап. ремонту, сносу объекта кап. строительства в соответствии с ч. 8 ст. 33 Закона № 44-ФЗ</oos:name><oos:type>EA20</oos:type><oos:subsystemType>FZ44</oos:subsystemType><oos:actual>false</oos:actual><oos:isProcedure>true</oos:isProcedure><oos:isExclude>false</oos:isExclude></nsiPlacingWay><nsiPlacingWay><oos:placingWayId>45448864</oos:placingWayId><oos:code>EAO20</oos:code><oos:name>Электронный аукцион для торгов по обращению с твердыми коммунальными отходами</oos:name><oos:type>EA20</oos:type><oos:subsystemType>FZ44</oos:subsystemType><oos:actual>false</oos:actual><oos:isProcedure>true</oos:isProcedure><oos:isExclude>false</oos:isExclude></nsiPlacingWay><nsiPlacingWay><oos:placingWayId>45448865</oos:placingWayId><oos:code>EEA20</oos:code><oos:name>Электронный аукцион для заключения энергосервисного контракта</oos:name><oos:type>EA20</oos:type><oos:subsystemType>FZ44</oos:subsystemType><oos:actual>false</oos:actual><oos:isProcedure>true</oos:isProcedure><oos:isExclude>false</oos:isExclude></nsiPlacingWay><nsiPlacingWay><oos:placingWayId>45448949</oos:placingWayId><oos:code>OK20</oos:code><oos:name>Открытый конкурс в электронной форме</oos:name><oos:type>OK20</oos:type><oos:subsystemType>FZ44</oos:subsystemType><oos:actual>false</oos:actual><oos:usedInRPGInfo><oos:usedInRPG>true</oos:usedInRPG><oos:RPGJoint>true</oos:RPGJoint><oos:RPGNot111>true</oos:RPGNot111></oos:usedInRPGInfo><oos:isProcedure>true</oos:isProcedure><oos:isExclude>false</oos:isExclude></nsiPlacingWay><nsiPlacingWay><oos:placingWayId>45448950</oos:placingWayId><oos:code>OKP20</oos:code><oos:name>Открытый конкурс в электронной форме</oos:name><oos:type>OK20</oos:type><oos:subsystemType>FZ44</oos:subsystemType><oos:actual>false</oos:actual><oos:isProcedure>true</oos:isProcedure><oos:isExclude>false</oos:isExclude></nsiPlacingWay><nsiPlacingWay><oos:placingWayId>45448951</oos:placingWayId><oos:code>EOK20</oos:code><oos:name>Открытый конкурс в электронной форме для заключения энергосервисного контракта</oos:name><oos:type>OK20</oos:type><oos:subsystemType>FZ44</oos:subsystemType><oos:actual>false</oos:actual><oos:isProcedure>true</oos:isProcedure><oos:isExclude>false</oos:isExclude></nsiPlacingWay><nsiPlacingWay><oos:placingWayId>45448952</oos:placingWayId><oos:code>OKA20</oos:code><oos:name>Открытый конкурс в электронной форме для заключения договора на проведение аудита бухгалтерской (финансовой) отчетности (согласно ч. 4 ст. 5 Федерального закона от 30.12.2008г. № 307-ФЗ)</oos:name><oos:type>OK20</oos:type><oos:subsystemType>FZ44</oos:subsystemType><oos:actual>false</oos:actual><oos:isProcedure>true</oos:isProcedure><oos:isExclude>false</oos:isExclude></nsiPlacingWay><nsiPlacingWay><oos:placingWayId>45448953</oos:placingWayId><oos:code>OKI20</oos:code><oos:name>Открытый конкурс в электронной форме в соответствии со статьей 111.4 Закона № 44-ФЗ</oos:name><oos:type>OK20</oos:type><oos:subsystemType>FZ44</oos:subsystemType><oos:actual>false</oos:actual><oos:isProcedure>true</oos:isProcedure><oos:isExclude>false</oos:isExclude></nsiPlacingWay><nsiPlacingWay><oos:placingWayId>45448954</oos:placingWayId><oos:code>OKK20</oos:code><oos:name>Открытый конкурс в электронной форме для заключения контракта в сфере науки, культуры или искусства</oos:name><oos:type>OK20</oos:type><oos:subsystemType>FZ44</oos:subsystemType><oos:actual>false</oos:actual><oos:isProcedure>true</oos:isProcedure><oos:isExclude>false</oos:isExclude></nsiPlacingWay><nsiPlacingWay><oos:placingWayId>45448955</oos:placingWayId><oos:code>OKB20</oos:code><oos:name>Открытый конкурс в электронной форме в соответствии с частью 19 статьи 48 Закона № 44-ФЗ</oos:name><oos:type>OK20</oos:type><oos:subsystemType>FZ44</oos:subsystemType><oos:actual>false</oos:actual><oos:isProcedure>true</oos:isProcedure><oos:isExclude>false</oos:isExclude></nsiPlacingWay><nsiPlacingWay><oos:placingWayId>45449240</oos:placingWayId><oos:code>ZA20</oos:code><oos:name>Закрытый аукцион в электронной форме</oos:name><oos:type>ZA20</oos:type><oos:subsystemType>FZ44</oos:subsystemType><oos:actual>false</oos:actual><oos:isProcedure>true</oos:isProcedure><oos:isExclude>false</oos:isExclude></nsiPlacingWay><nsiPlacingWay><oos:placingWayId>45449241</oos:placingWayId><oos:code>ZAP20</oos:code><oos:name>Закрытый аукцион в электронной форме</oos:name><oos:type>ZA20</oos:type><oos:subsystemType>FZ44</oos:subsystemType><oos:actual>false</oos:actual><oos:isProcedure>true</oos:isProcedure><oos:isExclude>false</oos:isExclude></nsiPlacingWay><nsiPlacingWay><oos:placingWayId>45449242</oos:placingWayId><oos:code>ZKK20</oos:code><oos:name>Закрытый конкурс в электронной форме</oos:name><oos:type>ZKK20</oos:type><oos:subsystemType>FZ44</oos:subsystemType><oos:actual>false</oos:actual><oos:isProcedure>true</oos:isProcedure><oos:isExclude>false</oos:isExclude></nsiPlacingWay><nsiPlacingWay><oos:placingWayId>45449243</oos:placingWayId><oos:code>ZKKP20</oos:code><oos:name>Закрытый конкурс в электронной форме</oos:name><oos:type>ZKK20</oos:type><oos:subsystemType>FZ44</oos:subsystemType><oos:actual>false</oos:actual><oos:isProcedure>true</oos:isProcedure><oos:isExclude>false</oos:isExclude></nsiPlacingWay></nsiPlacingWayList></export>