<?xml version="1.0" encoding="UTF-8"?><export xmlns:xsi="http://www.w3.org/2001/XMLSchema-instance" xmlns="http://zakupki.gov.ru/oos/export/1" xmlns:oos="http://zakupki.gov.ru/oos/types/1"><nsiModifyReasonsOZ><nsiModifyReasonOZ><oos:code>01</oos:code><oos:name>Изменение условий контракта было предусмотрено документацией о закупке и контрактом</oos:name><oos:actual>true</oos:actual></nsiModifyReasonOZ><nsiModifyReasonOZ><oos:code>02</oos:code><oos:name>Снижение цены контракта в случае осуществления закупки у единственного поставщика без изменения предусмотренных контрактом количества товара, объема работы или услуги, качества поставляемого товара, выполняемой работы, оказываемой услуги и иных условий контракта в соответствии с подпунктом &quot;а&quot; пункта 1 части 1 статьи 95 Федерального закона</oos:name><oos:actual>true</oos:actual></nsiModifyReasonOZ><nsiModifyReasonOZ><oos:code>03</oos:code><oos:name>По предложению заказчика увеличены предусмотренные контрактом количество товара, объем работы или услуги не более чем на 10 процентов с пропорциональным увеличением цены контракта исходя из цены единицы товара, работы, услуги в соответствии с подпунктом &quot;б&quot; пункта 1 части 1 статьи 95 Федерального закона</oos:name><oos:actual>true</oos:actual></nsiModifyReasonOZ><nsiModifyReasonOZ><oos:code>04</oos:code><oos:name>По предложению заказчика уменьшены предусмотренные контрактом количество товара, объем работы или услуги не более чем на 10 процентов с пропорциональным уменьшением цены контракта исходя из цены единицы товара, работы, услуги в соответствии с подпунктом &quot;б&quot; пункта 1 части 1 статьи 95 Федерального закона</oos:name><oos:actual>true</oos:actual></nsiModifyReasonOZ><nsiModifyReasonOZ><oos:code>05</oos:code><oos:name>Цена контракта изменена на основании решения Правительства Российской Федерации в соответствии с пунктом 2 части 1 статьи 95 Федерального закона</oos:name><oos:actual>true</oos:actual></nsiModifyReasonOZ><nsiModifyReasonOZ><oos:code>06</oos:code><oos:name>Цена контракта изменена на основании решения высшего исполнительного органа государственной власти субъекта Российской Федерации в соответствии с пунктом 3 части 1 статьи 95 Федерального закона</oos:name><oos:actual>true</oos:actual></nsiModifyReasonOZ><nsiModifyReasonOZ><oos:code>07</oos:code><oos:name>Цена контракта изменена на основании решения местной администрации в соответствии с пунктом 4 части 1 статьи 95 Федерального закона</oos:name><oos:actual>true</oos:actual></nsiModifyReasonOZ><nsiModifyReasonOZ><oos:code>08</oos:code><oos:name>Изменение в соответствии с законодательством Российской Федерации регулируемых государством цен (тарифов) на товары, работы, услуги в соответствии с пунктом 5 части 1 статьи 95 Федерального закона</oos:name><oos:actual>true</oos:actual></nsiModifyReasonOZ><nsiModifyReasonOZ><oos:code>09</oos:code><oos:name>Уменьшение ранее доведенных до заказчика лимитов бюджетных обязательств в соответствии с пунктом 6 части 1 статьи 95 Федерального закона</oos:name><oos:actual>true</oos:actual></nsiModifyReasonOZ><nsiModifyReasonOZ><oos:code>10</oos:code><oos:name>Перемена исполнителя вследствие реорганизации юридического лица в форме преобразования, слияния или присоединения (новый исполнитель является правопреемником исполнителя контракта) в соответствии с частью 5 статьи 95 Федерального закона</oos:name><oos:actual>true</oos:actual></nsiModifyReasonOZ><nsiModifyReasonOZ><oos:code>11</oos:code><oos:name>Перемена заказчика в соответствии с частью 6 статьи 95 Федерального закона</oos:name><oos:actual>true</oos:actual></nsiModifyReasonOZ><nsiModifyReasonOZ><oos:code>12</oos:code><oos:name>Изменение условий контракта по согласованию сторон в части поставки товара, выполнения работы или оказания услуги при улучшении их по качеству, техническим и функциональным характеристикам по сравнению с характеристиками, указанными в контракте в соответствии с частью 7 статьи 95 Федерального закона</oos:name><oos:actual>true</oos:actual></nsiModifyReasonOZ></nsiModifyReasonsOZ></export>