<?xml version="1.0" encoding="UTF-8"?><export xmlns:xsi="http://www.w3.org/2001/XMLSchema-instance" xmlns="http://zakupki.gov.ru/oos/export/1" xmlns:oos="http://zakupki.gov.ru/oos/types/1"><nsiPrefRateList><nsiPrefRate><oos:code>1</oos:code><oos:prefValue>15</oos:prefValue><oos:updateDate>2021-01-01T17:25:40</oos:updateDate><oos:isActual>true</oos:isActual></nsiPrefRate><nsiPrefRate><oos:code>2</oos:code><oos:prefValue>20</oos:prefValue><oos:updateDate>2021-01-01T17:25:40</oos:updateDate><oos:isActual>true</oos:isActual></nsiPrefRate></nsiPrefRateList></export>