<?xml version="1.0" encoding="UTF-8"?><export xmlns:xsi="http://www.w3.org/2001/XMLSchema-instance" xmlns="http://zakupki.gov.ru/oos/export/1" xmlns:oos="http://zakupki.gov.ru/oos/types/1"><nsiContractOKOPFExtraBudget><nsiContractOKOPFExtraBudget><oos:extrabudget><oos:code>21</oos:code><oos:name>Средства бюджетных учреждений</oos:name></oos:extrabudget><oos:legalFormNew><oos:code>20903</oos:code><oos:singularName>Бюджетное учреждение</oos:singularName></oos:legalFormNew><oos:actual>false</oos:actual></nsiContractOKOPFExtraBudget><nsiContractOKOPFExtraBudget><oos:extrabudget><oos:code>21</oos:code><oos:name>Средства бюджетных учреждений</oos:name></oos:extrabudget><oos:legalFormNew><oos:code>20907</oos:code><oos:singularName>Учреждение академии наук</oos:singularName></oos:legalFormNew><oos:actual>false</oos:actual></nsiContractOKOPFExtraBudget><nsiContractOKOPFExtraBudget><oos:extrabudget><oos:code>21</oos:code><oos:name>Средства бюджетных учреждений</oos:name></oos:extrabudget><oos:legalFormNew><oos:code>28003</oos:code><oos:singularName>Государственная академия наук</oos:singularName></oos:legalFormNew><oos:actual>false</oos:actual></nsiContractOKOPFExtraBudget><nsiContractOKOPFExtraBudget><oos:extrabudget><oos:code>21</oos:code><oos:name>Средства бюджетных учреждений</oos:name></oos:extrabudget><oos:legalFormNew><oos:code>20904</oos:code><oos:singularName>Казенное учреждение</oos:singularName></oos:legalFormNew><oos:actual>false</oos:actual></nsiContractOKOPFExtraBudget><nsiContractOKOPFExtraBudget><oos:extrabudget><oos:code>22</oos:code><oos:name>Средства автономных учреждений</oos:name></oos:extrabudget><oos:legalFormNew><oos:code>20904</oos:code><oos:singularName>Казенное учреждение</oos:singularName></oos:legalFormNew><oos:actual>false</oos:actual></nsiContractOKOPFExtraBudget><nsiContractOKOPFExtraBudget><oos:extrabudget><oos:code>23</oos:code><oos:name>Средства государственных (муниципальных) унитарных предприятий</oos:name></oos:extrabudget><oos:legalFormNew><oos:code>15200</oos:code><oos:singularName>Унитарное предприятие, основанное на праве хозяйственного ведения</oos:singularName></oos:legalFormNew><oos:actual>false</oos:actual></nsiContractOKOPFExtraBudget><nsiContractOKOPFExtraBudget><oos:extrabudget><oos:code>23</oos:code><oos:name>Средства государственных (муниципальных) унитарных предприятий</oos:name></oos:extrabudget><oos:legalFormNew><oos:code>15241</oos:code><oos:singularName>Федеральное государственное унитарное предприятие</oos:singularName></oos:legalFormNew><oos:actual>false</oos:actual></nsiContractOKOPFExtraBudget><nsiContractOKOPFExtraBudget><oos:extrabudget><oos:code>23</oos:code><oos:name>Средства государственных (муниципальных) унитарных предприятий</oos:name></oos:extrabudget><oos:legalFormNew><oos:code>15242</oos:code><oos:singularName>Государственное унитарное предприятие субъекта Российской Федерации</oos:singularName></oos:legalFormNew><oos:actual>false</oos:actual></nsiContractOKOPFExtraBudget><nsiContractOKOPFExtraBudget><oos:extrabudget><oos:code>23</oos:code><oos:name>Средства государственных (муниципальных) унитарных предприятий</oos:name></oos:extrabudget><oos:legalFormNew><oos:code>15243</oos:code><oos:singularName>Муниципальное унитарное предприятие</oos:singularName></oos:legalFormNew><oos:actual>false</oos:actual></nsiContractOKOPFExtraBudget><nsiContractOKOPFExtraBudget><oos:extrabudget><oos:code>23</oos:code><oos:name>Средства государственных (муниципальных) унитарных предприятий</oos:name></oos:extrabudget><oos:legalFormNew><oos:code>15100</oos:code><oos:singularName>Унитарное предприятие, основанное на праве оперативного управления (казенное предприятие)</oos:singularName></oos:legalFormNew><oos:actual>false</oos:actual></nsiContractOKOPFExtraBudget><nsiContractOKOPFExtraBudget><oos:extrabudget><oos:code>23</oos:code><oos:name>Средства государственных (муниципальных) унитарных предприятий</oos:name></oos:extrabudget><oos:legalFormNew><oos:code>15141</oos:code><oos:singularName>Федеральное казенное предприятие</oos:singularName></oos:legalFormNew><oos:actual>false</oos:actual></nsiContractOKOPFExtraBudget><nsiContractOKOPFExtraBudget><oos:extrabudget><oos:code>23</oos:code><oos:name>Средства государственных (муниципальных) унитарных предприятий</oos:name></oos:extrabudget><oos:legalFormNew><oos:code>15142</oos:code><oos:singularName>Казенное предприятие субъекта Российской Федерации</oos:singularName></oos:legalFormNew><oos:actual>false</oos:actual></nsiContractOKOPFExtraBudget><nsiContractOKOPFExtraBudget><oos:extrabudget><oos:code>23</oos:code><oos:name>Средства государственных (муниципальных) унитарных предприятий</oos:name></oos:extrabudget><oos:legalFormNew><oos:code>15143</oos:code><oos:singularName>Муниципальное казенное предприятие</oos:singularName></oos:legalFormNew><oos:actual>false</oos:actual></nsiContractOKOPFExtraBudget><nsiContractOKOPFExtraBudget><oos:extrabudget><oos:code>23</oos:code><oos:name>Средства государственных (муниципальных) унитарных предприятий</oos:name></oos:extrabudget><oos:legalFormNew><oos:code>28004</oos:code><oos:singularName>Государственная компания</oos:singularName></oos:legalFormNew><oos:actual>false</oos:actual></nsiContractOKOPFExtraBudget><nsiContractOKOPFExtraBudget><oos:extrabudget><oos:code>24</oos:code><oos:name>Средства юридических лиц, не являющихся государственными или муниципальными учреждениями, государственными или муниципальными унитарными предприятиями</oos:name></oos:extrabudget><oos:legalFormNew><oos:code>20900</oos:code><oos:singularName>Учреждение</oos:singularName></oos:legalFormNew><oos:actual>false</oos:actual></nsiContractOKOPFExtraBudget><nsiContractOKOPFExtraBudget><oos:extrabudget><oos:code>24</oos:code><oos:name>Средства юридических лиц, не являющихся государственными или муниципальными учреждениями, государственными или муниципальными унитарными предприятиями</oos:name></oos:extrabudget><oos:legalFormNew><oos:code>28005</oos:code><oos:singularName>Государственная корпорация</oos:singularName></oos:legalFormNew><oos:actual>false</oos:actual></nsiContractOKOPFExtraBudget><nsiContractOKOPFExtraBudget><oos:extrabudget><oos:code>24</oos:code><oos:name>Средства юридических лиц, не являющихся государственными или муниципальными учреждениями, государственными или муниципальными унитарными предприятиями</oos:name></oos:extrabudget><oos:legalFormNew><oos:code>30003</oos:code><oos:singularName>Обособленные подразделения юридических лиц</oos:singularName></oos:legalFormNew><oos:actual>false</oos:actual></nsiContractOKOPFExtraBudget><nsiContractOKOPFExtraBudget><oos:extrabudget><oos:code>24</oos:code><oos:name>Средства юридических лиц, не являющихся государственными или муниципальными учреждениями, государственными или муниципальными унитарными предприятиями</oos:name></oos:extrabudget><oos:legalFormNew><oos:code>30004</oos:code><oos:singularName>Структурные подразделения обособленных подразделений юридических лиц</oos:singularName></oos:legalFormNew><oos:actual>false</oos:actual></nsiContractOKOPFExtraBudget><nsiContractOKOPFExtraBudget><oos:extrabudget><oos:code>24</oos:code><oos:name>Средства юридических лиц, не являющихся государственными или муниципальными учреждениями, государственными или муниципальными унитарными предприятиями</oos:name></oos:extrabudget><oos:legalFormNew><oos:code>12247</oos:code><oos:singularName>Публичные акционерные общества</oos:singularName></oos:legalFormNew><oos:actual>false</oos:actual></nsiContractOKOPFExtraBudget><nsiContractOKOPFExtraBudget><oos:extrabudget><oos:code>24</oos:code><oos:name>Средства юридических лиц, не являющихся государственными или муниципальными учреждениями, государственными или муниципальными унитарными предприятиями</oos:name></oos:extrabudget><oos:legalFormNew><oos:code>12267</oos:code><oos:singularName>Непубличные акционерные общества</oos:singularName></oos:legalFormNew><oos:actual>false</oos:actual></nsiContractOKOPFExtraBudget><nsiContractOKOPFExtraBudget><oos:extrabudget><oos:code>21</oos:code><oos:name>Средства бюджетных учреждений</oos:name></oos:extrabudget><oos:legalFormNew><oos:code>20900</oos:code><oos:singularName>Учреждение</oos:singularName></oos:legalFormNew><oos:actual>false</oos:actual></nsiContractOKOPFExtraBudget><nsiContractOKOPFExtraBudget><oos:extrabudget><oos:code>22</oos:code><oos:name>Средства автономных учреждений</oos:name></oos:extrabudget><oos:legalFormNew><oos:code>20900</oos:code><oos:singularName>Учреждение</oos:singularName></oos:legalFormNew><oos:actual>false</oos:actual></nsiContractOKOPFExtraBudget><nsiContractOKOPFExtraBudget><oos:extrabudget><oos:code>22</oos:code><oos:name>Средства автономных учреждений</oos:name></oos:extrabudget><oos:legalFormNew><oos:code>20901</oos:code><oos:singularName>Автономное учреждение</oos:singularName></oos:legalFormNew><oos:actual>false</oos:actual></nsiContractOKOPFExtraBudget><nsiContractOKOPFExtraBudget><oos:extrabudget><oos:code>21</oos:code><oos:name>Средства бюджетных учреждений</oos:name></oos:extrabudget><oos:legalFormNew><oos:code>30002</oos:code><oos:singularName>Филиалы юридических лиц</oos:singularName></oos:legalFormNew><oos:actual>false</oos:actual></nsiContractOKOPFExtraBudget><nsiContractOKOPFExtraBudget><oos:extrabudget><oos:code>22</oos:code><oos:name>Средства автономных учреждений</oos:name></oos:extrabudget><oos:legalFormNew><oos:code>30002</oos:code><oos:singularName>Филиалы юридических лиц</oos:singularName></oos:legalFormNew><oos:actual>false</oos:actual></nsiContractOKOPFExtraBudget><nsiContractOKOPFExtraBudget><oos:extrabudget><oos:code>23</oos:code><oos:name>Средства государственных (муниципальных) унитарных предприятий</oos:name></oos:extrabudget><oos:legalFormNew><oos:code>30002</oos:code><oos:singularName>Филиалы юридических лиц</oos:singularName></oos:legalFormNew><oos:actual>false</oos:actual></nsiContractOKOPFExtraBudget><nsiContractOKOPFExtraBudget><oos:extrabudget><oos:code>24</oos:code><oos:name>Средства юридических лиц, не являющихся государственными или муниципальными учреждениями, государственными или муниципальными унитарными предприятиями</oos:name></oos:extrabudget><oos:legalFormNew><oos:code>30002</oos:code><oos:singularName>Филиалы юридических лиц</oos:singularName></oos:legalFormNew><oos:actual>false</oos:actual></nsiContractOKOPFExtraBudget><nsiContractOKOPFExtraBudget><oos:extrabudget><oos:code>60</oos:code><oos:name>Средства бюджетных учреждений</oos:name></oos:extrabudget><oos:legalFormOld><oos:code>72</oos:code><oos:singularName>Бюджетное учреждение</oos:singularName></oos:legalFormOld><oos:legalFormNew><oos:code>20903</oos:code><oos:singularName>Бюджетное учреждение</oos:singularName></oos:legalFormNew><oos:actual>true</oos:actual></nsiContractOKOPFExtraBudget><nsiContractOKOPFExtraBudget><oos:extrabudget><oos:code>60</oos:code><oos:name>Средства бюджетных учреждений</oos:name></oos:extrabudget><oos:legalFormNew><oos:code>20907</oos:code><oos:singularName>Учреждение академии наук</oos:singularName></oos:legalFormNew><oos:actual>true</oos:actual></nsiContractOKOPFExtraBudget><nsiContractOKOPFExtraBudget><oos:extrabudget><oos:code>60</oos:code><oos:name>Средства бюджетных учреждений</oos:name></oos:extrabudget><oos:legalFormNew><oos:code>28003</oos:code><oos:singularName>Государственная академия наук</oos:singularName></oos:legalFormNew><oos:actual>true</oos:actual></nsiContractOKOPFExtraBudget><nsiContractOKOPFExtraBudget><oos:extrabudget><oos:code>60</oos:code><oos:name>Средства бюджетных учреждений</oos:name></oos:extrabudget><oos:legalFormOld><oos:code>74</oos:code></oos:legalFormOld><oos:legalFormNew><oos:code>20904</oos:code><oos:singularName>Казенное учреждение</oos:singularName></oos:legalFormNew><oos:actual>true</oos:actual></nsiContractOKOPFExtraBudget><nsiContractOKOPFExtraBudget><oos:extrabudget><oos:code>70</oos:code><oos:name>Средства автономных учреждений</oos:name></oos:extrabudget><oos:legalFormOld><oos:code>74</oos:code></oos:legalFormOld><oos:legalFormNew><oos:code>20904</oos:code><oos:singularName>Казенное учреждение</oos:singularName></oos:legalFormNew><oos:actual>true</oos:actual></nsiContractOKOPFExtraBudget><nsiContractOKOPFExtraBudget><oos:extrabudget><oos:code>80</oos:code><oos:name>Средства государственных (муниципальных) унитарных предприятий</oos:name></oos:extrabudget><oos:legalFormOld><oos:code>42</oos:code><oos:singularName>Унитарное предприятие, основанное на праве хозяйственного ведения</oos:singularName></oos:legalFormOld><oos:legalFormNew><oos:code>15200</oos:code><oos:singularName>Унитарное предприятие, основанное на праве хозяйственного ведения</oos:singularName></oos:legalFormNew><oos:actual>true</oos:actual></nsiContractOKOPFExtraBudget><nsiContractOKOPFExtraBudget><oos:extrabudget><oos:code>80</oos:code><oos:name>Средства государственных (муниципальных) унитарных предприятий</oos:name></oos:extrabudget><oos:legalFormNew><oos:code>15241</oos:code><oos:singularName>Федеральное государственное унитарное предприятие</oos:singularName></oos:legalFormNew><oos:actual>true</oos:actual></nsiContractOKOPFExtraBudget><nsiContractOKOPFExtraBudget><oos:extrabudget><oos:code>80</oos:code><oos:name>Средства государственных (муниципальных) унитарных предприятий</oos:name></oos:extrabudget><oos:legalFormNew><oos:code>15242</oos:code><oos:singularName>Государственное унитарное предприятие субъекта Российской Федерации</oos:singularName></oos:legalFormNew><oos:actual>true</oos:actual></nsiContractOKOPFExtraBudget><nsiContractOKOPFExtraBudget><oos:extrabudget><oos:code>80</oos:code><oos:name>Средства государственных (муниципальных) унитарных предприятий</oos:name></oos:extrabudget><oos:legalFormNew><oos:code>15243</oos:code><oos:singularName>Муниципальное унитарное предприятие</oos:singularName></oos:legalFormNew><oos:actual>true</oos:actual></nsiContractOKOPFExtraBudget><nsiContractOKOPFExtraBudget><oos:extrabudget><oos:code>80</oos:code><oos:name>Средства государственных (муниципальных) унитарных предприятий</oos:name></oos:extrabudget><oos:legalFormOld><oos:code>41</oos:code><oos:singularName>Унитарное предприятие, основанное на праве оперативного управления</oos:singularName></oos:legalFormOld><oos:legalFormNew><oos:code>15100</oos:code><oos:singularName>Унитарное предприятие, основанное на праве оперативного управления (казенное предприятие)</oos:singularName></oos:legalFormNew><oos:actual>true</oos:actual></nsiContractOKOPFExtraBudget><nsiContractOKOPFExtraBudget><oos:extrabudget><oos:code>80</oos:code><oos:name>Средства государственных (муниципальных) унитарных предприятий</oos:name></oos:extrabudget><oos:legalFormNew><oos:code>15141</oos:code><oos:singularName>Федеральное казенное предприятие</oos:singularName></oos:legalFormNew><oos:actual>true</oos:actual></nsiContractOKOPFExtraBudget><nsiContractOKOPFExtraBudget><oos:extrabudget><oos:code>80</oos:code><oos:name>Средства государственных (муниципальных) унитарных предприятий</oos:name></oos:extrabudget><oos:legalFormNew><oos:code>15142</oos:code><oos:singularName>Казенное предприятие субъекта Российской Федерации</oos:singularName></oos:legalFormNew><oos:actual>true</oos:actual></nsiContractOKOPFExtraBudget><nsiContractOKOPFExtraBudget><oos:extrabudget><oos:code>80</oos:code><oos:name>Средства государственных (муниципальных) унитарных предприятий</oos:name></oos:extrabudget><oos:legalFormNew><oos:code>15143</oos:code><oos:singularName>Муниципальное казенное предприятие</oos:singularName></oos:legalFormNew><oos:actual>true</oos:actual></nsiContractOKOPFExtraBudget><nsiContractOKOPFExtraBudget><oos:extrabudget><oos:code>80</oos:code><oos:name>Средства государственных (муниципальных) унитарных предприятий</oos:name></oos:extrabudget><oos:legalFormNew><oos:code>28004</oos:code><oos:singularName>Государственная компания</oos:singularName></oos:legalFormNew><oos:actual>true</oos:actual></nsiContractOKOPFExtraBudget><nsiContractOKOPFExtraBudget><oos:extrabudget><oos:code>90</oos:code><oos:name>Средства юридических лиц, не являющихся государственными или муниципальными учреждениями, государственными или муниципальными унитарными предприятиями</oos:name></oos:extrabudget><oos:legalFormOld><oos:code>81</oos:code><oos:singularName>Учреждение</oos:singularName></oos:legalFormOld><oos:legalFormNew><oos:code>20900</oos:code><oos:singularName>Учреждение</oos:singularName></oos:legalFormNew><oos:actual>true</oos:actual></nsiContractOKOPFExtraBudget><nsiContractOKOPFExtraBudget><oos:extrabudget><oos:code>90</oos:code><oos:name>Средства юридических лиц, не являющихся государственными или муниципальными учреждениями, государственными или муниципальными унитарными предприятиями</oos:name></oos:extrabudget><oos:legalFormOld><oos:code>82</oos:code><oos:singularName>Государственная корпорация</oos:singularName></oos:legalFormOld><oos:legalFormNew><oos:code>28005</oos:code><oos:singularName>Государственная корпорация</oos:singularName></oos:legalFormNew><oos:actual>true</oos:actual></nsiContractOKOPFExtraBudget><nsiContractOKOPFExtraBudget><oos:extrabudget><oos:code>90</oos:code><oos:name>Средства юридических лиц, не являющихся государственными или муниципальными учреждениями, государственными или муниципальными унитарными предприятиями</oos:name></oos:extrabudget><oos:legalFormNew><oos:code>30003</oos:code><oos:singularName>Обособленные подразделения юридических лиц</oos:singularName></oos:legalFormNew><oos:actual>true</oos:actual></nsiContractOKOPFExtraBudget><nsiContractOKOPFExtraBudget><oos:extrabudget><oos:code>90</oos:code><oos:name>Средства юридических лиц, не являющихся государственными или муниципальными учреждениями, государственными или муниципальными унитарными предприятиями</oos:name></oos:extrabudget><oos:legalFormNew><oos:code>30004</oos:code><oos:singularName>Структурные подразделения обособленных подразделений юридических лиц</oos:singularName></oos:legalFormNew><oos:actual>true</oos:actual></nsiContractOKOPFExtraBudget></nsiContractOKOPFExtraBudget></export>