<export xmlns:xsi="http://www.w3.org/2001/XMLSchema-instance" xmlns="http://zakupki.gov.ru/oos/export/1" xmlns:oos="http://zakupki.gov.ru/oos/types/1" xmlns:ns3="http://zakupki.gov.ru/oos/common/1"><nsiKTRUs><oos:position><oos:data><oos:code>17.12.14.160-00000007</oos:code><oos:version>1</oos:version><oos:inclusionDate>2021-04-05T12:50:57+03:00</oos:inclusionDate><oos:publishDate>2021-04-05T12:50:57+03:00</oos:publishDate><oos:name>Бумага для аппаратов и приборов, кроме факса</oos:name><oos:OKPD2><oos:code>17.12.14.160</oos:code><oos:name>Бумага для аппаратов и приборов</oos:name></oos:OKPD2><oos:actual>false</oos:actual><oos:applicationDateStart>2021-06-15T00:00:00+03:00</oos:applicationDateStart><oos:OKEIs><oos:OKEI><oos:code>736</oos:code><oos:name>Рулон</oos:name></oos:OKEI></oos:OKEIs><oos:NSI><oos:standarts><oos:standart><oos:docName>ГОСТ Р 58079-2018 Бумага термочувствительная для печатающих устройств. Общие технические условия</oos:docName></oos:standart><oos:standart><oos:docName>ГОСТ Р ИСО 12625-1-2013 Тонкая бумага и изделия из нее. Часть 1. Термины и определения</oos:docName></oos:standart></oos:standarts><oos:classifiers><oos:classifier><oos:name>Общероссийский классификатор продукции по видам экономической деятельности (ОКПД2)</oos:name><oos:values><oos:value><oos:code>17.12.14.160</oos:code><oos:name>Бумага для аппаратов и приборов</oos:name></oos:value></oos:values></oos:classifier></oos:classifiers></oos:NSI><oos:characteristics><oos:characteristic><oos:code>a8a52b7d-f</oos:code><oos:name>Вид товара</oos:name><oos:type>1</oos:type><oos:kind>2</oos:kind><oos:actual>true</oos:actual><oos:isRequired>true</oos:isRequired><oos:choiceType>2</oos:choiceType><oos:values><oos:value><oos:qualityDescription>Чековая лента</oos:qualityDescription></oos:value><oos:value><oos:qualityDescription>Ролик</oos:qualityDescription></oos:value></oos:values></oos:characteristic><oos:characteristic><oos:code>08a6f4c9-3</oos:code><oos:name>Тип бумаги</oos:name><oos:type>1</oos:type><oos:kind>2</oos:kind><oos:actual>true</oos:actual><oos:isRequired>true</oos:isRequired><oos:choiceType>2</oos:choiceType><oos:values><oos:value><oos:qualityDescription>Офсетная</oos:qualityDescription></oos:value><oos:value><oos:qualityDescription>Термобумага</oos:qualityDescription></oos:value></oos:values></oos:characteristic><oos:characteristic><oos:code>24331ef5-b</oos:code><oos:name>Расположение термослоя</oos:name><oos:type>1</oos:type><oos:kind>2</oos:kind><oos:actual>true</oos:actual><oos:isRequired>false</oos:isRequired><oos:choiceType>2</oos:choiceType><oos:values><oos:value><oos:qualityDescription>Наружное</oos:qualityDescription></oos:value><oos:value><oos:qualityDescription>Внутреннее</oos:qualityDescription></oos:value></oos:values></oos:characteristic><oos:characteristic><oos:code>524f73d8-a</oos:code><oos:name>Назначение</oos:name><oos:type>1</oos:type><oos:kind>2</oos:kind><oos:actual>true</oos:actual><oos:isRequired>true</oos:isRequired><oos:choiceType>2</oos:choiceType><oos:values><oos:value><oos:qualityDescription>Для систем электронной очереди</oos:qualityDescription></oos:value><oos:value><oos:qualityDescription>Для платежных терминалов</oos:qualityDescription></oos:value><oos:value><oos:qualityDescription>Для калькуляторов</oos:qualityDescription></oos:value><oos:value><oos:qualityDescription>Для принтеров</oos:qualityDescription></oos:value><oos:value><oos:qualityDescription>Для банкоматов</oos:qualityDescription></oos:value><oos:value><oos:qualityDescription>Для контрольно-кассовых машин</oos:qualityDescription></oos:value></oos:values></oos:characteristic><oos:characteristic><oos:code>a44062a1-f</oos:code><oos:name>Масса бумаги площадью 1м2</oos:name><oos:type>2</oos:type><oos:kind>2</oos:kind><oos:actual>true</oos:actual><oos:isRequired>true</oos:isRequired><oos:choiceType>2</oos:choiceType><oos:values><oos:value><oos:OKEI><oos:code>163</oos:code><oos:name>Грамм</oos:name></oos:OKEI><oos:valueFormat>A</oos:valueFormat><oos:rangeSet><oos:valueRange><oos:minMathNotation>greaterOrEqual</oos:minMathNotation><oos:min>70.000</oos:min></oos:valueRange></oos:rangeSet></oos:value><oos:value><oos:OKEI><oos:code>163</oos:code><oos:name>Грамм</oos:name></oos:OKEI><oos:valueFormat>A</oos:valueFormat><oos:rangeSet><oos:valueRange><oos:minMathNotation>greaterOrEqual</oos:minMathNotation><oos:min>65.000</oos:min><oos:maxMathNotation>less</oos:maxMathNotation><oos:max>70.00</oos:max></oos:valueRange></oos:rangeSet></oos:value><oos:value><oos:OKEI><oos:code>163</oos:code><oos:name>Грамм</oos:name></oos:OKEI><oos:valueFormat>A</oos:valueFormat><oos:rangeSet><oos:valueRange><oos:minMathNotation>greaterOrEqual</oos:minMathNotation><oos:min>60.000</oos:min><oos:maxMathNotation>less</oos:maxMathNotation><oos:max>65.00</oos:max></oos:valueRange></oos:rangeSet></oos:value><oos:value><oos:OKEI><oos:code>163</oos:code><oos:name>Грамм</oos:name></oos:OKEI><oos:valueFormat>A</oos:valueFormat><oos:rangeSet><oos:valueRange><oos:minMathNotation>greaterOrEqual</oos:minMathNotation><oos:min>55.000</oos:min><oos:maxMathNotation>less</oos:maxMathNotation><oos:max>60.00</oos:max></oos:valueRange></oos:rangeSet></oos:value><oos:value><oos:OKEI><oos:code>163</oos:code><oos:name>Грамм</oos:name></oos:OKEI><oos:valueFormat>A</oos:valueFormat><oos:rangeSet><oos:valueRange><oos:minMathNotation>greaterOrEqual</oos:minMathNotation><oos:min>50.000</oos:min><oos:maxMathNotation>less</oos:maxMathNotation><oos:max>55.00</oos:max></oos:valueRange></oos:rangeSet></oos:value><oos:value><oos:OKEI><oos:code>163</oos:code><oos:name>Грамм</oos:name></oos:OKEI><oos:valueFormat>A</oos:valueFormat><oos:rangeSet><oos:valueRange><oos:minMathNotation>greaterOrEqual</oos:minMathNotation><oos:min>45.000</oos:min><oos:maxMathNotation>less</oos:maxMathNotation><oos:max>50.00</oos:max></oos:valueRange></oos:rangeSet></oos:value><oos:value><oos:OKEI><oos:code>163</oos:code><oos:name>Грамм</oos:name></oos:OKEI><oos:valueFormat>A</oos:valueFormat><oos:rangeSet><oos:valueRange><oos:minMathNotation>greaterOrEqual</oos:minMathNotation><oos:min>40.000</oos:min><oos:maxMathNotation>less</oos:maxMathNotation><oos:max>45.00</oos:max></oos:valueRange></oos:rangeSet></oos:value></oos:values></oos:characteristic><oos:characteristic><oos:code>b9d9ba88-a</oos:code><oos:name>Наличие перфорации</oos:name><oos:type>1</oos:type><oos:kind>2</oos:kind><oos:actual>true</oos:actual><oos:isRequired>false</oos:isRequired><oos:choiceType>2</oos:choiceType><oos:values><oos:value><oos:qualityDescription>Нет</oos:qualityDescription></oos:value><oos:value><oos:qualityDescription>Да</oos:qualityDescription></oos:value></oos:values></oos:characteristic><oos:characteristic><oos:code>726c9a4a-6</oos:code><oos:name>Количество слоев бумаги</oos:name><oos:type>1</oos:type><oos:kind>2</oos:kind><oos:actual>true</oos:actual><oos:isRequired>false</oos:isRequired><oos:choiceType>2</oos:choiceType><oos:values><oos:value><oos:qualityDescription>1</oos:qualityDescription></oos:value><oos:value><oos:qualityDescription>2</oos:qualityDescription></oos:value></oos:values></oos:characteristic><oos:characteristic><oos:code>c7e906c7-0</oos:code><oos:name>Диаметр втулки</oos:name><oos:type>2</oos:type><oos:kind>2</oos:kind><oos:actual>true</oos:actual><oos:isRequired>false</oos:isRequired><oos:choiceType>2</oos:choiceType><oos:values><oos:value><oos:OKEI><oos:code>003</oos:code><oos:name>Миллиметр</oos:name></oos:OKEI><oos:valueFormat>A</oos:valueFormat><oos:rangeSet><oos:valueRange><oos:minMathNotation>greaterOrEqual</oos:minMathNotation><oos:min>75.000</oos:min></oos:valueRange></oos:rangeSet></oos:value><oos:value><oos:OKEI><oos:code>003</oos:code><oos:name>Миллиметр</oos:name></oos:OKEI><oos:valueFormat>A</oos:valueFormat><oos:rangeSet><oos:valueRange><oos:minMathNotation>greaterOrEqual</oos:minMathNotation><oos:min>70.000</oos:min><oos:maxMathNotation>less</oos:maxMathNotation><oos:max>75.00</oos:max></oos:valueRange></oos:rangeSet></oos:value><oos:value><oos:OKEI><oos:code>003</oos:code><oos:name>Миллиметр</oos:name></oos:OKEI><oos:valueFormat>A</oos:valueFormat><oos:rangeSet><oos:valueRange><oos:minMathNotation>greaterOrEqual</oos:minMathNotation><oos:min>65.000</oos:min><oos:maxMathNotation>less</oos:maxMathNotation><oos:max>70.00</oos:max></oos:valueRange></oos:rangeSet></oos:value><oos:value><oos:OKEI><oos:code>003</oos:code><oos:name>Миллиметр</oos:name></oos:OKEI><oos:valueFormat>A</oos:valueFormat><oos:rangeSet><oos:valueRange><oos:minMathNotation>greaterOrEqual</oos:minMathNotation><oos:min>55.000</oos:min><oos:maxMathNotation>less</oos:maxMathNotation><oos:max>60.00</oos:max></oos:valueRange></oos:rangeSet></oos:value><oos:value><oos:OKEI><oos:code>003</oos:code><oos:name>Миллиметр</oos:name></oos:OKEI><oos:valueFormat>A</oos:valueFormat><oos:rangeSet><oos:valueRange><oos:minMathNotation>greaterOrEqual</oos:minMathNotation><oos:min>50.000</oos:min><oos:maxMathNotation>less</oos:maxMathNotation><oos:max>55.00</oos:max></oos:valueRange></oos:rangeSet></oos:value><oos:value><oos:OKEI><oos:code>003</oos:code><oos:name>Миллиметр</oos:name></oos:OKEI><oos:valueFormat>A</oos:valueFormat><oos:rangeSet><oos:valueRange><oos:minMathNotation>greaterOrEqual</oos:minMathNotation><oos:min>45.000</oos:min><oos:maxMathNotation>less</oos:maxMathNotation><oos:max>50.00</oos:max></oos:valueRange></oos:rangeSet></oos:value><oos:value><oos:OKEI><oos:code>003</oos:code><oos:name>Миллиметр</oos:name></oos:OKEI><oos:valueFormat>A</oos:valueFormat><oos:rangeSet><oos:valueRange><oos:minMathNotation>greaterOrEqual</oos:minMathNotation><oos:min>40.000</oos:min><oos:maxMathNotation>less</oos:maxMathNotation><oos:max>45.00</oos:max></oos:valueRange></oos:rangeSet></oos:value><oos:value><oos:OKEI><oos:code>003</oos:code><oos:name>Миллиметр</oos:name></oos:OKEI><oos:valueFormat>A</oos:valueFormat><oos:rangeSet><oos:valueRange><oos:minMathNotation>greaterOrEqual</oos:minMathNotation><oos:min>35.000</oos:min><oos:maxMathNotation>less</oos:maxMathNotation><oos:max>40.00</oos:max></oos:valueRange></oos:rangeSet></oos:value><oos:value><oos:OKEI><oos:code>003</oos:code><oos:name>Миллиметр</oos:name></oos:OKEI><oos:valueFormat>A</oos:valueFormat><oos:rangeSet><oos:valueRange><oos:minMathNotation>greaterOrEqual</oos:minMathNotation><oos:min>30.000</oos:min><oos:maxMathNotation>less</oos:maxMathNotation><oos:max>35.00</oos:max></oos:valueRange></oos:rangeSet></oos:value><oos:value><oos:OKEI><oos:code>003</oos:code><oos:name>Миллиметр</oos:name></oos:OKEI><oos:valueFormat>A</oos:valueFormat><oos:rangeSet><oos:valueRange><oos:minMathNotation>greaterOrEqual</oos:minMathNotation><oos:min>25.000</oos:min><oos:maxMathNotation>less</oos:maxMathNotation><oos:max>30.00</oos:max></oos:valueRange></oos:rangeSet></oos:value><oos:value><oos:OKEI><oos:code>003</oos:code><oos:name>Миллиметр</oos:name></oos:OKEI><oos:valueFormat>A</oos:valueFormat><oos:rangeSet><oos:valueRange><oos:minMathNotation>greaterOrEqual</oos:minMathNotation><oos:min>20.000</oos:min><oos:maxMathNotation>less</oos:maxMathNotation><oos:max>25.00</oos:max></oos:valueRange></oos:rangeSet></oos:value><oos:value><oos:OKEI><oos:code>003</oos:code><oos:name>Миллиметр</oos:name></oos:OKEI><oos:valueFormat>A</oos:valueFormat><oos:rangeSet><oos:valueRange><oos:minMathNotation>greaterOrEqual</oos:minMathNotation><oos:min>15.000</oos:min><oos:maxMathNotation>less</oos:maxMathNotation><oos:max>20.00</oos:max></oos:valueRange></oos:rangeSet></oos:value><oos:value><oos:OKEI><oos:code>003</oos:code><oos:name>Миллиметр</oos:name></oos:OKEI><oos:valueFormat>A</oos:valueFormat><oos:rangeSet><oos:valueRange><oos:minMathNotation>greaterOrEqual</oos:minMathNotation><oos:min>12.000</oos:min><oos:maxMathNotation>less</oos:maxMathNotation><oos:max>15.00</oos:max></oos:valueRange></oos:rangeSet></oos:value></oos:values></oos:characteristic><oos:characteristic><oos:code>2c7ae05b-8</oos:code><oos:name>Внешний диаметр</oos:name><oos:type>2</oos:type><oos:kind>2</oos:kind><oos:actual>true</oos:actual><oos:isRequired>false</oos:isRequired><oos:choiceType>2</oos:choiceType><oos:values><oos:value><oos:OKEI><oos:code>003</oos:code><oos:name>Миллиметр</oos:name></oos:OKEI><oos:valueFormat>A</oos:valueFormat><oos:rangeSet><oos:valueRange><oos:minMathNotation>greaterOrEqual</oos:minMathNotation><oos:min>200.000</oos:min></oos:valueRange></oos:rangeSet></oos:value><oos:value><oos:OKEI><oos:code>003</oos:code><oos:name>Миллиметр</oos:name></oos:OKEI><oos:valueFormat>A</oos:valueFormat><oos:rangeSet><oos:valueRange><oos:minMathNotation>greaterOrEqual</oos:minMathNotation><oos:min>150.000</oos:min><oos:maxMathNotation>less</oos:maxMathNotation><oos:max>200.00</oos:max></oos:valueRange></oos:rangeSet></oos:value><oos:value><oos:OKEI><oos:code>003</oos:code><oos:name>Миллиметр</oos:name></oos:OKEI><oos:valueFormat>A</oos:valueFormat><oos:rangeSet><oos:valueRange><oos:minMathNotation>greaterOrEqual</oos:minMathNotation><oos:min>140.000</oos:min><oos:maxMathNotation>less</oos:maxMathNotation><oos:max>150.00</oos:max></oos:valueRange></oos:rangeSet></oos:value><oos:value><oos:OKEI><oos:code>003</oos:code><oos:name>Миллиметр</oos:name></oos:OKEI><oos:valueFormat>A</oos:valueFormat><oos:rangeSet><oos:valueRange><oos:minMathNotation>greaterOrEqual</oos:minMathNotation><oos:min>120.000</oos:min><oos:maxMathNotation>less</oos:maxMathNotation><oos:max>140.00</oos:max></oos:valueRange></oos:rangeSet></oos:value><oos:value><oos:OKEI><oos:code>003</oos:code><oos:name>Миллиметр</oos:name></oos:OKEI><oos:valueFormat>A</oos:valueFormat><oos:rangeSet><oos:valueRange><oos:minMathNotation>greaterOrEqual</oos:minMathNotation><oos:min>100.000</oos:min><oos:maxMathNotation>less</oos:maxMathNotation><oos:max>120.00</oos:max></oos:valueRange></oos:rangeSet></oos:value><oos:value><oos:OKEI><oos:code>003</oos:code><oos:name>Миллиметр</oos:name></oos:OKEI><oos:valueFormat>A</oos:valueFormat><oos:rangeSet><oos:valueRange><oos:minMathNotation>greaterOrEqual</oos:minMathNotation><oos:min>95.000</oos:min><oos:maxMathNotation>less</oos:maxMathNotation><oos:max>100.00</oos:max></oos:valueRange></oos:rangeSet></oos:value><oos:value><oos:OKEI><oos:code>003</oos:code><oos:name>Миллиметр</oos:name></oos:OKEI><oos:valueFormat>A</oos:valueFormat><oos:rangeSet><oos:valueRange><oos:minMathNotation>greaterOrEqual</oos:minMathNotation><oos:min>90.000</oos:min><oos:maxMathNotation>less</oos:maxMathNotation><oos:max>95.00</oos:max></oos:valueRange></oos:rangeSet></oos:value><oos:value><oos:OKEI><oos:code>003</oos:code><oos:name>Миллиметр</oos:name></oos:OKEI><oos:valueFormat>A</oos:valueFormat><oos:rangeSet><oos:valueRange><oos:minMathNotation>greaterOrEqual</oos:minMathNotation><oos:min>85.000</oos:min><oos:maxMathNotation>less</oos:maxMathNotation><oos:max>90.00</oos:max></oos:valueRange></oos:rangeSet></oos:value><oos:value><oos:OKEI><oos:code>003</oos:code><oos:name>Миллиметр</oos:name></oos:OKEI><oos:valueFormat>A</oos:valueFormat><oos:rangeSet><oos:valueRange><oos:minMathNotation>greaterOrEqual</oos:minMathNotation><oos:min>75.000</oos:min><oos:maxMathNotation>less</oos:maxMathNotation><oos:max>80.00</oos:max></oos:valueRange></oos:rangeSet></oos:value><oos:value><oos:OKEI><oos:code>003</oos:code><oos:name>Миллиметр</oos:name></oos:OKEI><oos:valueFormat>A</oos:valueFormat><oos:rangeSet><oos:valueRange><oos:minMathNotation>greaterOrEqual</oos:minMathNotation><oos:min>65.000</oos:min><oos:maxMathNotation>less</oos:maxMathNotation><oos:max>70.00</oos:max></oos:valueRange></oos:rangeSet></oos:value><oos:value><oos:OKEI><oos:code>003</oos:code><oos:name>Миллиметр</oos:name></oos:OKEI><oos:valueFormat>A</oos:valueFormat><oos:rangeSet><oos:valueRange><oos:minMathNotation>greaterOrEqual</oos:minMathNotation><oos:min>60.000</oos:min><oos:maxMathNotation>less</oos:maxMathNotation><oos:max>65.00</oos:max></oos:valueRange></oos:rangeSet></oos:value><oos:value><oos:OKEI><oos:code>003</oos:code><oos:name>Миллиметр</oos:name></oos:OKEI><oos:valueFormat>A</oos:valueFormat><oos:rangeSet><oos:valueRange><oos:minMathNotation>greaterOrEqual</oos:minMathNotation><oos:min>55.000</oos:min><oos:maxMathNotation>less</oos:maxMathNotation><oos:max>60.00</oos:max></oos:valueRange></oos:rangeSet></oos:value><oos:value><oos:OKEI><oos:code>003</oos:code><oos:name>Миллиметр</oos:name></oos:OKEI><oos:valueFormat>A</oos:valueFormat><oos:rangeSet><oos:valueRange><oos:minMathNotation>greaterOrEqual</oos:minMathNotation><oos:min>50.000</oos:min><oos:maxMathNotation>less</oos:maxMathNotation><oos:max>55.00</oos:max></oos:valueRange></oos:rangeSet></oos:value><oos:value><oos:OKEI><oos:code>003</oos:code><oos:name>Миллиметр</oos:name></oos:OKEI><oos:valueFormat>A</oos:valueFormat><oos:rangeSet><oos:valueRange><oos:minMathNotation>greaterOrEqual</oos:minMathNotation><oos:min>40.000</oos:min><oos:maxMathNotation>less</oos:maxMathNotation><oos:max>45.00</oos:max></oos:valueRange></oos:rangeSet></oos:value><oos:value><oos:OKEI><oos:code>003</oos:code><oos:name>Миллиметр</oos:name></oos:OKEI><oos:valueFormat>A</oos:valueFormat><oos:rangeSet><oos:valueRange><oos:minMathNotation>greaterOrEqual</oos:minMathNotation><oos:min>35.000</oos:min><oos:maxMathNotation>less</oos:maxMathNotation><oos:max>40.00</oos:max></oos:valueRange></oos:rangeSet></oos:value><oos:value><oos:OKEI><oos:code>003</oos:code><oos:name>Миллиметр</oos:name></oos:OKEI><oos:valueFormat>A</oos:valueFormat><oos:rangeSet><oos:valueRange><oos:minMathNotation>greaterOrEqual</oos:minMathNotation><oos:min>30.000</oos:min><oos:maxMathNotation>less</oos:maxMathNotation><oos:max>35.00</oos:max></oos:valueRange></oos:rangeSet></oos:value></oos:values></oos:characteristic><oos:characteristic><oos:code>3f750caf-0</oos:code><oos:name>Длина намотки рулона</oos:name><oos:type>2</oos:type><oos:kind>2</oos:kind><oos:actual>true</oos:actual><oos:isRequired>false</oos:isRequired><oos:choiceType>2</oos:choiceType><oos:values><oos:value><oos:OKEI><oos:code>006</oos:code><oos:name>Метр</oos:name></oos:OKEI><oos:valueFormat>A</oos:valueFormat><oos:rangeSet><oos:valueRange><oos:minMathNotation>greaterOrEqual</oos:minMathNotation><oos:min>240.000</oos:min></oos:valueRange></oos:rangeSet></oos:value><oos:value><oos:OKEI><oos:code>006</oos:code><oos:name>Метр</oos:name></oos:OKEI><oos:valueFormat>A</oos:valueFormat><oos:rangeSet><oos:valueRange><oos:minMathNotation>greaterOrEqual</oos:minMathNotation><oos:min>220.000</oos:min><oos:maxMathNotation>less</oos:maxMathNotation><oos:max>240.00</oos:max></oos:valueRange></oos:rangeSet></oos:value><oos:value><oos:OKEI><oos:code>006</oos:code><oos:name>Метр</oos:name></oos:OKEI><oos:valueFormat>A</oos:valueFormat><oos:rangeSet><oos:valueRange><oos:minMathNotation>greaterOrEqual</oos:minMathNotation><oos:min>200.000</oos:min><oos:maxMathNotation>less</oos:maxMathNotation><oos:max>220.00</oos:max></oos:valueRange></oos:rangeSet></oos:value><oos:value><oos:OKEI><oos:code>006</oos:code><oos:name>Метр</oos:name></oos:OKEI><oos:valueFormat>A</oos:valueFormat><oos:rangeSet><oos:valueRange><oos:minMathNotation>greaterOrEqual</oos:minMathNotation><oos:min>180.000</oos:min><oos:maxMathNotation>less</oos:maxMathNotation><oos:max>200.00</oos:max></oos:valueRange></oos:rangeSet></oos:value><oos:value><oos:OKEI><oos:code>006</oos:code><oos:name>Метр</oos:name></oos:OKEI><oos:valueFormat>A</oos:valueFormat><oos:rangeSet><oos:valueRange><oos:minMathNotation>greaterOrEqual</oos:minMathNotation><oos:min>160.000</oos:min><oos:maxMathNotation>less</oos:maxMathNotation><oos:max>180.00</oos:max></oos:valueRange></oos:rangeSet></oos:value><oos:value><oos:OKEI><oos:code>006</oos:code><oos:name>Метр</oos:name></oos:OKEI><oos:valueFormat>A</oos:valueFormat><oos:rangeSet><oos:valueRange><oos:minMathNotation>greaterOrEqual</oos:minMathNotation><oos:min>140.000</oos:min><oos:maxMathNotation>less</oos:maxMathNotation><oos:max>160.00</oos:max></oos:valueRange></oos:rangeSet></oos:value><oos:value><oos:OKEI><oos:code>006</oos:code><oos:name>Метр</oos:name></oos:OKEI><oos:valueFormat>A</oos:valueFormat><oos:rangeSet><oos:valueRange><oos:minMathNotation>greaterOrEqual</oos:minMathNotation><oos:min>120.000</oos:min><oos:maxMathNotation>less</oos:maxMathNotation><oos:max>140.00</oos:max></oos:valueRange></oos:rangeSet></oos:value><oos:value><oos:OKEI><oos:code>006</oos:code><oos:name>Метр</oos:name></oos:OKEI><oos:valueFormat>A</oos:valueFormat><oos:rangeSet><oos:valueRange><oos:minMathNotation>greaterOrEqual</oos:minMathNotation><oos:min>100.000</oos:min><oos:maxMathNotation>less</oos:maxMathNotation><oos:max>120.00</oos:max></oos:valueRange></oos:rangeSet></oos:value><oos:value><oos:OKEI><oos:code>006</oos:code><oos:name>Метр</oos:name></oos:OKEI><oos:valueFormat>A</oos:valueFormat><oos:rangeSet><oos:valueRange><oos:minMathNotation>greaterOrEqual</oos:minMathNotation><oos:min>90.000</oos:min><oos:maxMathNotation>less</oos:maxMathNotation><oos:max>100.00</oos:max></oos:valueRange></oos:rangeSet></oos:value><oos:value><oos:OKEI><oos:code>006</oos:code><oos:name>Метр</oos:name></oos:OKEI><oos:valueFormat>A</oos:valueFormat><oos:rangeSet><oos:valueRange><oos:minMathNotation>greaterOrEqual</oos:minMathNotation><oos:min>80.000</oos:min><oos:maxMathNotation>less</oos:maxMathNotation><oos:max>90.00</oos:max></oos:valueRange></oos:rangeSet></oos:value><oos:value><oos:OKEI><oos:code>006</oos:code><oos:name>Метр</oos:name></oos:OKEI><oos:valueFormat>A</oos:valueFormat><oos:rangeSet><oos:valueRange><oos:minMathNotation>greaterOrEqual</oos:minMathNotation><oos:min>70.000</oos:min><oos:maxMathNotation>less</oos:maxMathNotation><oos:max>80.00</oos:max></oos:valueRange></oos:rangeSet></oos:value><oos:value><oos:OKEI><oos:code>006</oos:code><oos:name>Метр</oos:name></oos:OKEI><oos:valueFormat>A</oos:valueFormat><oos:rangeSet><oos:valueRange><oos:minMathNotation>greaterOrEqual</oos:minMathNotation><oos:min>60.000</oos:min><oos:maxMathNotation>less</oos:maxMathNotation><oos:max>70.00</oos:max></oos:valueRange></oos:rangeSet></oos:value><oos:value><oos:OKEI><oos:code>006</oos:code><oos:name>Метр</oos:name></oos:OKEI><oos:valueFormat>A</oos:valueFormat><oos:rangeSet><oos:valueRange><oos:minMathNotation>greaterOrEqual</oos:minMathNotation><oos:min>50.000</oos:min><oos:maxMathNotation>less</oos:maxMathNotation><oos:max>60.00</oos:max></oos:valueRange></oos:rangeSet></oos:value><oos:value><oos:OKEI><oos:code>006</oos:code><oos:name>Метр</oos:name></oos:OKEI><oos:valueFormat>A</oos:valueFormat><oos:rangeSet><oos:valueRange><oos:minMathNotation>greaterOrEqual</oos:minMathNotation><oos:min>40.000</oos:min><oos:maxMathNotation>less</oos:maxMathNotation><oos:max>50.00</oos:max></oos:valueRange></oos:rangeSet></oos:value><oos:value><oos:OKEI><oos:code>006</oos:code><oos:name>Метр</oos:name></oos:OKEI><oos:valueFormat>A</oos:valueFormat><oos:rangeSet><oos:valueRange><oos:minMathNotation>greaterOrEqual</oos:minMathNotation><oos:min>30.000</oos:min><oos:maxMathNotation>less</oos:maxMathNotation><oos:max>40.00</oos:max></oos:valueRange></oos:rangeSet></oos:value><oos:value><oos:OKEI><oos:code>006</oos:code><oos:name>Метр</oos:name></oos:OKEI><oos:valueFormat>A</oos:valueFormat><oos:rangeSet><oos:valueRange><oos:minMathNotation>greaterOrEqual</oos:minMathNotation><oos:min>20.000</oos:min><oos:maxMathNotation>less</oos:maxMathNotation><oos:max>30.00</oos:max></oos:valueRange></oos:rangeSet></oos:value><oos:value><oos:OKEI><oos:code>006</oos:code><oos:name>Метр</oos:name></oos:OKEI><oos:valueFormat>A</oos:valueFormat><oos:rangeSet><oos:valueRange><oos:minMathNotation>greaterOrEqual</oos:minMathNotation><oos:min>15.000</oos:min><oos:maxMathNotation>less</oos:maxMathNotation><oos:max>20.00</oos:max></oos:valueRange></oos:rangeSet></oos:value><oos:value><oos:OKEI><oos:code>006</oos:code><oos:name>Метр</oos:name></oos:OKEI><oos:valueFormat>A</oos:valueFormat><oos:rangeSet><oos:valueRange><oos:maxMathNotation>less</oos:maxMathNotation><oos:max>15.00</oos:max></oos:valueRange></oos:rangeSet></oos:value></oos:values></oos:characteristic><oos:characteristic><oos:code>88609e54-8</oos:code><oos:name>Ширина рулона</oos:name><oos:type>2</oos:type><oos:kind>2</oos:kind><oos:actual>true</oos:actual><oos:isRequired>false</oos:isRequired><oos:choiceType>2</oos:choiceType><oos:values><oos:value><oos:OKEI><oos:code>003</oos:code><oos:name>Миллиметр</oos:name></oos:OKEI><oos:valueFormat>A</oos:valueFormat><oos:rangeSet><oos:valueRange><oos:minMathNotation>greaterOrEqual</oos:minMathNotation><oos:min>250.000</oos:min><oos:maxMathNotation>less</oos:maxMathNotation><oos:max>450.00</oos:max></oos:valueRange></oos:rangeSet></oos:value><oos:value><oos:OKEI><oos:code>003</oos:code><oos:name>Миллиметр</oos:name></oos:OKEI><oos:valueFormat>A</oos:valueFormat><oos:rangeSet><oos:valueRange><oos:minMathNotation>greaterOrEqual</oos:minMathNotation><oos:min>220.000</oos:min><oos:maxMathNotation>less</oos:maxMathNotation><oos:max>250.00</oos:max></oos:valueRange></oos:rangeSet></oos:value><oos:value><oos:OKEI><oos:code>003</oos:code><oos:name>Миллиметр</oos:name></oos:OKEI><oos:valueFormat>A</oos:valueFormat><oos:rangeSet><oos:valueRange><oos:minMathNotation>greaterOrEqual</oos:minMathNotation><oos:min>120.000</oos:min><oos:maxMathNotation>less</oos:maxMathNotation><oos:max>220.00</oos:max></oos:valueRange></oos:rangeSet></oos:value><oos:value><oos:OKEI><oos:code>003</oos:code><oos:name>Миллиметр</oos:name></oos:OKEI><oos:valueFormat>A</oos:valueFormat><oos:rangeSet><oos:valueRange><oos:minMathNotation>greaterOrEqual</oos:minMathNotation><oos:min>100.000</oos:min><oos:maxMathNotation>less</oos:maxMathNotation><oos:max>120.00</oos:max></oos:valueRange></oos:rangeSet></oos:value><oos:value><oos:OKEI><oos:code>003</oos:code><oos:name>Миллиметр</oos:name></oos:OKEI><oos:valueFormat>A</oos:valueFormat><oos:rangeSet><oos:valueRange><oos:minMathNotation>greaterOrEqual</oos:minMathNotation><oos:min>90.000</oos:min><oos:maxMathNotation>less</oos:maxMathNotation><oos:max>100.00</oos:max></oos:valueRange></oos:rangeSet></oos:value><oos:value><oos:OKEI><oos:code>003</oos:code><oos:name>Миллиметр</oos:name></oos:OKEI><oos:valueFormat>A</oos:valueFormat><oos:rangeSet><oos:valueRange><oos:minMathNotation>greaterOrEqual</oos:minMathNotation><oos:min>80.000</oos:min><oos:maxMathNotation>less</oos:maxMathNotation><oos:max>90.00</oos:max></oos:valueRange></oos:rangeSet></oos:value><oos:value><oos:OKEI><oos:code>003</oos:code><oos:name>Миллиметр</oos:name></oos:OKEI><oos:valueFormat>A</oos:valueFormat><oos:rangeSet><oos:valueRange><oos:minMathNotation>greaterOrEqual</oos:minMathNotation><oos:min>70.000</oos:min><oos:maxMathNotation>less</oos:maxMathNotation><oos:max>80.00</oos:max></oos:valueRange></oos:rangeSet></oos:value><oos:value><oos:OKEI><oos:code>003</oos:code><oos:name>Миллиметр</oos:name></oos:OKEI><oos:valueFormat>A</oos:valueFormat><oos:rangeSet><oos:valueRange><oos:minMathNotation>greaterOrEqual</oos:minMathNotation><oos:min>60.000</oos:min><oos:maxMathNotation>less</oos:maxMathNotation><oos:max>70.00</oos:max></oos:valueRange></oos:rangeSet></oos:value><oos:value><oos:OKEI><oos:code>003</oos:code><oos:name>Миллиметр</oos:name></oos:OKEI><oos:valueFormat>A</oos:valueFormat><oos:rangeSet><oos:valueRange><oos:minMathNotation>greaterOrEqual</oos:minMathNotation><oos:min>55.000</oos:min><oos:maxMathNotation>less</oos:maxMathNotation><oos:max>60.00</oos:max></oos:valueRange></oos:rangeSet></oos:value><oos:value><oos:OKEI><oos:code>003</oos:code><oos:name>Миллиметр</oos:name></oos:OKEI><oos:valueFormat>A</oos:valueFormat><oos:rangeSet><oos:valueRange><oos:minMathNotation>greaterOrEqual</oos:minMathNotation><oos:min>50.000</oos:min><oos:maxMathNotation>less</oos:maxMathNotation><oos:max>55.00</oos:max></oos:valueRange></oos:rangeSet></oos:value><oos:value><oos:OKEI><oos:code>003</oos:code><oos:name>Миллиметр</oos:name></oos:OKEI><oos:valueFormat>A</oos:valueFormat><oos:rangeSet><oos:valueRange><oos:minMathNotation>greaterOrEqual</oos:minMathNotation><oos:min>45.000</oos:min><oos:maxMathNotation>less</oos:maxMathNotation><oos:max>50.00</oos:max></oos:valueRange></oos:rangeSet></oos:value><oos:value><oos:OKEI><oos:code>003</oos:code><oos:name>Миллиметр</oos:name></oos:OKEI><oos:valueFormat>A</oos:valueFormat><oos:rangeSet><oos:valueRange><oos:minMathNotation>greaterOrEqual</oos:minMathNotation><oos:min>40.000</oos:min><oos:maxMathNotation>less</oos:maxMathNotation><oos:max>45.00</oos:max></oos:valueRange></oos:rangeSet></oos:value><oos:value><oos:OKEI><oos:code>003</oos:code><oos:name>Миллиметр</oos:name></oos:OKEI><oos:valueFormat>A</oos:valueFormat><oos:rangeSet><oos:valueRange><oos:minMathNotation>greaterOrEqual</oos:minMathNotation><oos:min>30.000</oos:min><oos:maxMathNotation>less</oos:maxMathNotation><oos:max>40.00</oos:max></oos:valueRange></oos:rangeSet></oos:value><oos:value><oos:OKEI><oos:code>003</oos:code><oos:name>Миллиметр</oos:name></oos:OKEI><oos:valueFormat>A</oos:valueFormat><oos:rangeSet><oos:valueRange><oos:maxMathNotation>less</oos:maxMathNotation><oos:max>30.00</oos:max></oos:valueRange></oos:rangeSet></oos:value></oos:values></oos:characteristic><oos:characteristic><oos:code>2efa944b-e</oos:code><oos:name>Длина талона</oos:name><oos:type>2</oos:type><oos:kind>2</oos:kind><oos:actual>true</oos:actual><oos:isRequired>false</oos:isRequired><oos:choiceType>2</oos:choiceType><oos:values><oos:value><oos:OKEI><oos:code>003</oos:code><oos:name>Миллиметр</oos:name></oos:OKEI><oos:valueFormat>A</oos:valueFormat><oos:rangeSet><oos:valueRange><oos:minMathNotation>greaterOrEqual</oos:minMathNotation><oos:min>80.000</oos:min></oos:valueRange></oos:rangeSet></oos:value><oos:value><oos:OKEI><oos:code>003</oos:code><oos:name>Миллиметр</oos:name></oos:OKEI><oos:valueFormat>A</oos:valueFormat><oos:rangeSet><oos:valueRange><oos:minMathNotation>greaterOrEqual</oos:minMathNotation><oos:min>75.000</oos:min><oos:maxMathNotation>less</oos:maxMathNotation><oos:max>80.00</oos:max></oos:valueRange></oos:rangeSet></oos:value><oos:value><oos:OKEI><oos:code>003</oos:code><oos:name>Миллиметр</oos:name></oos:OKEI><oos:valueFormat>A</oos:valueFormat><oos:rangeSet><oos:valueRange><oos:minMathNotation>greaterOrEqual</oos:minMathNotation><oos:min>70.000</oos:min><oos:maxMathNotation>less</oos:maxMathNotation><oos:max>75.00</oos:max></oos:valueRange></oos:rangeSet></oos:value><oos:value><oos:OKEI><oos:code>003</oos:code><oos:name>Миллиметр</oos:name></oos:OKEI><oos:valueFormat>A</oos:valueFormat><oos:rangeSet><oos:valueRange><oos:minMathNotation>greaterOrEqual</oos:minMathNotation><oos:min>65.000</oos:min><oos:maxMathNotation>less</oos:maxMathNotation><oos:max>70.00</oos:max></oos:valueRange></oos:rangeSet></oos:value><oos:value><oos:OKEI><oos:code>003</oos:code><oos:name>Миллиметр</oos:name></oos:OKEI><oos:valueFormat>A</oos:valueFormat><oos:rangeSet><oos:valueRange><oos:minMathNotation>greaterOrEqual</oos:minMathNotation><oos:min>55.000</oos:min><oos:maxMathNotation>less</oos:maxMathNotation><oos:max>65.00</oos:max></oos:valueRange></oos:rangeSet></oos:value><oos:value><oos:OKEI><oos:code>003</oos:code><oos:name>Миллиметр</oos:name></oos:OKEI><oos:valueFormat>A</oos:valueFormat><oos:rangeSet><oos:valueRange><oos:minMathNotation>greaterOrEqual</oos:minMathNotation><oos:min>50.000</oos:min><oos:maxMathNotation>less</oos:maxMathNotation><oos:max>55.00</oos:max></oos:valueRange></oos:rangeSet></oos:value><oos:value><oos:OKEI><oos:code>003</oos:code><oos:name>Миллиметр</oos:name></oos:OKEI><oos:valueFormat>A</oos:valueFormat><oos:rangeSet><oos:valueRange><oos:minMathNotation>greaterOrEqual</oos:minMathNotation><oos:min>45.000</oos:min><oos:maxMathNotation>less</oos:maxMathNotation><oos:max>50.00</oos:max></oos:valueRange></oos:rangeSet></oos:value><oos:value><oos:OKEI><oos:code>003</oos:code><oos:name>Миллиметр</oos:name></oos:OKEI><oos:valueFormat>A</oos:valueFormat><oos:rangeSet><oos:valueRange><oos:minMathNotation>greaterOrEqual</oos:minMathNotation><oos:min>40.000</oos:min><oos:maxMathNotation>less</oos:maxMathNotation><oos:max>45.00</oos:max></oos:valueRange></oos:rangeSet></oos:value><oos:value><oos:OKEI><oos:code>003</oos:code><oos:name>Миллиметр</oos:name></oos:OKEI><oos:valueFormat>A</oos:valueFormat><oos:rangeSet><oos:valueRange><oos:maxMathNotation>less</oos:maxMathNotation><oos:max>40.00</oos:max></oos:valueRange></oos:rangeSet></oos:value></oos:values></oos:characteristic></oos:characteristics><oos:rubricators><oos:rubricatorInfo><oos:name>Бумага и канцелярские товары</oos:name></oos:rubricatorInfo></oos:rubricators><oos:isTemplate>false</oos:isTemplate><oos:parentPositionInfo><oos:code>17.12.14.160-00000008</oos:code><oos:version>1</oos:version></oos:parentPositionInfo><oos:noNewFeatures>false</oos:noNewFeatures></oos:data></oos:position><oos:position><oos:data><oos:code>17.12.14.160-00000007</oos:code><oos:version>2</oos:version><oos:inclusionDate>2021-04-05T12:50:57+03:00</oos:inclusionDate><oos:publishDate>2021-04-05T13:00:55+03:00</oos:publishDate><oos:name>Бумага для аппаратов и приборов, кроме факса</oos:name><oos:OKPD2><oos:code>17.12.14.160</oos:code><oos:name>Бумага для аппаратов и приборов</oos:name></oos:OKPD2><oos:actual>true</oos:actual><oos:applicationDateStart>2021-06-15T00:00:00+03:00</oos:applicationDateStart><oos:OKEIs><oos:OKEI><oos:code>736</oos:code><oos:name>Рулон</oos:name></oos:OKEI></oos:OKEIs><oos:NSI><oos:standarts><oos:standart><oos:docName>ГОСТ Р 58079-2018 Бумага термочувствительная для печатающих устройств. Общие технические условия</oos:docName></oos:standart><oos:standart><oos:docName>ГОСТ Р ИСО 12625-1-2013 Тонкая бумага и изделия из нее. Часть 1. Термины и определения</oos:docName></oos:standart></oos:standarts><oos:classifiers><oos:classifier><oos:name>Общероссийский классификатор продукции по видам экономической деятельности (ОКПД2)</oos:name><oos:values><oos:value><oos:code>17.12.14.160</oos:code><oos:name>Бумага для аппаратов и приборов</oos:name></oos:value></oos:values></oos:classifier></oos:classifiers></oos:NSI><oos:characteristics><oos:characteristic><oos:code>a8a52b7d-f</oos:code><oos:name>Вид товара</oos:name><oos:type>1</oos:type><oos:kind>2</oos:kind><oos:actual>true</oos:actual><oos:isRequired>true</oos:isRequired><oos:choiceType>2</oos:choiceType><oos:values><oos:value><oos:qualityDescription>Чековая лента</oos:qualityDescription></oos:value><oos:value><oos:qualityDescription>Ролик</oos:qualityDescription></oos:value></oos:values></oos:characteristic><oos:characteristic><oos:code>08a6f4c9-3</oos:code><oos:name>Тип бумаги</oos:name><oos:type>1</oos:type><oos:kind>2</oos:kind><oos:actual>true</oos:actual><oos:isRequired>true</oos:isRequired><oos:choiceType>2</oos:choiceType><oos:values><oos:value><oos:qualityDescription>Офсетная</oos:qualityDescription></oos:value><oos:value><oos:qualityDescription>Термобумага</oos:qualityDescription></oos:value></oos:values></oos:characteristic><oos:characteristic><oos:code>24331ef5-b</oos:code><oos:name>Расположение термослоя</oos:name><oos:type>1</oos:type><oos:kind>2</oos:kind><oos:actual>true</oos:actual><oos:isRequired>false</oos:isRequired><oos:choiceType>2</oos:choiceType><oos:values><oos:value><oos:qualityDescription>Наружное</oos:qualityDescription></oos:value><oos:value><oos:qualityDescription>Внутреннее</oos:qualityDescription></oos:value></oos:values></oos:characteristic><oos:characteristic><oos:code>524f73d8-a</oos:code><oos:name>Назначение</oos:name><oos:type>1</oos:type><oos:kind>2</oos:kind><oos:actual>true</oos:actual><oos:isRequired>true</oos:isRequired><oos:choiceType>2</oos:choiceType><oos:values><oos:value><oos:qualityDescription>Для систем электронной очереди</oos:qualityDescription></oos:value><oos:value><oos:qualityDescription>Для платежных терминалов</oos:qualityDescription></oos:value><oos:value><oos:qualityDescription>Для калькуляторов</oos:qualityDescription></oos:value><oos:value><oos:qualityDescription>Для принтеров</oos:qualityDescription></oos:value><oos:value><oos:qualityDescription>Для банкоматов</oos:qualityDescription></oos:value><oos:value><oos:qualityDescription>Для контрольно-кассовых машин</oos:qualityDescription></oos:value></oos:values></oos:characteristic><oos:characteristic><oos:code>a44062a1-f</oos:code><oos:name>Масса бумаги площадью 1м2</oos:name><oos:type>2</oos:type><oos:kind>2</oos:kind><oos:actual>true</oos:actual><oos:isRequired>true</oos:isRequired><oos:choiceType>2</oos:choiceType><oos:values><oos:value><oos:OKEI><oos:code>163</oos:code><oos:name>Грамм</oos:name></oos:OKEI><oos:valueFormat>A</oos:valueFormat><oos:rangeSet><oos:valueRange><oos:minMathNotation>greaterOrEqual</oos:minMathNotation><oos:min>70.000</oos:min></oos:valueRange></oos:rangeSet></oos:value><oos:value><oos:OKEI><oos:code>163</oos:code><oos:name>Грамм</oos:name></oos:OKEI><oos:valueFormat>A</oos:valueFormat><oos:rangeSet><oos:valueRange><oos:minMathNotation>greaterOrEqual</oos:minMathNotation><oos:min>65.000</oos:min><oos:maxMathNotation>less</oos:maxMathNotation><oos:max>70.00</oos:max></oos:valueRange></oos:rangeSet></oos:value><oos:value><oos:OKEI><oos:code>163</oos:code><oos:name>Грамм</oos:name></oos:OKEI><oos:valueFormat>A</oos:valueFormat><oos:rangeSet><oos:valueRange><oos:minMathNotation>greaterOrEqual</oos:minMathNotation><oos:min>60.000</oos:min><oos:maxMathNotation>less</oos:maxMathNotation><oos:max>65.00</oos:max></oos:valueRange></oos:rangeSet></oos:value><oos:value><oos:OKEI><oos:code>163</oos:code><oos:name>Грамм</oos:name></oos:OKEI><oos:valueFormat>A</oos:valueFormat><oos:rangeSet><oos:valueRange><oos:minMathNotation>greaterOrEqual</oos:minMathNotation><oos:min>55.000</oos:min><oos:maxMathNotation>less</oos:maxMathNotation><oos:max>60.00</oos:max></oos:valueRange></oos:rangeSet></oos:value><oos:value><oos:OKEI><oos:code>163</oos:code><oos:name>Грамм</oos:name></oos:OKEI><oos:valueFormat>A</oos:valueFormat><oos:rangeSet><oos:valueRange><oos:minMathNotation>greaterOrEqual</oos:minMathNotation><oos:min>50.000</oos:min><oos:maxMathNotation>less</oos:maxMathNotation><oos:max>55.00</oos:max></oos:valueRange></oos:rangeSet></oos:value><oos:value><oos:OKEI><oos:code>163</oos:code><oos:name>Грамм</oos:name></oos:OKEI><oos:valueFormat>A</oos:valueFormat><oos:rangeSet><oos:valueRange><oos:minMathNotation>greaterOrEqual</oos:minMathNotation><oos:min>45.000</oos:min><oos:maxMathNotation>less</oos:maxMathNotation><oos:max>50.00</oos:max></oos:valueRange></oos:rangeSet></oos:value><oos:value><oos:OKEI><oos:code>163</oos:code><oos:name>Грамм</oos:name></oos:OKEI><oos:valueFormat>A</oos:valueFormat><oos:rangeSet><oos:valueRange><oos:minMathNotation>greaterOrEqual</oos:minMathNotation><oos:min>40.000</oos:min><oos:maxMathNotation>less</oos:maxMathNotation><oos:max>45.00</oos:max></oos:valueRange></oos:rangeSet></oos:value></oos:values></oos:characteristic><oos:characteristic><oos:code>b9d9ba88-a</oos:code><oos:name>Наличие перфорации</oos:name><oos:type>1</oos:type><oos:kind>2</oos:kind><oos:actual>true</oos:actual><oos:isRequired>false</oos:isRequired><oos:choiceType>2</oos:choiceType><oos:values><oos:value><oos:qualityDescription>Нет</oos:qualityDescription></oos:value><oos:value><oos:qualityDescription>Да</oos:qualityDescription></oos:value></oos:values></oos:characteristic><oos:characteristic><oos:code>726c9a4a-6</oos:code><oos:name>Количество слоев бумаги</oos:name><oos:type>1</oos:type><oos:kind>2</oos:kind><oos:actual>true</oos:actual><oos:isRequired>false</oos:isRequired><oos:choiceType>2</oos:choiceType><oos:values><oos:value><oos:qualityDescription>1</oos:qualityDescription></oos:value><oos:value><oos:qualityDescription>2</oos:qualityDescription></oos:value></oos:values></oos:characteristic><oos:characteristic><oos:code>c7e906c7-0</oos:code><oos:name>Диаметр втулки</oos:name><oos:type>2</oos:type><oos:kind>2</oos:kind><oos:actual>true</oos:actual><oos:isRequired>false</oos:isRequired><oos:choiceType>2</oos:choiceType><oos:values><oos:value><oos:OKEI><oos:code>003</oos:code><oos:name>Миллиметр</oos:name></oos:OKEI><oos:valueFormat>A</oos:valueFormat><oos:rangeSet><oos:valueRange><oos:minMathNotation>greaterOrEqual</oos:minMathNotation><oos:min>75.000</oos:min></oos:valueRange></oos:rangeSet></oos:value><oos:value><oos:OKEI><oos:code>003</oos:code><oos:name>Миллиметр</oos:name></oos:OKEI><oos:valueFormat>A</oos:valueFormat><oos:rangeSet><oos:valueRange><oos:minMathNotation>greaterOrEqual</oos:minMathNotation><oos:min>70.000</oos:min><oos:maxMathNotation>less</oos:maxMathNotation><oos:max>75.00</oos:max></oos:valueRange></oos:rangeSet></oos:value><oos:value><oos:OKEI><oos:code>003</oos:code><oos:name>Миллиметр</oos:name></oos:OKEI><oos:valueFormat>A</oos:valueFormat><oos:rangeSet><oos:valueRange><oos:minMathNotation>greaterOrEqual</oos:minMathNotation><oos:min>65.000</oos:min><oos:maxMathNotation>less</oos:maxMathNotation><oos:max>70.00</oos:max></oos:valueRange></oos:rangeSet></oos:value><oos:value><oos:OKEI><oos:code>003</oos:code><oos:name>Миллиметр</oos:name></oos:OKEI><oos:valueFormat>A</oos:valueFormat><oos:rangeSet><oos:valueRange><oos:minMathNotation>greaterOrEqual</oos:minMathNotation><oos:min>55.000</oos:min><oos:maxMathNotation>less</oos:maxMathNotation><oos:max>60.00</oos:max></oos:valueRange></oos:rangeSet></oos:value><oos:value><oos:OKEI><oos:code>003</oos:code><oos:name>Миллиметр</oos:name></oos:OKEI><oos:valueFormat>A</oos:valueFormat><oos:rangeSet><oos:valueRange><oos:minMathNotation>greaterOrEqual</oos:minMathNotation><oos:min>50.000</oos:min><oos:maxMathNotation>less</oos:maxMathNotation><oos:max>55.00</oos:max></oos:valueRange></oos:rangeSet></oos:value><oos:value><oos:OKEI><oos:code>003</oos:code><oos:name>Миллиметр</oos:name></oos:OKEI><oos:valueFormat>A</oos:valueFormat><oos:rangeSet><oos:valueRange><oos:minMathNotation>greaterOrEqual</oos:minMathNotation><oos:min>45.000</oos:min><oos:maxMathNotation>less</oos:maxMathNotation><oos:max>50.00</oos:max></oos:valueRange></oos:rangeSet></oos:value><oos:value><oos:OKEI><oos:code>003</oos:code><oos:name>Миллиметр</oos:name></oos:OKEI><oos:valueFormat>A</oos:valueFormat><oos:rangeSet><oos:valueRange><oos:minMathNotation>greaterOrEqual</oos:minMathNotation><oos:min>40.000</oos:min><oos:maxMathNotation>less</oos:maxMathNotation><oos:max>45.00</oos:max></oos:valueRange></oos:rangeSet></oos:value><oos:value><oos:OKEI><oos:code>003</oos:code><oos:name>Миллиметр</oos:name></oos:OKEI><oos:valueFormat>A</oos:valueFormat><oos:rangeSet><oos:valueRange><oos:minMathNotation>greaterOrEqual</oos:minMathNotation><oos:min>35.000</oos:min><oos:maxMathNotation>less</oos:maxMathNotation><oos:max>40.00</oos:max></oos:valueRange></oos:rangeSet></oos:value><oos:value><oos:OKEI><oos:code>003</oos:code><oos:name>Миллиметр</oos:name></oos:OKEI><oos:valueFormat>A</oos:valueFormat><oos:rangeSet><oos:valueRange><oos:minMathNotation>greaterOrEqual</oos:minMathNotation><oos:min>30.000</oos:min><oos:maxMathNotation>less</oos:maxMathNotation><oos:max>35.00</oos:max></oos:valueRange></oos:rangeSet></oos:value><oos:value><oos:OKEI><oos:code>003</oos:code><oos:name>Миллиметр</oos:name></oos:OKEI><oos:valueFormat>A</oos:valueFormat><oos:rangeSet><oos:valueRange><oos:minMathNotation>greaterOrEqual</oos:minMathNotation><oos:min>25.000</oos:min><oos:maxMathNotation>less</oos:maxMathNotation><oos:max>30.00</oos:max></oos:valueRange></oos:rangeSet></oos:value><oos:value><oos:OKEI><oos:code>003</oos:code><oos:name>Миллиметр</oos:name></oos:OKEI><oos:valueFormat>A</oos:valueFormat><oos:rangeSet><oos:valueRange><oos:minMathNotation>greaterOrEqual</oos:minMathNotation><oos:min>20.000</oos:min><oos:maxMathNotation>less</oos:maxMathNotation><oos:max>25.00</oos:max></oos:valueRange></oos:rangeSet></oos:value><oos:value><oos:OKEI><oos:code>003</oos:code><oos:name>Миллиметр</oos:name></oos:OKEI><oos:valueFormat>A</oos:valueFormat><oos:rangeSet><oos:valueRange><oos:minMathNotation>greaterOrEqual</oos:minMathNotation><oos:min>15.000</oos:min><oos:maxMathNotation>less</oos:maxMathNotation><oos:max>20.00</oos:max></oos:valueRange></oos:rangeSet></oos:value><oos:value><oos:OKEI><oos:code>003</oos:code><oos:name>Миллиметр</oos:name></oos:OKEI><oos:valueFormat>A</oos:valueFormat><oos:rangeSet><oos:valueRange><oos:minMathNotation>greaterOrEqual</oos:minMathNotation><oos:min>12.000</oos:min><oos:maxMathNotation>less</oos:maxMathNotation><oos:max>15.00</oos:max></oos:valueRange></oos:rangeSet></oos:value><oos:value><oos:OKEI><oos:code>003</oos:code><oos:name>Миллиметр</oos:name></oos:OKEI><oos:valueFormat>A</oos:valueFormat><oos:rangeSet><oos:valueRange><oos:minMathNotation>greaterOrEqual</oos:minMathNotation><oos:min>60.000</oos:min><oos:maxMathNotation>less</oos:maxMathNotation><oos:max>65.00</oos:max></oos:valueRange></oos:rangeSet></oos:value></oos:values></oos:characteristic><oos:characteristic><oos:code>2c7ae05b-8</oos:code><oos:name>Внешний диаметр</oos:name><oos:type>2</oos:type><oos:kind>2</oos:kind><oos:actual>true</oos:actual><oos:isRequired>false</oos:isRequired><oos:choiceType>2</oos:choiceType><oos:values><oos:value><oos:OKEI><oos:code>003</oos:code><oos:name>Миллиметр</oos:name></oos:OKEI><oos:valueFormat>A</oos:valueFormat><oos:rangeSet><oos:valueRange><oos:minMathNotation>greaterOrEqual</oos:minMathNotation><oos:min>200.000</oos:min></oos:valueRange></oos:rangeSet></oos:value><oos:value><oos:OKEI><oos:code>003</oos:code><oos:name>Миллиметр</oos:name></oos:OKEI><oos:valueFormat>A</oos:valueFormat><oos:rangeSet><oos:valueRange><oos:minMathNotation>greaterOrEqual</oos:minMathNotation><oos:min>150.000</oos:min><oos:maxMathNotation>less</oos:maxMathNotation><oos:max>200.00</oos:max></oos:valueRange></oos:rangeSet></oos:value><oos:value><oos:OKEI><oos:code>003</oos:code><oos:name>Миллиметр</oos:name></oos:OKEI><oos:valueFormat>A</oos:valueFormat><oos:rangeSet><oos:valueRange><oos:minMathNotation>greaterOrEqual</oos:minMathNotation><oos:min>140.000</oos:min><oos:maxMathNotation>less</oos:maxMathNotation><oos:max>150.00</oos:max></oos:valueRange></oos:rangeSet></oos:value><oos:value><oos:OKEI><oos:code>003</oos:code><oos:name>Миллиметр</oos:name></oos:OKEI><oos:valueFormat>A</oos:valueFormat><oos:rangeSet><oos:valueRange><oos:minMathNotation>greaterOrEqual</oos:minMathNotation><oos:min>120.000</oos:min><oos:maxMathNotation>less</oos:maxMathNotation><oos:max>140.00</oos:max></oos:valueRange></oos:rangeSet></oos:value><oos:value><oos:OKEI><oos:code>003</oos:code><oos:name>Миллиметр</oos:name></oos:OKEI><oos:valueFormat>A</oos:valueFormat><oos:rangeSet><oos:valueRange><oos:minMathNotation>greaterOrEqual</oos:minMathNotation><oos:min>100.000</oos:min><oos:maxMathNotation>less</oos:maxMathNotation><oos:max>120.00</oos:max></oos:valueRange></oos:rangeSet></oos:value><oos:value><oos:OKEI><oos:code>003</oos:code><oos:name>Миллиметр</oos:name></oos:OKEI><oos:valueFormat>A</oos:valueFormat><oos:rangeSet><oos:valueRange><oos:minMathNotation>greaterOrEqual</oos:minMathNotation><oos:min>95.000</oos:min><oos:maxMathNotation>less</oos:maxMathNotation><oos:max>100.00</oos:max></oos:valueRange></oos:rangeSet></oos:value><oos:value><oos:OKEI><oos:code>003</oos:code><oos:name>Миллиметр</oos:name></oos:OKEI><oos:valueFormat>A</oos:valueFormat><oos:rangeSet><oos:valueRange><oos:minMathNotation>greaterOrEqual</oos:minMathNotation><oos:min>90.000</oos:min><oos:maxMathNotation>less</oos:maxMathNotation><oos:max>95.00</oos:max></oos:valueRange></oos:rangeSet></oos:value><oos:value><oos:OKEI><oos:code>003</oos:code><oos:name>Миллиметр</oos:name></oos:OKEI><oos:valueFormat>A</oos:valueFormat><oos:rangeSet><oos:valueRange><oos:minMathNotation>greaterOrEqual</oos:minMathNotation><oos:min>85.000</oos:min><oos:maxMathNotation>less</oos:maxMathNotation><oos:max>90.00</oos:max></oos:valueRange></oos:rangeSet></oos:value><oos:value><oos:OKEI><oos:code>003</oos:code><oos:name>Миллиметр</oos:name></oos:OKEI><oos:valueFormat>A</oos:valueFormat><oos:rangeSet><oos:valueRange><oos:minMathNotation>greaterOrEqual</oos:minMathNotation><oos:min>75.000</oos:min><oos:maxMathNotation>less</oos:maxMathNotation><oos:max>80.00</oos:max></oos:valueRange></oos:rangeSet></oos:value><oos:value><oos:OKEI><oos:code>003</oos:code><oos:name>Миллиметр</oos:name></oos:OKEI><oos:valueFormat>A</oos:valueFormat><oos:rangeSet><oos:valueRange><oos:minMathNotation>greaterOrEqual</oos:minMathNotation><oos:min>65.000</oos:min><oos:maxMathNotation>less</oos:maxMathNotation><oos:max>70.00</oos:max></oos:valueRange></oos:rangeSet></oos:value><oos:value><oos:OKEI><oos:code>003</oos:code><oos:name>Миллиметр</oos:name></oos:OKEI><oos:valueFormat>A</oos:valueFormat><oos:rangeSet><oos:valueRange><oos:minMathNotation>greaterOrEqual</oos:minMathNotation><oos:min>60.000</oos:min><oos:maxMathNotation>less</oos:maxMathNotation><oos:max>65.00</oos:max></oos:valueRange></oos:rangeSet></oos:value><oos:value><oos:OKEI><oos:code>003</oos:code><oos:name>Миллиметр</oos:name></oos:OKEI><oos:valueFormat>A</oos:valueFormat><oos:rangeSet><oos:valueRange><oos:minMathNotation>greaterOrEqual</oos:minMathNotation><oos:min>55.000</oos:min><oos:maxMathNotation>less</oos:maxMathNotation><oos:max>60.00</oos:max></oos:valueRange></oos:rangeSet></oos:value><oos:value><oos:OKEI><oos:code>003</oos:code><oos:name>Миллиметр</oos:name></oos:OKEI><oos:valueFormat>A</oos:valueFormat><oos:rangeSet><oos:valueRange><oos:minMathNotation>greaterOrEqual</oos:minMathNotation><oos:min>50.000</oos:min><oos:maxMathNotation>less</oos:maxMathNotation><oos:max>55.00</oos:max></oos:valueRange></oos:rangeSet></oos:value><oos:value><oos:OKEI><oos:code>003</oos:code><oos:name>Миллиметр</oos:name></oos:OKEI><oos:valueFormat>A</oos:valueFormat><oos:rangeSet><oos:valueRange><oos:minMathNotation>greaterOrEqual</oos:minMathNotation><oos:min>40.000</oos:min><oos:maxMathNotation>less</oos:maxMathNotation><oos:max>45.00</oos:max></oos:valueRange></oos:rangeSet></oos:value><oos:value><oos:OKEI><oos:code>003</oos:code><oos:name>Миллиметр</oos:name></oos:OKEI><oos:valueFormat>A</oos:valueFormat><oos:rangeSet><oos:valueRange><oos:minMathNotation>greaterOrEqual</oos:minMathNotation><oos:min>35.000</oos:min><oos:maxMathNotation>less</oos:maxMathNotation><oos:max>40.00</oos:max></oos:valueRange></oos:rangeSet></oos:value><oos:value><oos:OKEI><oos:code>003</oos:code><oos:name>Миллиметр</oos:name></oos:OKEI><oos:valueFormat>A</oos:valueFormat><oos:rangeSet><oos:valueRange><oos:minMathNotation>greaterOrEqual</oos:minMathNotation><oos:min>30.000</oos:min><oos:maxMathNotation>less</oos:maxMathNotation><oos:max>35.00</oos:max></oos:valueRange></oos:rangeSet></oos:value></oos:values></oos:characteristic><oos:characteristic><oos:code>3f750caf-0</oos:code><oos:name>Длина намотки рулона</oos:name><oos:type>2</oos:type><oos:kind>2</oos:kind><oos:actual>true</oos:actual><oos:isRequired>false</oos:isRequired><oos:choiceType>2</oos:choiceType><oos:values><oos:value><oos:OKEI><oos:code>006</oos:code><oos:name>Метр</oos:name></oos:OKEI><oos:valueFormat>A</oos:valueFormat><oos:rangeSet><oos:valueRange><oos:minMathNotation>greaterOrEqual</oos:minMathNotation><oos:min>240.000</oos:min></oos:valueRange></oos:rangeSet></oos:value><oos:value><oos:OKEI><oos:code>006</oos:code><oos:name>Метр</oos:name></oos:OKEI><oos:valueFormat>A</oos:valueFormat><oos:rangeSet><oos:valueRange><oos:minMathNotation>greaterOrEqual</oos:minMathNotation><oos:min>220.000</oos:min><oos:maxMathNotation>less</oos:maxMathNotation><oos:max>240.00</oos:max></oos:valueRange></oos:rangeSet></oos:value><oos:value><oos:OKEI><oos:code>006</oos:code><oos:name>Метр</oos:name></oos:OKEI><oos:valueFormat>A</oos:valueFormat><oos:rangeSet><oos:valueRange><oos:minMathNotation>greaterOrEqual</oos:minMathNotation><oos:min>180.000</oos:min><oos:maxMathNotation>less</oos:maxMathNotation><oos:max>200.00</oos:max></oos:valueRange></oos:rangeSet></oos:value><oos:value><oos:OKEI><oos:code>006</oos:code><oos:name>Метр</oos:name></oos:OKEI><oos:valueFormat>A</oos:valueFormat><oos:rangeSet><oos:valueRange><oos:minMathNotation>greaterOrEqual</oos:minMathNotation><oos:min>160.000</oos:min><oos:maxMathNotation>less</oos:maxMathNotation><oos:max>180.00</oos:max></oos:valueRange></oos:rangeSet></oos:value><oos:value><oos:OKEI><oos:code>006</oos:code><oos:name>Метр</oos:name></oos:OKEI><oos:valueFormat>A</oos:valueFormat><oos:rangeSet><oos:valueRange><oos:minMathNotation>greaterOrEqual</oos:minMathNotation><oos:min>140.000</oos:min><oos:maxMathNotation>less</oos:maxMathNotation><oos:max>160.00</oos:max></oos:valueRange></oos:rangeSet></oos:value><oos:value><oos:OKEI><oos:code>006</oos:code><oos:name>Метр</oos:name></oos:OKEI><oos:valueFormat>A</oos:valueFormat><oos:rangeSet><oos:valueRange><oos:minMathNotation>greaterOrEqual</oos:minMathNotation><oos:min>120.000</oos:min><oos:maxMathNotation>less</oos:maxMathNotation><oos:max>140.00</oos:max></oos:valueRange></oos:rangeSet></oos:value><oos:value><oos:OKEI><oos:code>006</oos:code><oos:name>Метр</oos:name></oos:OKEI><oos:valueFormat>A</oos:valueFormat><oos:rangeSet><oos:valueRange><oos:minMathNotation>greaterOrEqual</oos:minMathNotation><oos:min>100.000</oos:min><oos:maxMathNotation>less</oos:maxMathNotation><oos:max>120.00</oos:max></oos:valueRange></oos:rangeSet></oos:value><oos:value><oos:OKEI><oos:code>006</oos:code><oos:name>Метр</oos:name></oos:OKEI><oos:valueFormat>A</oos:valueFormat><oos:rangeSet><oos:valueRange><oos:minMathNotation>greaterOrEqual</oos:minMathNotation><oos:min>90.000</oos:min><oos:maxMathNotation>less</oos:maxMathNotation><oos:max>100.00</oos:max></oos:valueRange></oos:rangeSet></oos:value><oos:value><oos:OKEI><oos:code>006</oos:code><oos:name>Метр</oos:name></oos:OKEI><oos:valueFormat>A</oos:valueFormat><oos:rangeSet><oos:valueRange><oos:minMathNotation>greaterOrEqual</oos:minMathNotation><oos:min>80.000</oos:min><oos:maxMathNotation>less</oos:maxMathNotation><oos:max>90.00</oos:max></oos:valueRange></oos:rangeSet></oos:value><oos:value><oos:OKEI><oos:code>006</oos:code><oos:name>Метр</oos:name></oos:OKEI><oos:valueFormat>A</oos:valueFormat><oos:rangeSet><oos:valueRange><oos:minMathNotation>greaterOrEqual</oos:minMathNotation><oos:min>70.000</oos:min><oos:maxMathNotation>less</oos:maxMathNotation><oos:max>80.00</oos:max></oos:valueRange></oos:rangeSet></oos:value><oos:value><oos:OKEI><oos:code>006</oos:code><oos:name>Метр</oos:name></oos:OKEI><oos:valueFormat>A</oos:valueFormat><oos:rangeSet><oos:valueRange><oos:minMathNotation>greaterOrEqual</oos:minMathNotation><oos:min>60.000</oos:min><oos:maxMathNotation>less</oos:maxMathNotation><oos:max>70.00</oos:max></oos:valueRange></oos:rangeSet></oos:value><oos:value><oos:OKEI><oos:code>006</oos:code><oos:name>Метр</oos:name></oos:OKEI><oos:valueFormat>A</oos:valueFormat><oos:rangeSet><oos:valueRange><oos:minMathNotation>greaterOrEqual</oos:minMathNotation><oos:min>50.000</oos:min><oos:maxMathNotation>less</oos:maxMathNotation><oos:max>60.00</oos:max></oos:valueRange></oos:rangeSet></oos:value><oos:value><oos:OKEI><oos:code>006</oos:code><oos:name>Метр</oos:name></oos:OKEI><oos:valueFormat>A</oos:valueFormat><oos:rangeSet><oos:valueRange><oos:minMathNotation>greaterOrEqual</oos:minMathNotation><oos:min>40.000</oos:min><oos:maxMathNotation>less</oos:maxMathNotation><oos:max>50.00</oos:max></oos:valueRange></oos:rangeSet></oos:value><oos:value><oos:OKEI><oos:code>006</oos:code><oos:name>Метр</oos:name></oos:OKEI><oos:valueFormat>A</oos:valueFormat><oos:rangeSet><oos:valueRange><oos:minMathNotation>greaterOrEqual</oos:minMathNotation><oos:min>30.000</oos:min><oos:maxMathNotation>less</oos:maxMathNotation><oos:max>40.00</oos:max></oos:valueRange></oos:rangeSet></oos:value><oos:value><oos:OKEI><oos:code>006</oos:code><oos:name>Метр</oos:name></oos:OKEI><oos:valueFormat>A</oos:valueFormat><oos:rangeSet><oos:valueRange><oos:minMathNotation>greaterOrEqual</oos:minMathNotation><oos:min>20.000</oos:min><oos:maxMathNotation>less</oos:maxMathNotation><oos:max>30.00</oos:max></oos:valueRange></oos:rangeSet></oos:value><oos:value><oos:OKEI><oos:code>006</oos:code><oos:name>Метр</oos:name></oos:OKEI><oos:valueFormat>A</oos:valueFormat><oos:rangeSet><oos:valueRange><oos:minMathNotation>greaterOrEqual</oos:minMathNotation><oos:min>15.000</oos:min><oos:maxMathNotation>less</oos:maxMathNotation><oos:max>20.00</oos:max></oos:valueRange></oos:rangeSet></oos:value><oos:value><oos:OKEI><oos:code>006</oos:code><oos:name>Метр</oos:name></oos:OKEI><oos:valueFormat>A</oos:valueFormat><oos:rangeSet><oos:valueRange><oos:maxMathNotation>less</oos:maxMathNotation><oos:max>15.00</oos:max></oos:valueRange></oos:rangeSet></oos:value><oos:value><oos:OKEI><oos:code>006</oos:code><oos:name>Метр</oos:name></oos:OKEI><oos:valueFormat>A</oos:valueFormat><oos:rangeSet><oos:valueRange><oos:minMathNotation>greaterOrEqual</oos:minMathNotation><oos:min>200.000</oos:min><oos:maxMathNotation>less</oos:maxMathNotation><oos:max>220.00</oos:max></oos:valueRange></oos:rangeSet></oos:value></oos:values></oos:characteristic><oos:characteristic><oos:code>88609e54-8</oos:code><oos:name>Ширина рулона</oos:name><oos:type>2</oos:type><oos:kind>2</oos:kind><oos:actual>true</oos:actual><oos:isRequired>false</oos:isRequired><oos:choiceType>2</oos:choiceType><oos:values><oos:value><oos:OKEI><oos:code>003</oos:code><oos:name>Миллиметр</oos:name></oos:OKEI><oos:valueFormat>A</oos:valueFormat><oos:rangeSet><oos:valueRange><oos:minMathNotation>greaterOrEqual</oos:minMathNotation><oos:min>250.000</oos:min><oos:maxMathNotation>less</oos:maxMathNotation><oos:max>450.00</oos:max></oos:valueRange></oos:rangeSet></oos:value><oos:value><oos:OKEI><oos:code>003</oos:code><oos:name>Миллиметр</oos:name></oos:OKEI><oos:valueFormat>A</oos:valueFormat><oos:rangeSet><oos:valueRange><oos:minMathNotation>greaterOrEqual</oos:minMathNotation><oos:min>220.000</oos:min><oos:maxMathNotation>less</oos:maxMathNotation><oos:max>250.00</oos:max></oos:valueRange></oos:rangeSet></oos:value><oos:value><oos:OKEI><oos:code>003</oos:code><oos:name>Миллиметр</oos:name></oos:OKEI><oos:valueFormat>A</oos:valueFormat><oos:rangeSet><oos:valueRange><oos:minMathNotation>greaterOrEqual</oos:minMathNotation><oos:min>120.000</oos:min><oos:maxMathNotation>less</oos:maxMathNotation><oos:max>220.00</oos:max></oos:valueRange></oos:rangeSet></oos:value><oos:value><oos:OKEI><oos:code>003</oos:code><oos:name>Миллиметр</oos:name></oos:OKEI><oos:valueFormat>A</oos:valueFormat><oos:rangeSet><oos:valueRange><oos:minMathNotation>greaterOrEqual</oos:minMathNotation><oos:min>100.000</oos:min><oos:maxMathNotation>less</oos:maxMathNotation><oos:max>120.00</oos:max></oos:valueRange></oos:rangeSet></oos:value><oos:value><oos:OKEI><oos:code>003</oos:code><oos:name>Миллиметр</oos:name></oos:OKEI><oos:valueFormat>A</oos:valueFormat><oos:rangeSet><oos:valueRange><oos:minMathNotation>greaterOrEqual</oos:minMathNotation><oos:min>90.000</oos:min><oos:maxMathNotation>less</oos:maxMathNotation><oos:max>100.00</oos:max></oos:valueRange></oos:rangeSet></oos:value><oos:value><oos:OKEI><oos:code>003</oos:code><oos:name>Миллиметр</oos:name></oos:OKEI><oos:valueFormat>A</oos:valueFormat><oos:rangeSet><oos:valueRange><oos:minMathNotation>greaterOrEqual</oos:minMathNotation><oos:min>80.000</oos:min><oos:maxMathNotation>less</oos:maxMathNotation><oos:max>90.00</oos:max></oos:valueRange></oos:rangeSet></oos:value><oos:value><oos:OKEI><oos:code>003</oos:code><oos:name>Миллиметр</oos:name></oos:OKEI><oos:valueFormat>A</oos:valueFormat><oos:rangeSet><oos:valueRange><oos:minMathNotation>greaterOrEqual</oos:minMathNotation><oos:min>70.000</oos:min><oos:maxMathNotation>less</oos:maxMathNotation><oos:max>80.00</oos:max></oos:valueRange></oos:rangeSet></oos:value><oos:value><oos:OKEI><oos:code>003</oos:code><oos:name>Миллиметр</oos:name></oos:OKEI><oos:valueFormat>A</oos:valueFormat><oos:rangeSet><oos:valueRange><oos:minMathNotation>greaterOrEqual</oos:minMathNotation><oos:min>60.000</oos:min><oos:maxMathNotation>less</oos:maxMathNotation><oos:max>70.00</oos:max></oos:valueRange></oos:rangeSet></oos:value><oos:value><oos:OKEI><oos:code>003</oos:code><oos:name>Миллиметр</oos:name></oos:OKEI><oos:valueFormat>A</oos:valueFormat><oos:rangeSet><oos:valueRange><oos:minMathNotation>greaterOrEqual</oos:minMathNotation><oos:min>55.000</oos:min><oos:maxMathNotation>less</oos:maxMathNotation><oos:max>60.00</oos:max></oos:valueRange></oos:rangeSet></oos:value><oos:value><oos:OKEI><oos:code>003</oos:code><oos:name>Миллиметр</oos:name></oos:OKEI><oos:valueFormat>A</oos:valueFormat><oos:rangeSet><oos:valueRange><oos:minMathNotation>greaterOrEqual</oos:minMathNotation><oos:min>50.000</oos:min><oos:maxMathNotation>less</oos:maxMathNotation><oos:max>55.00</oos:max></oos:valueRange></oos:rangeSet></oos:value><oos:value><oos:OKEI><oos:code>003</oos:code><oos:name>Миллиметр</oos:name></oos:OKEI><oos:valueFormat>A</oos:valueFormat><oos:rangeSet><oos:valueRange><oos:minMathNotation>greaterOrEqual</oos:minMathNotation><oos:min>45.000</oos:min><oos:maxMathNotation>less</oos:maxMathNotation><oos:max>50.00</oos:max></oos:valueRange></oos:rangeSet></oos:value><oos:value><oos:OKEI><oos:code>003</oos:code><oos:name>Миллиметр</oos:name></oos:OKEI><oos:valueFormat>A</oos:valueFormat><oos:rangeSet><oos:valueRange><oos:minMathNotation>greaterOrEqual</oos:minMathNotation><oos:min>40.000</oos:min><oos:maxMathNotation>less</oos:maxMathNotation><oos:max>45.00</oos:max></oos:valueRange></oos:rangeSet></oos:value><oos:value><oos:OKEI><oos:code>003</oos:code><oos:name>Миллиметр</oos:name></oos:OKEI><oos:valueFormat>A</oos:valueFormat><oos:rangeSet><oos:valueRange><oos:minMathNotation>greaterOrEqual</oos:minMathNotation><oos:min>30.000</oos:min><oos:maxMathNotation>less</oos:maxMathNotation><oos:max>40.00</oos:max></oos:valueRange></oos:rangeSet></oos:value><oos:value><oos:OKEI><oos:code>003</oos:code><oos:name>Миллиметр</oos:name></oos:OKEI><oos:valueFormat>A</oos:valueFormat><oos:rangeSet><oos:valueRange><oos:maxMathNotation>less</oos:maxMathNotation><oos:max>30.00</oos:max></oos:valueRange></oos:rangeSet></oos:value></oos:values></oos:characteristic><oos:characteristic><oos:code>2efa944b-e</oos:code><oos:name>Длина талона</oos:name><oos:type>2</oos:type><oos:kind>2</oos:kind><oos:actual>true</oos:actual><oos:isRequired>false</oos:isRequired><oos:choiceType>2</oos:choiceType><oos:values><oos:value><oos:OKEI><oos:code>003</oos:code><oos:name>Миллиметр</oos:name></oos:OKEI><oos:valueFormat>A</oos:valueFormat><oos:rangeSet><oos:valueRange><oos:minMathNotation>greaterOrEqual</oos:minMathNotation><oos:min>80.000</oos:min></oos:valueRange></oos:rangeSet></oos:value><oos:value><oos:OKEI><oos:code>003</oos:code><oos:name>Миллиметр</oos:name></oos:OKEI><oos:valueFormat>A</oos:valueFormat><oos:rangeSet><oos:valueRange><oos:minMathNotation>greaterOrEqual</oos:minMathNotation><oos:min>75.000</oos:min><oos:maxMathNotation>less</oos:maxMathNotation><oos:max>80.00</oos:max></oos:valueRange></oos:rangeSet></oos:value><oos:value><oos:OKEI><oos:code>003</oos:code><oos:name>Миллиметр</oos:name></oos:OKEI><oos:valueFormat>A</oos:valueFormat><oos:rangeSet><oos:valueRange><oos:minMathNotation>greaterOrEqual</oos:minMathNotation><oos:min>70.000</oos:min><oos:maxMathNotation>less</oos:maxMathNotation><oos:max>75.00</oos:max></oos:valueRange></oos:rangeSet></oos:value><oos:value><oos:OKEI><oos:code>003</oos:code><oos:name>Миллиметр</oos:name></oos:OKEI><oos:valueFormat>A</oos:valueFormat><oos:rangeSet><oos:valueRange><oos:minMathNotation>greaterOrEqual</oos:minMathNotation><oos:min>65.000</oos:min><oos:maxMathNotation>less</oos:maxMathNotation><oos:max>70.00</oos:max></oos:valueRange></oos:rangeSet></oos:value><oos:value><oos:OKEI><oos:code>003</oos:code><oos:name>Миллиметр</oos:name></oos:OKEI><oos:valueFormat>A</oos:valueFormat><oos:rangeSet><oos:valueRange><oos:minMathNotation>greaterOrEqual</oos:minMathNotation><oos:min>55.000</oos:min><oos:maxMathNotation>less</oos:maxMathNotation><oos:max>65.00</oos:max></oos:valueRange></oos:rangeSet></oos:value><oos:value><oos:OKEI><oos:code>003</oos:code><oos:name>Миллиметр</oos:name></oos:OKEI><oos:valueFormat>A</oos:valueFormat><oos:rangeSet><oos:valueRange><oos:minMathNotation>greaterOrEqual</oos:minMathNotation><oos:min>50.000</oos:min><oos:maxMathNotation>less</oos:maxMathNotation><oos:max>55.00</oos:max></oos:valueRange></oos:rangeSet></oos:value><oos:value><oos:OKEI><oos:code>003</oos:code><oos:name>Миллиметр</oos:name></oos:OKEI><oos:valueFormat>A</oos:valueFormat><oos:rangeSet><oos:valueRange><oos:minMathNotation>greaterOrEqual</oos:minMathNotation><oos:min>45.000</oos:min><oos:maxMathNotation>less</oos:maxMathNotation><oos:max>50.00</oos:max></oos:valueRange></oos:rangeSet></oos:value><oos:value><oos:OKEI><oos:code>003</oos:code><oos:name>Миллиметр</oos:name></oos:OKEI><oos:valueFormat>A</oos:valueFormat><oos:rangeSet><oos:valueRange><oos:minMathNotation>greaterOrEqual</oos:minMathNotation><oos:min>40.000</oos:min><oos:maxMathNotation>less</oos:maxMathNotation><oos:max>45.00</oos:max></oos:valueRange></oos:rangeSet></oos:value><oos:value><oos:OKEI><oos:code>003</oos:code><oos:name>Миллиметр</oos:name></oos:OKEI><oos:valueFormat>A</oos:valueFormat><oos:rangeSet><oos:valueRange><oos:maxMathNotation>less</oos:maxMathNotation><oos:max>40.00</oos:max></oos:valueRange></oos:rangeSet></oos:value></oos:values></oos:characteristic></oos:characteristics><oos:rubricators><oos:rubricatorInfo><oos:name>Бумага и канцелярские товары</oos:name></oos:rubricatorInfo></oos:rubricators><oos:isTemplate>false</oos:isTemplate><oos:parentPositionInfo><oos:code>17.12.14.160-00000008</oos:code><oos:version>2</oos:version></oos:parentPositionInfo><oos:noNewFeatures>false</oos:noNewFeatures></oos:data></oos:position></nsiKTRUs></export>