<?xml version="1.0" encoding="UTF-8"?><export xmlns:xsi="http://www.w3.org/2001/XMLSchema-instance" xmlns="http://zakupki.gov.ru/oos/export/1" xmlns:oos="http://zakupki.gov.ru/oos/types/1"><nsiOffBudgetList><nsiOffBudget><oos:code>11</oos:code><oos:name>внебюджетные средства получателей средств федерального бюджета</oos:name><oos:subsystemType>FZ94</oos:subsystemType><oos:actual>true</oos:actual></nsiOffBudget><nsiOffBudget><oos:code>12</oos:code><oos:name>внебюджетные средства получателей средств субъекта Российской Федерации</oos:name><oos:subsystemType>FZ94</oos:subsystemType><oos:actual>true</oos:actual></nsiOffBudget><nsiOffBudget><oos:code>13</oos:code><oos:name>внебюджетные средства получателей средств местного бюджета</oos:name><oos:subsystemType>FZ94</oos:subsystemType><oos:actual>true</oos:actual></nsiOffBudget><nsiOffBudget><oos:code>14</oos:code><oos:name>внебюджетные средства Пенсионного фонда Российской Федерации</oos:name><oos:subsystemType>FZ94</oos:subsystemType><oos:actual>true</oos:actual></nsiOffBudget><nsiOffBudget><oos:code>15</oos:code><oos:name>внебюджетные средства Федерального фонда обязательного медицинского страхования</oos:name><oos:subsystemType>FZ94</oos:subsystemType><oos:actual>true</oos:actual></nsiOffBudget><nsiOffBudget><oos:code>16</oos:code><oos:name>внебюджетные средства Фонда социального страхования Российской Федерации</oos:name><oos:subsystemType>FZ94</oos:subsystemType><oos:actual>true</oos:actual></nsiOffBudget><nsiOffBudget><oos:code>17</oos:code><oos:name>внебюджетные средства территориального государственного внебюджетного фонда</oos:name><oos:subsystemType>FZ94</oos:subsystemType><oos:actual>true</oos:actual></nsiOffBudget><nsiOffBudget><oos:code>18</oos:code><oos:name>средства бюджетных учреждений</oos:name><oos:subsystemType>FZ94</oos:subsystemType><oos:actual>false</oos:actual></nsiOffBudget><nsiOffBudget><oos:code>18</oos:code><oos:name>Субсидии</oos:name><oos:subsystemType>FZ44</oos:subsystemType><oos:actual>false</oos:actual></nsiOffBudget><nsiOffBudget><oos:code>19</oos:code><oos:name>Средства бюджетных учреждений от приносящей доход деятельности</oos:name><oos:subsystemType>FZ44</oos:subsystemType><oos:actual>false</oos:actual></nsiOffBudget><nsiOffBudget><oos:code>20</oos:code><oos:name>Гранты</oos:name><oos:subsystemType>FZ44</oos:subsystemType><oos:actual>false</oos:actual></nsiOffBudget><nsiOffBudget><oos:code>21</oos:code><oos:name>Инвестиции</oos:name><oos:subsystemType>FZ44</oos:subsystemType><oos:actual>false</oos:actual></nsiOffBudget><nsiOffBudget><oos:code>22</oos:code><oos:name>Иные источники финансового обеспечения</oos:name><oos:subsystemType>FZ44</oos:subsystemType><oos:actual>false</oos:actual></nsiOffBudget><nsiOffBudget><oos:code>0</oos:code><oos:name>Не заполняется</oos:name><oos:subsystemType>FZ44</oos:subsystemType><oos:actual>false</oos:actual></nsiOffBudget><nsiOffBudget><oos:code>21</oos:code><oos:name>Средства бюджетных учреждений</oos:name><oos:subsystemType>FZ44</oos:subsystemType><oos:actual>false</oos:actual></nsiOffBudget><nsiOffBudget><oos:code>22</oos:code><oos:name>Средства автономных учреждений</oos:name><oos:subsystemType>FZ44</oos:subsystemType><oos:actual>false</oos:actual></nsiOffBudget><nsiOffBudget><oos:code>23</oos:code><oos:name>Средства государственных (муниципальных) унитарных предприятий</oos:name><oos:subsystemType>FZ44</oos:subsystemType><oos:actual>false</oos:actual></nsiOffBudget><nsiOffBudget><oos:code>24</oos:code><oos:name>Средства юридических лиц, не являющихся государственными или муниципальными учреждениями, государственными или муниципальными унитарными предприятиями</oos:name><oos:subsystemType>FZ44</oos:subsystemType><oos:actual>false</oos:actual></nsiOffBudget><nsiOffBudget><oos:code>60</oos:code><oos:name>Средства бюджетных учреждений</oos:name><oos:subsystemType>FZ44</oos:subsystemType><oos:actual>true</oos:actual></nsiOffBudget><nsiOffBudget><oos:code>70</oos:code><oos:name>Средства автономных учреждений</oos:name><oos:subsystemType>FZ44</oos:subsystemType><oos:actual>true</oos:actual></nsiOffBudget><nsiOffBudget><oos:code>80</oos:code><oos:name>Средства государственных (муниципальных) унитарных предприятий</oos:name><oos:subsystemType>FZ44</oos:subsystemType><oos:actual>true</oos:actual></nsiOffBudget><nsiOffBudget><oos:code>90</oos:code><oos:name>Средства юридических лиц, не являющихся государственными или муниципальными учреждениями, государственными или муниципальными унитарными предприятиями</oos:name><oos:subsystemType>FZ44</oos:subsystemType><oos:actual>true</oos:actual></nsiOffBudget></nsiOffBudgetList></export>