<?xml version="1.0" encoding="UTF-8"?><export xmlns:xsi="http://www.w3.org/2001/XMLSchema-instance" xmlns="http://zakupki.gov.ru/oos/export/1" xmlns:oos="http://zakupki.gov.ru/oos/types/1"><nsiContractCurrencyCBRF><nsiContractCurrencyCBRF><oos:currency><oos:code>AUD</oos:code><oos:digitalCode>036</oos:digitalCode><oos:name>Австралийский доллар</oos:name></oos:currency><oos:actual>true</oos:actual></nsiContractCurrencyCBRF><nsiContractCurrencyCBRF><oos:currency><oos:code>AZN</oos:code><oos:digitalCode>944</oos:digitalCode><oos:name>Азербайджанский манат</oos:name></oos:currency><oos:actual>true</oos:actual></nsiContractCurrencyCBRF><nsiContractCurrencyCBRF><oos:currency><oos:code>AMD</oos:code><oos:digitalCode>051</oos:digitalCode><oos:name>Армянский драм</oos:name></oos:currency><oos:actual>true</oos:actual></nsiContractCurrencyCBRF><nsiContractCurrencyCBRF><oos:currency><oos:code>BYR</oos:code><oos:digitalCode>974</oos:digitalCode><oos:name>Белорусский рубль</oos:name></oos:currency><oos:actual>true</oos:actual></nsiContractCurrencyCBRF><nsiContractCurrencyCBRF><oos:currency><oos:code>BGN</oos:code><oos:digitalCode>975</oos:digitalCode><oos:name>Болгарский лев</oos:name></oos:currency><oos:actual>true</oos:actual></nsiContractCurrencyCBRF><nsiContractCurrencyCBRF><oos:currency><oos:code>BRL</oos:code><oos:digitalCode>986</oos:digitalCode><oos:name>Бразильский реал</oos:name></oos:currency><oos:actual>true</oos:actual></nsiContractCurrencyCBRF><nsiContractCurrencyCBRF><oos:currency><oos:code>HUF</oos:code><oos:digitalCode>348</oos:digitalCode><oos:name>Форинт</oos:name></oos:currency><oos:actual>true</oos:actual></nsiContractCurrencyCBRF><nsiContractCurrencyCBRF><oos:currency><oos:code>KRW</oos:code><oos:digitalCode>410</oos:digitalCode><oos:name>Вона</oos:name></oos:currency><oos:actual>true</oos:actual></nsiContractCurrencyCBRF><nsiContractCurrencyCBRF><oos:currency><oos:code>DKK</oos:code><oos:digitalCode>208</oos:digitalCode><oos:name>Датская крона</oos:name></oos:currency><oos:actual>true</oos:actual></nsiContractCurrencyCBRF><nsiContractCurrencyCBRF><oos:currency><oos:code>USD</oos:code><oos:digitalCode>840</oos:digitalCode><oos:name>Доллар США</oos:name></oos:currency><oos:actual>true</oos:actual></nsiContractCurrencyCBRF><nsiContractCurrencyCBRF><oos:currency><oos:code>EUR</oos:code><oos:digitalCode>978</oos:digitalCode><oos:name>Евро</oos:name></oos:currency><oos:actual>true</oos:actual></nsiContractCurrencyCBRF><nsiContractCurrencyCBRF><oos:currency><oos:code>INR</oos:code><oos:digitalCode>356</oos:digitalCode><oos:name>Индийская рупия</oos:name></oos:currency><oos:actual>true</oos:actual></nsiContractCurrencyCBRF><nsiContractCurrencyCBRF><oos:currency><oos:code>KZT</oos:code><oos:digitalCode>398</oos:digitalCode><oos:name>Тенге</oos:name></oos:currency><oos:actual>true</oos:actual></nsiContractCurrencyCBRF><nsiContractCurrencyCBRF><oos:currency><oos:code>CAD</oos:code><oos:digitalCode>124</oos:digitalCode><oos:name>Канадский доллар</oos:name></oos:currency><oos:actual>true</oos:actual></nsiContractCurrencyCBRF><nsiContractCurrencyCBRF><oos:currency><oos:code>KGS</oos:code><oos:digitalCode>417</oos:digitalCode><oos:name>Сом</oos:name></oos:currency><oos:actual>true</oos:actual></nsiContractCurrencyCBRF><nsiContractCurrencyCBRF><oos:currency><oos:code>CNY</oos:code><oos:digitalCode>156</oos:digitalCode><oos:name>Юань</oos:name></oos:currency><oos:actual>true</oos:actual></nsiContractCurrencyCBRF><nsiContractCurrencyCBRF><oos:currency><oos:code>LTL</oos:code><oos:digitalCode>440</oos:digitalCode><oos:name>Литовский лит</oos:name></oos:currency><oos:actual>true</oos:actual></nsiContractCurrencyCBRF><nsiContractCurrencyCBRF><oos:currency><oos:code>MDL</oos:code><oos:digitalCode>498</oos:digitalCode><oos:name>Молдавский лей</oos:name></oos:currency><oos:actual>true</oos:actual></nsiContractCurrencyCBRF><nsiContractCurrencyCBRF><oos:currency><oos:code>RON</oos:code><oos:digitalCode>946</oos:digitalCode><oos:name>Румынский лей</oos:name></oos:currency><oos:actual>true</oos:actual></nsiContractCurrencyCBRF><nsiContractCurrencyCBRF><oos:currency><oos:code>TMT</oos:code><oos:digitalCode>934</oos:digitalCode><oos:name>Новый туркменский манат</oos:name></oos:currency><oos:actual>true</oos:actual></nsiContractCurrencyCBRF><nsiContractCurrencyCBRF><oos:currency><oos:code>NOK</oos:code><oos:digitalCode>578</oos:digitalCode><oos:name>Норвежская крона</oos:name></oos:currency><oos:actual>true</oos:actual></nsiContractCurrencyCBRF><nsiContractCurrencyCBRF><oos:currency><oos:code>PLN</oos:code><oos:digitalCode>985</oos:digitalCode><oos:name>Злотый</oos:name></oos:currency><oos:actual>true</oos:actual></nsiContractCurrencyCBRF><nsiContractCurrencyCBRF><oos:currency><oos:code>XDR</oos:code><oos:digitalCode>960</oos:digitalCode><oos:name>СДР (специальные права заимствования)</oos:name></oos:currency><oos:actual>true</oos:actual></nsiContractCurrencyCBRF><nsiContractCurrencyCBRF><oos:currency><oos:code>SGD</oos:code><oos:digitalCode>702</oos:digitalCode><oos:name>Сингапурский доллар</oos:name></oos:currency><oos:actual>true</oos:actual></nsiContractCurrencyCBRF><nsiContractCurrencyCBRF><oos:currency><oos:code>TJS</oos:code><oos:digitalCode>972</oos:digitalCode><oos:name>Сомони</oos:name></oos:currency><oos:actual>true</oos:actual></nsiContractCurrencyCBRF><nsiContractCurrencyCBRF><oos:currency><oos:code>TRY</oos:code><oos:digitalCode>949</oos:digitalCode><oos:name>Турецкая лира</oos:name></oos:currency><oos:actual>true</oos:actual></nsiContractCurrencyCBRF><nsiContractCurrencyCBRF><oos:currency><oos:code>UZS</oos:code><oos:digitalCode>860</oos:digitalCode><oos:name>Узбекский сум</oos:name></oos:currency><oos:actual>true</oos:actual></nsiContractCurrencyCBRF><nsiContractCurrencyCBRF><oos:currency><oos:code>UAH</oos:code><oos:digitalCode>980</oos:digitalCode><oos:name>Гривна</oos:name></oos:currency><oos:actual>true</oos:actual></nsiContractCurrencyCBRF><nsiContractCurrencyCBRF><oos:currency><oos:code>GBP</oos:code><oos:digitalCode>826</oos:digitalCode><oos:name>Фунт стерлингов</oos:name></oos:currency><oos:actual>true</oos:actual></nsiContractCurrencyCBRF><nsiContractCurrencyCBRF><oos:currency><oos:code>CZK</oos:code><oos:digitalCode>203</oos:digitalCode><oos:name>Чешская крона</oos:name></oos:currency><oos:actual>true</oos:actual></nsiContractCurrencyCBRF><nsiContractCurrencyCBRF><oos:currency><oos:code>SEK</oos:code><oos:digitalCode>752</oos:digitalCode><oos:name>Шведская крона</oos:name></oos:currency><oos:actual>true</oos:actual></nsiContractCurrencyCBRF><nsiContractCurrencyCBRF><oos:currency><oos:code>CHF</oos:code><oos:digitalCode>756</oos:digitalCode><oos:name>Швейцарский франк</oos:name></oos:currency><oos:actual>true</oos:actual></nsiContractCurrencyCBRF><nsiContractCurrencyCBRF><oos:currency><oos:code>ZAR</oos:code><oos:digitalCode>710</oos:digitalCode><oos:name>Рэнд</oos:name></oos:currency><oos:actual>true</oos:actual></nsiContractCurrencyCBRF><nsiContractCurrencyCBRF><oos:currency><oos:code>JPY</oos:code><oos:digitalCode>392</oos:digitalCode><oos:name>Иена</oos:name></oos:currency><oos:actual>true</oos:actual></nsiContractCurrencyCBRF><nsiContractCurrencyCBRF><oos:currency><oos:code>BYN</oos:code><oos:digitalCode>933</oos:digitalCode><oos:name>Белорусский рубль</oos:name></oos:currency><oos:actual>true</oos:actual></nsiContractCurrencyCBRF><nsiContractCurrencyCBRF><oos:currency><oos:code>HKD</oos:code><oos:digitalCode>344</oos:digitalCode><oos:name>Гонконгский доллар</oos:name></oos:currency><oos:actual>true</oos:actual></nsiContractCurrencyCBRF></nsiContractCurrencyCBRF></export>