<?xml version="1.0" encoding="UTF-8"?><export xmlns:xsi="http://www.w3.org/2001/XMLSchema-instance" xmlns="http://zakupki.gov.ru/oos/export/1" xmlns:oos="http://zakupki.gov.ru/oos/types/1"><nsiOKTMOPPOList><nsiOKTMOPPO><oos:code>82401684000</oos:code><oos:name>поселок Сулак</oos:name><oos:OKTMOCode>82701000066</oos:OKTMOCode><oos:registerName>п Сулак</oos:registerName><oos:actual>true</oos:actual></nsiOKTMOPPO><nsiOKTMOPPO><oos:code>22205555000</oos:code><oos:name>рабочий поселок Гидроторф</oos:name><oos:OKTMOCode>22505000555</oos:OKTMOCode><oos:registerName>рп Гидроторф</oos:registerName><oos:actual>true</oos:actual></nsiOKTMOPPO></nsiOKTMOPPOList></export>