<?xml version="1.0" encoding="UTF-8"?><export xmlns:xsi="http://www.w3.org/2001/XMLSchema-instance" xmlns="http://zakupki.gov.ru/oos/export/1" xmlns:oos="http://zakupki.gov.ru/oos/types/1"><nsiBankGuaranteeRefusal615ReasonList><nsiBankGuaranteeRefusal615Reason><oos:code>1</oos:code><oos:name>Несоответствие банковской гарантии требованиям, содержащимся в извещении о проведении электронного аукциона, документации об электронном аукционе, проекте договора об оказании услуг (п. д, ст. 214, ПП РФ 615)</oos:name><oos:actual>true</oos:actual></nsiBankGuaranteeRefusal615Reason><nsiBankGuaranteeRefusal615Reason><oos:code>2</oos:code><oos:name>В банковской гарантии не указаны (и/или): 1) дата выдачи; 2) принципал; 3) бенефициар; 4) гарант; 5) основное обязательство, исполнение по которому обеспечивается гарантией; 6) денежная сумма, подлежащая выплате, или порядок ее определения; 7) срок действия гарантии; 8) обстоятельства, при наступлении которых должна быть выплачена сумма гарантии. (ст. 368, ГК РФ)</oos:name><oos:actual>true</oos:actual></nsiBankGuaranteeRefusal615Reason><nsiBankGuaranteeRefusal615Reason><oos:code>3</oos:code><oos:name>Срок действия банковской гарантии не превышает срок выполнения работ по договору об оказании услуг более чем на 60 дней (п. д, ст. 208, ПП РФ 615)</oos:name><oos:actual>true</oos:actual></nsiBankGuaranteeRefusal615Reason><nsiBankGuaranteeRefusal615Reason><oos:code>4</oos:code><oos:name>В банковской гарантии не указано право заказчика представлять письменное требование к уплате денежной суммы и (или) ее части по банковской гарантии в случае неисполнения и (или) в случае ненадлежащего исполнения подрядной организацией своих обязательств, обеспеченных банковской гарантией (п. а, ст. 209, ПП РФ 615; п. в, ст. 214, ПП РФ 615)</oos:name><oos:actual>true</oos:actual></nsiBankGuaranteeRefusal615Reason><nsiBankGuaranteeRefusal615Reason><oos:code>5</oos:code><oos:name>В банковской гарантии не указано право заказчика на передачу права требования к банковской гарантии при перемене заказчика в случаях, предусмотренных законодательством Российской Федерации, с предварительным извещением об это гаранта (п. б, ст. 209, ПП РФ 615; п. в, ст. 214, ПП РФ 615)</oos:name><oos:actual>true</oos:actual></nsiBankGuaranteeRefusal615Reason><nsiBankGuaranteeRefusal615Reason><oos:code>6</oos:code><oos:name>В банковской гарантии не указано условие о том, что расходы, возникающие в связи с перечислением денежной суммы гарантом по банковской гарантии, несет гарант (п. в, ст. 209, ПП РФ 615; п. в, ст. 214, ПП РФ 615)</oos:name><oos:actual>true</oos:actual></nsiBankGuaranteeRefusal615Reason><nsiBankGuaranteeRefusal615Reason><oos:code>7</oos:code><oos:name>В банковской гарантии не указан перечень документов, представляемых заказчиком банку одновременно с требованием к осуществлению уплаты денежной суммы по банковской гарантии - расчет суммы, включаемой в требование к банковской гарантии (п. г, ст. 209, ПП РФ 615; п. в, ст. 214, ПП РФ 615)</oos:name><oos:actual>true</oos:actual></nsiBankGuaranteeRefusal615Reason><nsiBankGuaranteeRefusal615Reason><oos:code>8</oos:code><oos:name>Сумма банковской гарантии не равна сумме обеспечения исполнения обязательств по договору об оказании услуг, указанной в извещении о проведении электронного аукциона (в российских рублях) (п. д, ст. 209, ПП РФ 615; п. в, ст. 214, ПП РФ 615)</oos:name><oos:actual>true</oos:actual></nsiBankGuaranteeRefusal615Reason><nsiBankGuaranteeRefusal615Reason><oos:code>9</oos:code><oos:name>В банковской гарантии не указано безусловное право заказчика на истребование суммы банковской гарантии полностью или частично в случае неисполнения, и (или) в случае ненадлежащего исполнения подрядной организацией своих обязательств по договору об оказании услуг в предусмотренные сроки, и (или) в случае расторжения договора об оказании услуг (п. е, ст. 209, ПП РФ 615; п. в, ст. 214, ПП РФ 615)</oos:name><oos:actual>true</oos:actual></nsiBankGuaranteeRefusal615Reason><nsiBankGuaranteeRefusal615Reason><oos:code>10</oos:code><oos:name>В банковской гарантии не указано, что платеж по банковской гарантии должен быть осуществлен гарантом в течение 5 банковских дней после поступления требования бенефициара (п. ж, ст. 209, ПП РФ 615; п. в, ст. 214, ПП РФ 615)</oos:name><oos:actual>true</oos:actual></nsiBankGuaranteeRefusal615Reason><nsiBankGuaranteeRefusal615Reason><oos:code>11</oos:code><oos:name>В банковской гарантии не указано условие, согласно которому исполнением обязательств гаранта по банковской гарантии является фактическое поступление денежных сумм на счет, на котором в соответствии с законодательством Российской Федерации учитываются операции со средствами, поступающими заказчику (п. з, ст. 209, ПП РФ 615; п. в, ст. 214, ПП РФ 615)</oos:name><oos:actual>true</oos:actual></nsiBankGuaranteeRefusal615Reason><nsiBankGuaranteeRefusal615Reason><oos:code>12</oos:code><oos:name>В банковской гарантии не указана обязанность гаранта уплатить бенефициару неустойку за просрочку исполнения обязательств по банковской гарантии в размере 0,1 процента денежной суммы, подлежащей уплате, за каждый день допущенной просрочки (п. и, ст. 209, ПП РФ 615; п. в, ст. 214, ПП РФ 615)</oos:name><oos:actual>true</oos:actual></nsiBankGuaranteeRefusal615Reason><nsiBankGuaranteeRefusal615Reason><oos:code>13</oos:code><oos:name>В банковской гарантии не указано отлагательное условие, предусматривающее заключение договора банковской гарантии по обязательствам принципала, в случае предоставления банковской гарантии в качестве обеспечения исполнения договора об оказании услуг (п. к, ст. 209, ПП РФ 615; п. в, ст. 214, ПП РФ 615)</oos:name><oos:actual>true</oos:actual></nsiBankGuaranteeRefusal615Reason><nsiBankGuaranteeRefusal615Reason><oos:code>14</oos:code><oos:name>В банковскую гарантию включены положения о праве гаранта отказывать в удовлетворении требования к платежу по банковской гарантии в случае непредставления гаранту бенефициаром уведомления о нарушении принципалом условий договора об оказании услуг или расторжении договора об оказании услуг (п. а, ст. 212, ПП РФ 615)</oos:name><oos:actual>true</oos:actual></nsiBankGuaranteeRefusal615Reason><nsiBankGuaranteeRefusal615Reason><oos:code>15</oos:code><oos:name>В банковскую гарантию включены требования к предоставлению бенефициаром гаранту отчета об исполнении договора об оказании услуг (п. б, ст. 212, ПП РФ 615)</oos:name><oos:actual>true</oos:actual></nsiBankGuaranteeRefusal615Reason><nsiBankGuaranteeRefusal615Reason><oos:code>16</oos:code><oos:name>Отсутствуют сведения о банке на официальном сайте Центрального Банка Российской Федерации в сети &quot;Интернет&quot; (п. а, ст. 214, ПП РФ 615)</oos:name><oos:actual>true</oos:actual></nsiBankGuaranteeRefusal615Reason><nsiBankGuaranteeRefusal615Reason><oos:code>17</oos:code><oos:name>Банковская гарантия выдана банком, не имеющим действующую лицензию ЦБ РФ (п. в, ст. 208, ПП РФ 615; п. б, ст. 214, ПП РФ 615)</oos:name><oos:actual>true</oos:actual></nsiBankGuaranteeRefusal615Reason><nsiBankGuaranteeRefusal615Reason><oos:code>18</oos:code><oos:name>Получение уведомления от банка о не подтверждении факта выдачи представленной банковской гарантии (п. в, ст. 214, ПП РФ 615)</oos:name><oos:actual>true</oos:actual></nsiBankGuaranteeRefusal615Reason><nsiBankGuaranteeRefusal615Reason><oos:code>19</oos:code><oos:name>Несоответствие размера представленной банковской гарантии капиталу банка, сведения о котором размещены на официальном сайте Центрального Банка Российской Федерации в сети &quot;Интернет&quot;, с учетом максимально допустимого числового значения норматива максимального размера риска на одного заемщика или группу связанных заемщиков, установленного в качестве обязательного норматива Центральным Банком Российской Федерации (п. г, ст. 214, ПП РФ 615)</oos:name><oos:actual>true</oos:actual></nsiBankGuaranteeRefusal615Reason></nsiBankGuaranteeRefusal615ReasonList></export>