<?xml version="1.0" encoding="UTF-8"?><export xmlns:xsi="http://www.w3.org/2001/XMLSchema-instance" xmlns="http://zakupki.gov.ru/oos/export/1" xmlns:oos="http://zakupki.gov.ru/oos/types/1"><nsiBankGuaranteeRefusalReasonList><nsiBankGuaranteeRefusalReason><oos:id>1</oos:id><oos:name>Несоответствие банковской гарантии условиям, указанным в части 2 статьи 45 Федерального закона «О контрактной системе в сфере закупок товаров, работ, услуг для обеспечения государственных и муниципальных нужд», в части отсутствия в банковской гарантии суммы банковской гарантии, подлежащей уплате гарантом заказчику в установленных частью 15 статьи 44 Федерального закона случаях, или суммы банковской гарантии, подлежащей уплате гарантом заказчику в случае ненадлежащего исполнения обязательств принципалом в соответствии со статьей 96 Федерального закона</oos:name><oos:actual>true</oos:actual></nsiBankGuaranteeRefusalReason><nsiBankGuaranteeRefusalReason><oos:id>2</oos:id><oos:name>Несоответствие банковской гарантии условиям, указанным в части 2 статьи 45 Федерального закона «О контрактной системе в сфере закупок товаров, работ, услуг для обеспечения государственных и муниципальных нужд», в части отсутствия в банковской гарантии обязательств принципала, надлежащее исполнение которых обеспечивается банковской гарантией</oos:name><oos:actual>true</oos:actual></nsiBankGuaranteeRefusalReason><nsiBankGuaranteeRefusalReason><oos:id>3</oos:id><oos:name>Несоответствие банковской гарантии условиям, указанным в части 2 статьи 45 Федерального закона «О контрактной системе в сфере закупок товаров, работ, услуг для обеспечения государственных и муниципальных нужд», в части отсутствия в банковской гарантии обязанности гаранта уплатить заказчику неустойку в размере 0,1 процента денежной суммы, подлежащей уплате за каждый календарный день просрочки</oos:name><oos:actual>true</oos:actual></nsiBankGuaranteeRefusalReason><nsiBankGuaranteeRefusalReason><oos:id>4</oos:id><oos:name>Несоответствие банковской гарантии условиям, указанным в части 2 статьи 45 Федерального закона «О контрактной системе в сфере закупок товаров, работ, услуг для обеспечения государственных и муниципальных нужд», в части отсутствия в банковской гарантии условия, согласно которому исполнением обязательств гаранта по банковской гарантии является фактическое поступление денежных сумм на счет заказчика, на котором в соответствии с законодательством Российской Федерации учитываются операции со средствами, поступающими заказчику</oos:name><oos:actual>true</oos:actual></nsiBankGuaranteeRefusalReason><nsiBankGuaranteeRefusalReason><oos:id>5</oos:id><oos:name>Несоответствие банковской гарантии условиям, указанным в части 2 статьи 45 Федерального закона «О контрактной системе в сфере закупок товаров, работ, услуг для обеспечения государственных и муниципальных нужд», в части отсутствия в банковской гарантии срока действия банковской гарантии с учетом требований статей 44 и 96 Федерального закона</oos:name><oos:actual>true</oos:actual></nsiBankGuaranteeRefusalReason><nsiBankGuaranteeRefusalReason><oos:id>6</oos:id><oos:name>Несоответствие банковской гарантии условиям, указанным в части 2 статьи 45 Федерального закона «О контрактной системе в сфере закупок товаров, работ, услуг для обеспечения государственных и муниципальных нужд», в части отсутствия в банковской гарантии отлагательного условия, предусматривающего заключение договора предоставления банковской гарантии по обязательствам принципала, возникающим из контракта при его заключении, в случае предоставления банковской гарантии в качестве обеспечения исполнения контракта, и (или) требований к гарантии качества товара, работы, услуги, а также требований к гарантийному сроку и (или) объему предоставления гарантий их качества, к гарантийному обслуживанию товара</oos:name><oos:actual>true</oos:actual></nsiBankGuaranteeRefusalReason><nsiBankGuaranteeRefusalReason><oos:id>7</oos:id><oos:name>Несоответствие банковской гарантии условиям, указанным в части 2 статьи 45 Федерального закона «О контрактной системе в сфере закупок товаров, работ, услуг для обеспечения государственных и муниципальных нужд», в части отсутствия в банковской гарантии установленного Правительством Российской Федерации перечня документов, предоставляемых заказчиком банку одновременно с требованием об осуществлении уплаты денежной суммы по банковской гарантии</oos:name><oos:actual>true</oos:actual></nsiBankGuaranteeRefusalReason><nsiBankGuaranteeRefusalReason><oos:id>8</oos:id><oos:name>Несоответствие банковской гарантии условиям, указанным в части 3 статьи 45 Федерального закона «О контрактной системе в сфере закупок товаров, работ, услуг для обеспечения государственных и муниципальных нужд», в части отсутствия в банковской гарантии в случае, предусмотренном извещением об осуществлении закупки, документацией о закупке, проектом контракта, заключаемого с единственным поставщиком (подрядчиком, исполнителем), условия о праве заказчика на бесспорное списание денежных средств со счета гаранта, если гарантом в срок не более чем пять рабочих дней не исполнено требование заказчика об уплате денежной суммы по банковской гарантии, направленное до окончания срока действия банковской гарантии</oos:name><oos:actual>true</oos:actual></nsiBankGuaranteeRefusalReason><nsiBankGuaranteeRefusalReason><oos:id>9</oos:id><oos:name>Несоответствие банковской гарантии требованиям, содержащимся в извещении об осуществлении закупки</oos:name><oos:actual>true</oos:actual></nsiBankGuaranteeRefusalReason><nsiBankGuaranteeRefusalReason><oos:id>10</oos:id><oos:name>Несоответствие банковской гарантии требованиям, содержащимся в приглашении принять участие в определении поставщика (подрядчика, исполнителя)</oos:name><oos:actual>true</oos:actual></nsiBankGuaranteeRefusalReason><nsiBankGuaranteeRefusalReason><oos:id>11</oos:id><oos:name>Несоответствие банковской гарантии требованиям, содержащимся в документации о закупке</oos:name><oos:actual>true</oos:actual></nsiBankGuaranteeRefusalReason><nsiBankGuaranteeRefusalReason><oos:id>12</oos:id><oos:name>Несоответствие банковской гарантии требованиям, содержащимся в проекте контракта, который заключается с единственным поставщиком (подрядчиком, исполнителем)</oos:name><oos:actual>true</oos:actual></nsiBankGuaranteeRefusalReason></nsiBankGuaranteeRefusalReasonList></export>