<?xml version="1.0" encoding="UTF-8"?><export xmlns:xsi="http://www.w3.org/2001/XMLSchema-instance" xmlns="http://zakupki.gov.ru/oos/export/1" xmlns:oos="http://zakupki.gov.ru/oos/types/1"><nsiContractModificationReason><nsiContractModificationReason><oos:code>010</oos:code><oos:name>Возможность изменения условий контракта предусмотрена документацией о закупке и контрактом, а в случае осуществления закупки у единственного поставщика (подрядчика, исполнителя) - контрактом</oos:name><oos:actual>true</oos:actual><oos:documents><oos:document><oos:code>0101</oos:code><oos:name>Дополнительное соглашение к контракту</oos:name><oos:actual>true</oos:actual></oos:document></oos:documents><oos:isBuildAble>1</oos:isBuildAble><oos:isDeletable>0</oos:isDeletable></nsiContractModificationReason><nsiContractModificationReason><oos:code>011</oos:code><oos:name>При снижении цены контракта без изменения предусмотренных контрактом количества товара, объема работы или услуги, качества поставляемого товара, выполняемой работы, оказываемой услуги и иных условий контракта</oos:name><oos:actual>true</oos:actual><oos:documents><oos:document><oos:code>0111</oos:code><oos:name>Дополнительное соглашение к контракту </oos:name><oos:actual>true</oos:actual></oos:document></oos:documents><oos:isBuildAble>1</oos:isBuildAble><oos:isDeletable>0</oos:isDeletable></nsiContractModificationReason><nsiContractModificationReason><oos:code>012</oos:code><oos:name>При увеличении по предложению заказчика предусмотренных контрактом (за исключением контракта, предметом которого является выполнение работ по строительству, реконструкции, капитальному ремонту, сносу объекта капитального строительства, проведению работ по сохранению объектов культурного наследия) количества товара, объема работы или услуги не более чем на десять процентов с учетом положений бюджетного законодательства Российской Федерации о возможности изменения цены контракта пропорционально дополнительному количеству товара, дополнительному объему работы или услуги исходя из установленной в контракте цены единицы товара, работы или услуги, но не более чем на десять процентов цены контракта</oos:name><oos:actual>true</oos:actual><oos:documents><oos:document><oos:code>0121</oos:code><oos:name>Дополнительное соглашение к контракту</oos:name><oos:actual>true</oos:actual></oos:document></oos:documents><oos:isBuildAble>1</oos:isBuildAble><oos:isDeletable>0</oos:isDeletable></nsiContractModificationReason><nsiContractModificationReason><oos:code>013</oos:code><oos:name>При уменьшении по предложению заказчика предусмотренных контрактом (за исключением контракта, предметом которого является выполнение работ по строительству, реконструкции, капитальному ремонту, сносу объекта капитального строительства, проведению работ по сохранению объектов культурного наследия) количества товара, объема работы или услуги не более чем на десять процентов с уменьшением цены контракта исходя из цены единицы товара, работы или услуги</oos:name><oos:actual>true</oos:actual><oos:documents><oos:document><oos:code>0131</oos:code><oos:name>Дополнительное соглашение к контракту</oos:name><oos:actual>true</oos:actual></oos:document></oos:documents><oos:isBuildAble>1</oos:isBuildAble><oos:isDeletable>0</oos:isDeletable></nsiContractModificationReason><nsiContractModificationReason><oos:code>020</oos:code><oos:name>Условия контракта изменены на основании решения Правительства Российской Федерации в отношении заключенного для обеспечения федеральных нужд на срок не менее чем три года контракта, предусмотренная в котором цена составляет либо превышает размер цены, установленный Правительством Российской Федерации, и исполнение указанного контракта по независящим от сторон контракта обстоятельствам без изменения его условий невозможно</oos:name><oos:actual>true</oos:actual><oos:documents><oos:document><oos:code>0202</oos:code><oos:name>Решение Правительства Российской Федерации об изменении условий контракта, заключенного для обеспечения федеральных нужд на срок не менее чем три года, предусмотренная в котором цена составляет либо превышает размер цены, установленный Правительством Российской Федерации, и исполнение указанного контракта по независящим от сторон контракта обстоятельствам без изменения его условий невозможно</oos:name><oos:actual>true</oos:actual></oos:document></oos:documents><oos:isBuildAble>1</oos:isBuildAble><oos:isDeletable>1</oos:isDeletable></nsiContractModificationReason><nsiContractModificationReason><oos:code>030</oos:code><oos:name>Условия контракта изменены на основании решения высшего исполнительного органа государственной власти субъекта Российской Федерации в отношении заключенного для обеспечения нужд субъекта Российской Федерации на срок не менее чем три года контракта, предусмотренная в котором цена составляет или превышает размер цены, установленный Правительством Российской Федерации, и исполнение указанного контракта по независящим от сторон контракта обстоятельствам без изменения его условий невозможно</oos:name><oos:actual>true</oos:actual><oos:documents><oos:document><oos:code>0302</oos:code><oos:name>Решение высшего исполнительного органа государственной власти субъекта Российской Федерации об изменении условий контракта, заключенного для обеспечения нужд субъекта Российской Федерации на срок не менее чем три года, предусмотренная в котором цена составляет или превышает размер цены, установленный Правительством Российской Федерации, и исполнение указанного контракта по независящим от сторон контракта обстоятельствам без изменения его условий невозможно</oos:name><oos:actual>true</oos:actual></oos:document></oos:documents><oos:isBuildAble>1</oos:isBuildAble><oos:isDeletable>1</oos:isDeletable></nsiContractModificationReason><nsiContractModificationReason><oos:code>040</oos:code><oos:name>Условия контракта изменены на основании решения местной администрации в отношении заключенного для обеспечения муниципальных нужд на срок не менее одного года контракта, предусмотренная в котором цена составляет или превышает размер цены, установленный Правительством Российской Федерации, и исполнение указанного контракта по независящим от сторон контракта обстоятельствам без изменения его условий невозможно</oos:name><oos:actual>true</oos:actual><oos:documents><oos:document><oos:code>0402</oos:code><oos:name>Решение местной администрации об изменении условий контракта, заключенного для обеспечения муниципальных нужд на срок не менее одного года, предусмотренная в котором цена составляет или превышает размер цены, установленный Правительством Российской Федерации, и исполнение указанного контракта по независящим от сторон контракта обстоятельствам без изменения его условий невозможно</oos:name><oos:actual>true</oos:actual></oos:document></oos:documents><oos:isBuildAble>1</oos:isBuildAble><oos:isDeletable>1</oos:isDeletable></nsiContractModificationReason><nsiContractModificationReason><oos:code>050</oos:code><oos:name>Изменение в соответствии с законодательством Российской Федерации регулируемых цен (тарифов) на товары, работы, услуги</oos:name><oos:actual>true</oos:actual><oos:documents><oos:document><oos:code>0503</oos:code><oos:name>Нормативный правовой акт, устанавливающий изменение в соответствии с законодательством Российской Федерации регулируемых цен (тарифов) на товары, работы, услуги</oos:name><oos:actual>true</oos:actual></oos:document><oos:document><oos:code>0502</oos:code><oos:name>Нормативный правовой акт, устанавливающий изменение в соответствии с законодательством Российской Федерации регулируемых цен (тарифов) на товары, работы, услуги</oos:name><oos:actual>false</oos:actual></oos:document></oos:documents><oos:isBuildAble>1</oos:isBuildAble><oos:isDeletable>0</oos:isDeletable></nsiContractModificationReason><nsiContractModificationReason><oos:code>060</oos:code><oos:name>Уменьшении ранее доведенных до государственного или муниципального заказчика как получателя бюджетных средств лимитов бюджетных обязательств в случаях, предусмотренных пунктом 6 статьи 161 Бюджетного кодекса Российской Федерации</oos:name><oos:actual>true</oos:actual><oos:documents><oos:document><oos:code>0601</oos:code><oos:name>Дополнительное соглашение к контракту</oos:name><oos:actual>true</oos:actual></oos:document></oos:documents><oos:isBuildAble>1</oos:isBuildAble><oos:isDeletable>1</oos:isDeletable></nsiContractModificationReason><nsiContractModificationReason><oos:code>070</oos:code><oos:name>Изменение цены контракта с иностранной организацией на лечение гражданина Российской Федерации за пределами территории Российской Федерации при увеличение или уменьшении по медицинским показаниям перечня услуг, связанных с лечением гражданина Российской Федерации</oos:name><oos:actual>true</oos:actual><oos:documents><oos:document><oos:code>0701</oos:code><oos:name>Дополнительное соглашение к контракту</oos:name><oos:actual>true</oos:actual></oos:document></oos:documents><oos:isBuildAble>1</oos:isBuildAble><oos:isDeletable>1</oos:isDeletable></nsiContractModificationReason><nsiContractModificationReason><oos:code>080</oos:code><oos:name>Перемена поставщика (подрядчика, исполнителя) контракта вследствие реорганизации юридического лица в форме преобразования, слияния или присоединения (новый поставщик (подрядчик, исполнитель) является правопреемником поставщика (подрядчика, исполнителя) контракта)</oos:name><oos:actual>true</oos:actual><oos:documents><oos:document><oos:code>0801</oos:code><oos:name>Дополнительное соглашение к контракту</oos:name><oos:actual>true</oos:actual></oos:document></oos:documents><oos:isBuildAble>1</oos:isBuildAble><oos:isDeletable>0</oos:isDeletable></nsiContractModificationReason><nsiContractModificationReason><oos:code>090</oos:code><oos:name>Перемена заказчика</oos:name><oos:actual>true</oos:actual><oos:documents><oos:document><oos:code>0904</oos:code><oos:name>Соглашение о передаче полномочий государственного (муниципального) заказчика, соглашение о предоставлении субсидии на осуществление капитальных вложений в случае изменения в соответствии с Бюджетным кодексом Российской Федерации способа финансового обеспечения капитальных вложений в объекты капитального строительства государственной (муниципальной) собственности и приобретение объектов недвижимого имущества в государственную и муниципальную собственность</oos:name><oos:actual>true</oos:actual></oos:document><oos:document><oos:code>0901</oos:code><oos:name>Дополнительное соглашение к контракту</oos:name><oos:actual>false</oos:actual></oos:document></oos:documents><oos:isBuildAble>1</oos:isBuildAble><oos:isDeletable>0</oos:isDeletable></nsiContractModificationReason><nsiContractModificationReason><oos:code>100</oos:code><oos:name>Изменение условий контракта по согласованию сторон в части поставки товара, выполнения работ или оказания услуги при улучшении их по качеству, техническим и функциональным характеристикам по сравнению с характеристиками, указанными в контракте</oos:name><oos:actual>true</oos:actual><oos:documents><oos:document><oos:code>1001</oos:code><oos:name>Дополнительное соглашение к контракту</oos:name><oos:actual>true</oos:actual></oos:document></oos:documents><oos:isBuildAble>1</oos:isBuildAble><oos:isDeletable>0</oos:isDeletable></nsiContractModificationReason><nsiContractModificationReason><oos:code>110</oos:code><oos:name>Изменение в 2015 году по соглашению сторон срока исполнения контракта, и (или) цены контракта, и (или) единицы товара, работы, услуги, и (или) количества товара, объема работ, услуг, предусмотренных контрактом, срок исполнения которого завершается в 2015 году</oos:name><oos:actual>false</oos:actual><oos:documents><oos:document><oos:code>1101</oos:code><oos:name>Дополнительное соглашение к контракту</oos:name><oos:actual>false</oos:actual></oos:document></oos:documents><oos:isBuildAble>1</oos:isBuildAble><oos:isDeletable>0</oos:isDeletable></nsiContractModificationReason><nsiContractModificationReason><oos:code>900</oos:code><oos:name>Изменение условий контракта, не относящихся в соответствии с частью 1 статьи 95 Федерального закона к существенным условиям контракта</oos:name><oos:actual>true</oos:actual><oos:documents><oos:document><oos:code>9001</oos:code><oos:name>Дополнительное соглашение к контракту</oos:name><oos:actual>true</oos:actual></oos:document></oos:documents><oos:isBuildAble>1</oos:isBuildAble><oos:isDeletable>0</oos:isDeletable></nsiContractModificationReason><nsiContractModificationReason><oos:code>110</oos:code><oos:name>Изменение цены контракта в соответствии с частью 54 статьи 112 Федерального закона от 5 апреля 2013 года № 44-ФЗ «О контрактной системе в сфере закупок товаров, работ, услуг для обеспечения государственных и муниципальных нужд»</oos:name><oos:actual>false</oos:actual><oos:isBuildAble>1</oos:isBuildAble><oos:isDeletable>0</oos:isDeletable></nsiContractModificationReason><nsiContractModificationReason><oos:code>120</oos:code><oos:name>Изменение цены контракта в соответствии с частью 54 статьи 112 Федерального закона</oos:name><oos:actual>true</oos:actual><oos:documents><oos:document><oos:code>1201</oos:code><oos:name>Дополнительное соглашение к контракту</oos:name><oos:actual>true</oos:actual></oos:document></oos:documents><oos:isBuildAble>1</oos:isBuildAble><oos:isDeletable>0</oos:isDeletable></nsiContractModificationReason><nsiContractModificationReason><oos:code>150</oos:code><oos:name>Изменение условий контракта, заключенного на срок не менее одного года, предметом которого является выполнение работ по строительству, реконструкции, капитальному ремонту, сносу объекта капитального строительства, проведению работ по сохранению объектов культурного наследия, цена которого составляет или превышает предельный размер (предельные размеры) цены, установленный(ые) Правительством Российской Федерации, вследствие возникновения независящих от сторон контракта обстоятельств, влекущих невозможность его исполнения, в том числе необходимость внесения изменений в проектную документацию с учетом увеличения срока исполнения контракта и (или) цены контракта более чем на тридцать процентов</oos:name><oos:actual>true</oos:actual><oos:documents><oos:document><oos:code>1502</oos:code><oos:name>Решение Правительства Российской Федерации, высшего исполнительного органа государственной власти субъекта Российской Федерации, местной администрации</oos:name><oos:actual>true</oos:actual></oos:document><oos:document><oos:code>1503</oos:code><oos:name>Обоснование изменения контракта на основании решения Правительства Российской Федерации, высшего исполнительного органа государственной власти субъекта Российской Федерации, местной администрации</oos:name><oos:actual>true</oos:actual></oos:document><oos:document><oos:code>1504</oos:code><oos:name>Обоснование изменения контракта на основании решения местной администрации об изменении условий контракта, заключенного на срок не менее одного года, предметом которого является выполнение работ по строительству, реконструкции, капитальному ремонту, сносу объекта капитального строительства, проведению работ по сохранению объектов культурного наследия, цена которого составляет или превышает предельный размер (предельные размеры) цены, установленный Правительством Российской Федерации, и при условии, что такое изменение не приведет к увеличению срока исполнения контракта и (или) цены контракта более чем на тридцать процентов</oos:name><oos:actual>false</oos:actual></oos:document></oos:documents><oos:isBuildAble>1</oos:isBuildAble><oos:isDeletable>1</oos:isDeletable></nsiContractModificationReason><nsiContractModificationReason><oos:code>014</oos:code><oos:name>При изменении объема и (или) видов выполняемых работ по контракту, предметом которого является выполнение работ по строительству, реконструкции, капитальному ремонту, сносу объекта капитального строительства, проведению работ по сохранению объектов культурного наследия, с изменением в соответствии с учетом положений бюджетного законодательства Российской Федерации цены контракта не более чем на десять процентов</oos:name><oos:actual>true</oos:actual><oos:documents><oos:document><oos:code>0141</oos:code><oos:name>Дополнительное соглашение к контракту</oos:name><oos:actual>true</oos:actual></oos:document></oos:documents><oos:isBuildAble>1</oos:isBuildAble><oos:isDeletable>0</oos:isDeletable></nsiContractModificationReason><nsiContractModificationReason><oos:code>015</oos:code><oos:name>Уменьшение цены контракта не более чем на десять процентов с изменением объема и (или) видов выполняемых работ по контракту, предметом которого является выполнение работ по строительству, реконструкции, капитальному ремонту, сносу объекта капитального строительства, проведению работ по сохранению объектов культурного наследия</oos:name><oos:actual>true</oos:actual><oos:documents><oos:document><oos:code>0151</oos:code><oos:name>Дополнительное соглашение к контракту</oos:name><oos:actual>true</oos:actual></oos:document></oos:documents><oos:isBuildAble>1</oos:isBuildAble><oos:isDeletable>0</oos:isDeletable></nsiContractModificationReason><nsiContractModificationReason><oos:code>131</oos:code><oos:name>Однократное изменение срока исполнения контракта, предметом которого является выполнение работ по строительству, реконструкции, капитальному ремонту, сносу объекта капитального строительства, проведению работ по сохранению объектов культурного наследия, вследствие возникновения независящих от сторон контракта обстоятельств, влекущих невозможность его исполнения, в том числе необходимость внесения изменений в проектную документацию, по независящим от сторон контракта обстоятельствам, на срок, не превышающий срока исполнения контракта, предусмотренного при его заключении</oos:name><oos:actual>true</oos:actual><oos:documents><oos:document><oos:code>1311</oos:code><oos:name>Дополнительное соглашение к контракту</oos:name><oos:actual>true</oos:actual></oos:document></oos:documents><oos:isBuildAble>1</oos:isBuildAble><oos:isDeletable>0</oos:isDeletable></nsiContractModificationReason><nsiContractModificationReason><oos:code>132</oos:code><oos:name>Однократное изменение срока исполнения контракта, предметом которого является выполнение работ по строительству, реконструкции, капитальному ремонту, сносу объекта капитального строительства, проведению работ по сохранению объектов культурного наследия, в связи с его неисполнением в установленный в контракте срок по вине подрядчика, на срок, не превышающий срока исполнения контракта, предусмотренного при его заключении</oos:name><oos:actual>true</oos:actual><oos:documents><oos:document><oos:code>1321</oos:code><oos:name>Дополнительное соглашение к контракту</oos:name><oos:actual>true</oos:actual></oos:document></oos:documents><oos:isBuildAble>1</oos:isBuildAble><oos:isDeletable>0</oos:isDeletable></nsiContractModificationReason><nsiContractModificationReason><oos:code>140</oos:code><oos:name>Изменение контракта, заключенного с единственным поставщиком (подрядчиком, исполнителем) в соответствии с пунктами 1, 8, 22, 29, 32, 34, 51 части 1 статьи 93 настоящего Федерального закона</oos:name><oos:actual>true</oos:actual><oos:documents><oos:document><oos:code>1401</oos:code><oos:name>Дополнительное соглашение к контракту</oos:name><oos:actual>true</oos:actual></oos:document></oos:documents><oos:isBuildAble>1</oos:isBuildAble><oos:isDeletable>0</oos:isDeletable></nsiContractModificationReason><nsiContractModificationReason><oos:code>160</oos:code><oos:name>Условия контракта изменены на основании решения Правительства Российской Федерации, высшего исполнительного органа государственной власти субъекта Российской Федерации, местной администрации в соответствии с частью 65 статьи 112 Федерального закона</oos:name><oos:actual>true</oos:actual><oos:documents><oos:document><oos:code>1605</oos:code><oos:name>Решение Правительства Российской Федерации, высшего исполнительного органа государственной власти субъекта Российской Федерации, местной администрации в соответствии с частью 65 статьи 112 Федерального закона</oos:name><oos:actual>true</oos:actual></oos:document></oos:documents><oos:isBuildAble>1</oos:isBuildAble><oos:isDeletable>0</oos:isDeletable></nsiContractModificationReason><nsiContractModificationReason><oos:code>180</oos:code><oos:name>Уменьшение цены контракта, предусмотренного частями 16 (если контракт жизненного цикла предусматривает проектирование, строительство, реконструкцию, капитальный ремонт объекта капитального строительства), 16.1 статьи 34, 56 статьи 112  Федерального закона 44-ФЗ, с учетом сметной стоимости строительства, если цена такого контракта превышает указанную сметную стоимость строительства, реконструкции, капитального ремонта объекта капитального строительства, определенную по результатам проверки на предмет достоверности ее определения в ходе проведения государственной экспертизы проектной документации</oos:name><oos:actual>false</oos:actual><oos:documents><oos:document><oos:code>1801</oos:code><oos:name>Заключение государственной экспертизы проектной документации</oos:name><oos:actual>false</oos:actual></oos:document></oos:documents><oos:isBuildAble>1</oos:isBuildAble><oos:isDeletable>0</oos:isDeletable></nsiContractModificationReason><nsiContractModificationReason><oos:code>170</oos:code><oos:name>Увеличение цены контракта, предусмотренного частями 16 (если контракт жизненного цикла предусматривает проектирование, строительство, реконструкцию, капитальный ремонт объекта капитального строительства), 16.1 статьи 34, 56 статьи 112  Федерального закона 44-ФЗ, в случае, если сметная стоимость строительства, реконструкции, капитального ремонта, определенная по результатам проверки на предмет достоверности ее определения в ходе проведения государственной экспертизы проектной документации, превышает цену такого контракта, и при условии, что такое изменение существенных условий не приведет к увеличению цены контракта более чем на тридцать процентов</oos:name><oos:actual>false</oos:actual><oos:documents><oos:document><oos:code>1702</oos:code><oos:name>Решение Правительства Российской Федерации, высшего исполнительного органа государственной власти субъекта Российской Федерации, местной администрации</oos:name><oos:actual>false</oos:actual></oos:document><oos:document><oos:code>1703</oos:code><oos:name>Обоснование изменения контракта на основании решения Правительства Российской Федерации, высшего исполнительного органа государственной власти субъекта Российской Федерации, местной администрации</oos:name><oos:actual>false</oos:actual></oos:document></oos:documents><oos:isBuildAble>1</oos:isBuildAble><oos:isDeletable>0</oos:isDeletable></nsiContractModificationReason></nsiContractModificationReason></export>