<?xml version="1.0" encoding="UTF-8"?><export xmlns:xsi="http://www.w3.org/2001/XMLSchema-instance" xmlns="http://zakupki.gov.ru/oos/export/1" xmlns:oos="http://zakupki.gov.ru/oos/types/1"><nsiTenderPlan2017PositionChangeReasons><nsiTenderPlan2017PositionChangeReason><oos:id>9365983</oos:id><oos:code>1</oos:code><oos:fullName>Изменение объема и (или) стоимости планируемых к приобретению товаров, работ, услуг, выявленное в результате подготовки к осуществлению закупки, вследствие чего поставка товаров, выполнение работ, оказание услуг в соответствии с начальной (максимальной) ценой контракта, предусмотренной планом-графиком закупок, становится невозможной</oos:fullName><oos:shortName>Изменение объема и (или) стоимости товаров, работ, услуг</oos:shortName><oos:cancelChance>1</oos:cancelChance><oos:legalActDetails>PPF553</oos:legalActDetails><oos:actual>true</oos:actual></nsiTenderPlan2017PositionChangeReason><nsiTenderPlan2017PositionChangeReason><oos:id>9365984</oos:id><oos:code>2</oos:code><oos:fullName>Изменение планируемой даты начала осуществления закупки, сроков и (или) периодичности приобретения товаров, выполнения работ, оказания услуг, способа определения поставщика (подрядчика, исполнителя), этапов оплаты и (или) размера аванса и срока исполнения контракта</oos:fullName><oos:shortName>Изменение условий закупки</oos:shortName><oos:cancelChance>0</oos:cancelChance><oos:legalActDetails>PPF553</oos:legalActDetails><oos:actual>true</oos:actual></nsiTenderPlan2017PositionChangeReason><nsiTenderPlan2017PositionChangeReason><oos:id>9365985</oos:id><oos:code>3</oos:code><oos:fullName>Отмена заказчиком закупки, предусмотренной планом-графиком закупок</oos:fullName><oos:shortName>Отмена заказчиком закупки, предусмотренной планом-графиком закупок</oos:shortName><oos:cancelChance>2</oos:cancelChance><oos:legalActDetails>PPF553</oos:legalActDetails><oos:actual>true</oos:actual></nsiTenderPlan2017PositionChangeReason><nsiTenderPlan2017PositionChangeReason><oos:id>9365986</oos:id><oos:code>4</oos:code><oos:fullName>Использование в соответствии с законодательством Российской Федерации экономии, полученной при осуществлении закупки</oos:fullName><oos:shortName>Использование экономии, полученной при осуществлении закупки</oos:shortName><oos:cancelChance>0</oos:cancelChance><oos:legalActDetails>PPF553</oos:legalActDetails><oos:actual>true</oos:actual></nsiTenderPlan2017PositionChangeReason><nsiTenderPlan2017PositionChangeReason><oos:id>9365987</oos:id><oos:code>5</oos:code><oos:fullName>Выдача предписания органами контроля, определенными статьей 99 Федерального закона, в том числе об аннулировании процедуры определения поставщиков (подрядчиков, исполнителей)</oos:fullName><oos:shortName>Выдача предписания органами контроля, определенными статьей 99 Федерального закона</oos:shortName><oos:cancelChance>1</oos:cancelChance><oos:legalActDetails>PPF553</oos:legalActDetails><oos:actual>true</oos:actual></nsiTenderPlan2017PositionChangeReason><nsiTenderPlan2017PositionChangeReason><oos:id>9365988</oos:id><oos:code>6</oos:code><oos:fullName>Реализация решения, принятого заказчиком по итогам обязательного общественного обсуждения закупки</oos:fullName><oos:shortName>Реализация решения, принятого по итогам обязательного общественного обсуждения закупки</oos:shortName><oos:cancelChance>1</oos:cancelChance><oos:legalActDetails>PPF553</oos:legalActDetails><oos:actual>true</oos:actual></nsiTenderPlan2017PositionChangeReason><nsiTenderPlan2017PositionChangeReason><oos:id>9365989</oos:id><oos:code>7</oos:code><oos:fullName>Возникновение иных обстоятельств, предвидеть которые на дату утверждения плана-графика закупок было невозможно</oos:fullName><oos:shortName>Возникновение непредвиденных обстоятельств</oos:shortName><oos:cancelChance>1</oos:cancelChance><oos:legalActDetails>PPF553</oos:legalActDetails><oos:actual>true</oos:actual></nsiTenderPlan2017PositionChangeReason><nsiTenderPlan2017PositionChangeReason><oos:id>9365990</oos:id><oos:code>8</oos:code><oos:fullName>Изменение объема и (или) стоимости планируемых к приобретению товаров, работ, услуг, выявленное в результате подготовки к осуществлению закупки, вследствие чего поставка товаров, выполнение работ, оказание услуг в соответствии с начальной (максимальной) ценой контракта, предусмотренной планом-графиком закупок, становится невозможной</oos:fullName><oos:shortName>Изменение объема и (или) стоимости товаров, работ, услуг</oos:shortName><oos:cancelChance>1</oos:cancelChance><oos:legalActDetails>PPF554</oos:legalActDetails><oos:actual>true</oos:actual></nsiTenderPlan2017PositionChangeReason><nsiTenderPlan2017PositionChangeReason><oos:id>9365991</oos:id><oos:code>9</oos:code><oos:fullName>Изменение планируемой даты начала осуществления закупки, сроков и (или) периодичности приобретения товаров, выполнения работ, оказания услуг, способа определения поставщика (подрядчика, исполнителя), этапов оплаты и (или) размера аванса и срока исполнения контракта</oos:fullName><oos:shortName>Изменение условий закупки</oos:shortName><oos:cancelChance>0</oos:cancelChance><oos:legalActDetails>PPF554</oos:legalActDetails><oos:actual>true</oos:actual></nsiTenderPlan2017PositionChangeReason><nsiTenderPlan2017PositionChangeReason><oos:id>9365992</oos:id><oos:code>10</oos:code><oos:fullName>Отмена заказчиком закупки, предусмотренной планом-графиком закупок</oos:fullName><oos:shortName>Отмена заказчиком закупки, предусмотренной планом-графиком закупок</oos:shortName><oos:cancelChance>2</oos:cancelChance><oos:legalActDetails>PPF554</oos:legalActDetails><oos:actual>true</oos:actual></nsiTenderPlan2017PositionChangeReason><nsiTenderPlan2017PositionChangeReason><oos:id>9365993</oos:id><oos:code>11</oos:code><oos:fullName>Образовавшаяся экономия от использования в текущем финансовом году бюджетных ассигнований в соответствии с законодательством Российской Федерации</oos:fullName><oos:shortName>Образовавшаяся экономия от использования в текущем финансовом году бюджетных ассигнований</oos:shortName><oos:cancelChance>0</oos:cancelChance><oos:legalActDetails>PPF554</oos:legalActDetails><oos:actual>true</oos:actual></nsiTenderPlan2017PositionChangeReason><nsiTenderPlan2017PositionChangeReason><oos:id>9365994</oos:id><oos:code>12</oos:code><oos:fullName>Выдача предписания органами контроля, определенными статьей 99 Федерального закона, в том числе об аннулировании процедуры определения поставщиков (подрядчиков, исполнителей)</oos:fullName><oos:shortName>Выдача предписания органами контроля, определенными статьей 99 Федерального закона</oos:shortName><oos:cancelChance>1</oos:cancelChance><oos:legalActDetails>PPF554</oos:legalActDetails><oos:actual>true</oos:actual></nsiTenderPlan2017PositionChangeReason><nsiTenderPlan2017PositionChangeReason><oos:id>9365995</oos:id><oos:code>13</oos:code><oos:fullName>Реализация решения, принятого заказчиком по итогам обязательного общественного обсуждения закупки</oos:fullName><oos:shortName>Реализация решения, принятого по итогам обязательного общественного обсуждения закупки</oos:shortName><oos:cancelChance>1</oos:cancelChance><oos:legalActDetails>PPF554</oos:legalActDetails><oos:actual>true</oos:actual></nsiTenderPlan2017PositionChangeReason><nsiTenderPlan2017PositionChangeReason><oos:id>9365996</oos:id><oos:code>14</oos:code><oos:fullName>Возникновение обстоятельств, предвидеть которые на дату утверждения плана-графика закупок было невозможно</oos:fullName><oos:shortName>Возникновение непредвиденных обстоятельств</oos:shortName><oos:cancelChance>1</oos:cancelChance><oos:legalActDetails>PPF554</oos:legalActDetails><oos:actual>true</oos:actual></nsiTenderPlan2017PositionChangeReason><nsiTenderPlan2017PositionChangeReason><oos:id>9365997</oos:id><oos:code>15</oos:code><oos:fullName>Иные случаи, установленные высшим исполнительным органом государственной власти субъекта Российской Федерации, местной администрацией в порядке формирования, утверждения и ведения планов-графиков закупок</oos:fullName><oos:shortName>Иные случаи</oos:shortName><oos:cancelChance>1</oos:cancelChance><oos:legalActDetails>PPF554</oos:legalActDetails><oos:actual>true</oos:actual></nsiTenderPlan2017PositionChangeReason><nsiTenderPlan2017PositionChangeReason><oos:id>27517224</oos:id><oos:code>16</oos:code><oos:fullName>На основании финального протокола сформирован результат определения поставщика с информацией о несостоявшейся закупке или на основании протокола отказа от заключения контракта размещена информация об отказе от заключения контракта победителя или второго участника закупки</oos:fullName><oos:shortName>Признание закупки несостоявшейся</oos:shortName><oos:cancelChance>0</oos:cancelChance><oos:legalActDetails>PPF553</oos:legalActDetails><oos:actual>true</oos:actual></nsiTenderPlan2017PositionChangeReason><nsiTenderPlan2017PositionChangeReason><oos:id>27517225</oos:id><oos:code>17</oos:code><oos:fullName>На основании финального протокола сформирован результат определения поставщика с информацией о несостоявшейся закупке или на основании протокола отказа от заключения контракта размещена информация об отказе от заключения контракта победителя или второго участника закупки</oos:fullName><oos:shortName>Признание закупки несостоявшейся</oos:shortName><oos:cancelChance>0</oos:cancelChance><oos:legalActDetails>PPF554</oos:legalActDetails><oos:actual>true</oos:actual></nsiTenderPlan2017PositionChangeReason></nsiTenderPlan2017PositionChangeReasons></export>