<?xml version="1.0" encoding="UTF-8"?><export xmlns:xsi="http://www.w3.org/2001/XMLSchema-instance" xmlns="http://zakupki.gov.ru/oos/export/1" xmlns:oos="http://zakupki.gov.ru/oos/types/1"><nsiBudgetList><nsiBudget><oos:code>24030047</oos:code><oos:name>Бюджет городского поселения &quot;Вельское&quot; Вельского муниципального района Архангельской области</oos:name><oos:actual>true</oos:actual></nsiBudget></nsiBudgetList></export>