<?xml version="1.0" encoding="UTF-8"?><export xmlns:xsi="http://www.w3.org/2001/XMLSchema-instance" xmlns:base="http://zakupki.gov.ru/oos/base/1" xmlns="http://zakupki.gov.ru/oos/export/1" xmlns:oos="http://zakupki.gov.ru/oos/types/1"><nsiCommonUnitsMeasurementList><nsiCommonUnitsMeasurement><oos:code>1</oos:code><oos:name>Комплекс</oos:name><oos:OKEIInfo><base:code>876</base:code><base:nationalCode>УСЛ ЕД</base:nationalCode><base:name>Условная единица</base:name></oos:OKEIInfo><oos:updateDate>2021-02-13T00:06:47</oos:updateDate><oos:isActual>true</oos:isActual></nsiCommonUnitsMeasurement><nsiCommonUnitsMeasurement><oos:code>2</oos:code><oos:name>1 вызов в сутки</oos:name><oos:OKEIInfo><base:code>796</base:code><base:nationalCode>ШТ</base:nationalCode><base:name>Штука</base:name></oos:OKEIInfo><oos:updateDate>2021-01-01T17:26:07</oos:updateDate><oos:isActual>true</oos:isActual></nsiCommonUnitsMeasurement><nsiCommonUnitsMeasurement><oos:code>3</oos:code><oos:name>1 га территории</oos:name><oos:OKEIInfo><base:code>059</base:code><base:nationalCode>ГА</base:nationalCode><base:name>Гектар</base:name></oos:OKEIInfo><oos:updateDate>2021-01-01T17:26:07</oos:updateDate><oos:isActual>true</oos:isActual></nsiCommonUnitsMeasurement><nsiCommonUnitsMeasurement><oos:code>4</oos:code><oos:name>1 ед. (объект)</oos:name><oos:OKEIInfo><base:code>876</base:code><base:nationalCode>УСЛ ЕД</base:nationalCode><base:name>Условная единица</base:name></oos:OKEIInfo><oos:updateDate>2021-01-01T17:26:07</oos:updateDate><oos:isActual>true</oos:isActual></nsiCommonUnitsMeasurement><nsiCommonUnitsMeasurement><oos:code>5</oos:code><oos:name>1 камера</oos:name><oos:OKEIInfo><base:code>796</base:code><base:nationalCode>ШТ</base:nationalCode><base:name>Штука</base:name></oos:OKEIInfo><oos:updateDate>2021-01-01T17:26:07</oos:updateDate><oos:isActual>true</oos:isActual></nsiCommonUnitsMeasurement><nsiCommonUnitsMeasurement><oos:code>6</oos:code><oos:name>1 кг хлора/ч</oos:name><oos:OKEIInfo><base:code>876</base:code><base:nationalCode>УСЛ ЕД</base:nationalCode><base:name>Условная единица</base:name></oos:OKEIInfo><oos:updateDate>2021-01-01T17:26:07</oos:updateDate><oos:isActual>true</oos:isActual></nsiCommonUnitsMeasurement><nsiCommonUnitsMeasurement><oos:code>7</oos:code><oos:name>1 км линии</oos:name><oos:OKEIInfo><base:code>008</base:code><base:nationalCode>КМ;^ТЫС М</base:nationalCode><base:name>Километр;^тысяча метров</base:name></oos:OKEIInfo><oos:updateDate>2021-01-01T17:26:07</oos:updateDate><oos:isActual>true</oos:isActual></nsiCommonUnitsMeasurement><nsiCommonUnitsMeasurement><oos:code>8</oos:code><oos:name>1 койко-место</oos:name><oos:OKEIInfo><base:code>698</base:code><base:nationalCode>МЕСТ</base:nationalCode><base:name>Место</base:name></oos:OKEIInfo><oos:updateDate>2021-01-01T17:26:07</oos:updateDate><oos:isActual>true</oos:isActual></nsiCommonUnitsMeasurement><nsiCommonUnitsMeasurement><oos:code>9</oos:code><oos:name>1 м2 лестничного схода</oos:name><oos:OKEIInfo><base:code>055</base:code><base:nationalCode>М2</base:nationalCode><base:name>Квадратный метр</base:name></oos:OKEIInfo><oos:updateDate>2021-01-01T17:26:07</oos:updateDate><oos:isActual>true</oos:isActual></nsiCommonUnitsMeasurement><nsiCommonUnitsMeasurement><oos:code>10</oos:code><oos:name>1 м2 общей площади</oos:name><oos:OKEIInfo><base:code>081</base:code><base:nationalCode>М2 ОБЩ ПЛ</base:nationalCode><base:name>Квадратный метр общей площади</base:name></oos:OKEIInfo><oos:updateDate>2021-01-01T17:26:10</oos:updateDate><oos:isActual>false</oos:isActual></nsiCommonUnitsMeasurement><nsiCommonUnitsMeasurement><oos:code>11</oos:code><oos:name>1 м2 общей площади жилого дома</oos:name><oos:OKEIInfo><base:code>081</base:code><base:nationalCode>М2 ОБЩ ПЛ</base:nationalCode><base:name>Квадратный метр общей площади</base:name></oos:OKEIInfo><oos:updateDate>2021-01-01T17:26:07</oos:updateDate><oos:isActual>true</oos:isActual></nsiCommonUnitsMeasurement><nsiCommonUnitsMeasurement><oos:code>12</oos:code><oos:name>1 м2 общей площади квартир</oos:name><oos:OKEIInfo><base:code>081</base:code><base:nationalCode>М2 ОБЩ ПЛ</base:nationalCode><base:name>Квадратный метр общей площади</base:name></oos:OKEIInfo><oos:updateDate>2021-01-01T17:26:07</oos:updateDate><oos:isActual>true</oos:isActual></nsiCommonUnitsMeasurement><nsiCommonUnitsMeasurement><oos:code>13</oos:code><oos:name>1 м2 площади</oos:name><oos:OKEIInfo><base:code>055</base:code><base:nationalCode>М2</base:nationalCode><base:name>Квадратный метр</base:name></oos:OKEIInfo><oos:updateDate>2021-01-01T17:26:07</oos:updateDate><oos:isActual>true</oos:isActual></nsiCommonUnitsMeasurement><nsiCommonUnitsMeasurement><oos:code>14</oos:code><oos:name>1 м2 площади помещений</oos:name><oos:OKEIInfo><base:code>081</base:code><base:nationalCode>М2 ОБЩ ПЛ</base:nationalCode><base:name>Квадратный метр общей площади</base:name></oos:OKEIInfo><oos:updateDate>2021-01-01T17:26:07</oos:updateDate><oos:isActual>true</oos:isActual></nsiCommonUnitsMeasurement><nsiCommonUnitsMeasurement><oos:code>15</oos:code><oos:name>1 м3 грунта по проектному наружному очертанию конструкций</oos:name><oos:OKEIInfo><base:code>113</base:code><base:nationalCode>М3</base:nationalCode><base:name>Кубический метр</base:name></oos:OKEIInfo><oos:updateDate>2021-01-01T17:26:07</oos:updateDate><oos:isActual>true</oos:isActual></nsiCommonUnitsMeasurement><nsiCommonUnitsMeasurement><oos:code>16</oos:code><oos:name>1 м3 здания</oos:name><oos:OKEIInfo><base:code>113</base:code><base:nationalCode>М3</base:nationalCode><base:name>Кубический метр</base:name></oos:OKEIInfo><oos:updateDate>2021-01-01T17:26:07</oos:updateDate><oos:isActual>true</oos:isActual></nsiCommonUnitsMeasurement><nsiCommonUnitsMeasurement><oos:code>17</oos:code><oos:name>1 м3 строительного объема</oos:name><oos:OKEIInfo><base:code>113</base:code><base:nationalCode>М3</base:nationalCode><base:name>Кубический метр</base:name></oos:OKEIInfo><oos:updateDate>2021-01-01T17:26:07</oos:updateDate><oos:isActual>true</oos:isActual></nsiCommonUnitsMeasurement><nsiCommonUnitsMeasurement><oos:code>18</oos:code><oos:name>1 м3/сут</oos:name><oos:OKEIInfo><base:code>876</base:code><base:nationalCode>УСЛ ЕД</base:nationalCode><base:name>Условная единица</base:name></oos:OKEIInfo><oos:updateDate>2021-01-01T17:26:07</oos:updateDate><oos:isActual>true</oos:isActual></nsiCommonUnitsMeasurement><nsiCommonUnitsMeasurement><oos:code>19</oos:code><oos:name>1 машино-место</oos:name><oos:OKEIInfo><base:code>698</base:code><base:nationalCode>МЕСТ</base:nationalCode><base:name>Место</base:name></oos:OKEIInfo><oos:updateDate>2021-01-01T17:26:07</oos:updateDate><oos:isActual>true</oos:isActual></nsiCommonUnitsMeasurement><nsiCommonUnitsMeasurement><oos:code>20</oos:code><oos:name>1 МВт</oos:name><oos:OKEIInfo><base:code>215</base:code><base:nationalCode>МЕГАВТ;^ТЫС КВТ</base:nationalCode><base:name>Мегаватт;^тысяча киловатт</base:name></oos:OKEIInfo><oos:updateDate>2021-01-01T17:26:10</oos:updateDate><oos:isActual>false</oos:isActual></nsiCommonUnitsMeasurement><nsiCommonUnitsMeasurement><oos:code>21</oos:code><oos:name>1 отвод</oos:name><oos:OKEIInfo><base:code>796</base:code><base:nationalCode>ШТ</base:nationalCode><base:name>Штука</base:name></oos:OKEIInfo><oos:updateDate>2021-01-01T17:26:07</oos:updateDate><oos:isActual>true</oos:isActual></nsiCommonUnitsMeasurement><nsiCommonUnitsMeasurement><oos:code>22</oos:code><oos:name>1 п.м. эскалаторного тоннеля</oos:name><oos:OKEIInfo><base:code>018</base:code><base:nationalCode>ПОГ М</base:nationalCode><base:name>Погонный метр</base:name></oos:OKEIInfo><oos:updateDate>2021-01-01T17:26:07</oos:updateDate><oos:isActual>true</oos:isActual></nsiCommonUnitsMeasurement><nsiCommonUnitsMeasurement><oos:code>23</oos:code><oos:name>1 павильон</oos:name><oos:OKEIInfo><base:code>796</base:code><base:nationalCode>ШТ</base:nationalCode><base:name>Штука</base:name></oos:OKEIInfo><oos:updateDate>2021-01-01T17:26:07</oos:updateDate><oos:isActual>true</oos:isActual></nsiCommonUnitsMeasurement><nsiCommonUnitsMeasurement><oos:code>24</oos:code><oos:name>1 пог. м тоннеля</oos:name><oos:OKEIInfo><base:code>018</base:code><base:nationalCode>ПОГ М</base:nationalCode><base:name>Погонный метр</base:name></oos:OKEIInfo><oos:updateDate>2021-01-01T17:26:07</oos:updateDate><oos:isActual>true</oos:isActual></nsiCommonUnitsMeasurement><nsiCommonUnitsMeasurement><oos:code>25</oos:code><oos:name>1 пог. м тоннеля (сечение 130-135 м2)</oos:name><oos:OKEIInfo><base:code>018</base:code><base:nationalCode>ПОГ М</base:nationalCode><base:name>Погонный метр</base:name></oos:OKEIInfo><oos:updateDate>2021-01-01T17:26:07</oos:updateDate><oos:isActual>true</oos:isActual></nsiCommonUnitsMeasurement><nsiCommonUnitsMeasurement><oos:code>26</oos:code><oos:name>1 пог. м тоннеля (сечение 73-80 м2)</oos:name><oos:OKEIInfo><base:code>018</base:code><base:nationalCode>ПОГ М</base:nationalCode><base:name>Погонный метр</base:name></oos:OKEIInfo><oos:updateDate>2021-01-01T17:26:07</oos:updateDate><oos:isActual>true</oos:isActual></nsiCommonUnitsMeasurement><nsiCommonUnitsMeasurement><oos:code>27</oos:code><oos:name>1 пог. м тоннеля (сечение до 27,5 м2)</oos:name><oos:OKEIInfo><base:code>018</base:code><base:nationalCode>ПОГ М</base:nationalCode><base:name>Погонный метр</base:name></oos:OKEIInfo><oos:updateDate>2021-01-01T17:26:07</oos:updateDate><oos:isActual>true</oos:isActual></nsiCommonUnitsMeasurement><nsiCommonUnitsMeasurement><oos:code>28</oos:code><oos:name>1 посадочное место на стрельбище</oos:name><oos:OKEIInfo><base:code>906</base:code><base:nationalCode>ПОСАД МЕСТ</base:nationalCode><base:name>Посадочное место</base:name></oos:OKEIInfo><oos:updateDate>2021-01-01T17:26:07</oos:updateDate><oos:isActual>true</oos:isActual></nsiCommonUnitsMeasurement><nsiCommonUnitsMeasurement><oos:code>29</oos:code><oos:name>1 посещение в смену</oos:name><oos:OKEIInfo><base:code>545</base:code><base:nationalCode>ПОСЕЩ/СМЕН</base:nationalCode><base:name>Посещение в смену</base:name></oos:OKEIInfo><oos:updateDate>2021-01-01T17:26:10</oos:updateDate><oos:isActual>false</oos:isActual></nsiCommonUnitsMeasurement><nsiCommonUnitsMeasurement><oos:code>30</oos:code><oos:name>1 прокол</oos:name><oos:OKEIInfo><base:code>796</base:code><base:nationalCode>ШТ</base:nationalCode><base:name>Штука</base:name></oos:OKEIInfo><oos:updateDate>2021-01-01T17:26:07</oos:updateDate><oos:isActual>true</oos:isActual></nsiCommonUnitsMeasurement><nsiCommonUnitsMeasurement><oos:code>31</oos:code><oos:name>1 проход</oos:name><oos:OKEIInfo><base:code>796</base:code><base:nationalCode>ШТ</base:nationalCode><base:name>Штука</base:name></oos:OKEIInfo><oos:updateDate>2021-01-01T17:26:07</oos:updateDate><oos:isActual>true</oos:isActual></nsiCommonUnitsMeasurement><nsiCommonUnitsMeasurement><oos:code>32</oos:code><oos:name>1 разделка</oos:name><oos:OKEIInfo><base:code>796</base:code><base:nationalCode>ШТ</base:nationalCode><base:name>Штука</base:name></oos:OKEIInfo><oos:updateDate>2021-01-01T17:26:07</oos:updateDate><oos:isActual>true</oos:isActual></nsiCommonUnitsMeasurement><nsiCommonUnitsMeasurement><oos:code>33</oos:code><oos:name>1 сооружение</oos:name><oos:OKEIInfo><base:code>796</base:code><base:nationalCode>ШТ</base:nationalCode><base:name>Штука</base:name></oos:OKEIInfo><oos:updateDate>2021-01-01T17:26:07</oos:updateDate><oos:isActual>true</oos:isActual></nsiCommonUnitsMeasurement><nsiCommonUnitsMeasurement><oos:code>34</oos:code><oos:name>1 тыс. м3</oos:name><oos:OKEIInfo><base:code>114</base:code><base:nationalCode>ТЫС М3</base:nationalCode><base:name>Тысяча кубических метров</base:name></oos:OKEIInfo><oos:updateDate>2021-01-01T17:26:10</oos:updateDate><oos:isActual>false</oos:isActual></nsiCommonUnitsMeasurement><nsiCommonUnitsMeasurement><oos:code>35</oos:code><oos:name>1 тыс.томов</oos:name><oos:OKEIInfo><base:code>914</base:code><base:nationalCode>ТЫС ТОМ КНИЖН ФОНД</base:nationalCode><base:name>Тысяча томов книжного фонда</base:name></oos:OKEIInfo><oos:updateDate>2021-01-01T17:26:07</oos:updateDate><oos:isActual>true</oos:isActual></nsiCommonUnitsMeasurement><nsiCommonUnitsMeasurement><oos:code>36</oos:code><oos:name>10 жил кабеля</oos:name><oos:OKEIInfo><base:code>876</base:code><base:nationalCode>УСЛ ЕД</base:nationalCode><base:name>Условная единица</base:name></oos:OKEIInfo><oos:updateDate>2021-01-01T17:26:07</oos:updateDate><oos:isActual>true</oos:isActual></nsiCommonUnitsMeasurement><nsiCommonUnitsMeasurement><oos:code>37</oos:code><oos:name>10 каналов</oos:name><oos:OKEIInfo><base:code>876</base:code><base:nationalCode>УСЛ ЕД</base:nationalCode><base:name>Условная единица</base:name></oos:OKEIInfo><oos:updateDate>2021-01-01T17:26:07</oos:updateDate><oos:isActual>true</oos:isActual></nsiCommonUnitsMeasurement><nsiCommonUnitsMeasurement><oos:code>38</oos:code><oos:name>10 кг</oos:name><oos:OKEIInfo><base:code>876</base:code><base:nationalCode>УСЛ ЕД</base:nationalCode><base:name>Условная единица</base:name></oos:OKEIInfo><oos:updateDate>2021-01-01T17:26:07</oos:updateDate><oos:isActual>true</oos:isActual></nsiCommonUnitsMeasurement><nsiCommonUnitsMeasurement><oos:code>39</oos:code><oos:name>10 км</oos:name><oos:OKEIInfo><base:code>876</base:code><base:nationalCode>УСЛ ЕД</base:nationalCode><base:name>Условная единица</base:name></oos:OKEIInfo><oos:updateDate>2021-01-01T17:26:07</oos:updateDate><oos:isActual>true</oos:isActual></nsiCommonUnitsMeasurement><nsiCommonUnitsMeasurement><oos:code>40</oos:code><oos:name>10 компл</oos:name><oos:OKEIInfo><base:code>876</base:code><base:nationalCode>УСЛ ЕД</base:nationalCode><base:name>Условная единица</base:name></oos:OKEIInfo><oos:updateDate>2021-01-01T17:26:07</oos:updateDate><oos:isActual>true</oos:isActual></nsiCommonUnitsMeasurement><nsiCommonUnitsMeasurement><oos:code>41</oos:code><oos:name>10 концов кабеля</oos:name><oos:OKEIInfo><base:code>876</base:code><base:nationalCode>УСЛ ЕД</base:nationalCode><base:name>Условная единица</base:name></oos:OKEIInfo><oos:updateDate>2021-01-01T17:26:07</oos:updateDate><oos:isActual>true</oos:isActual></nsiCommonUnitsMeasurement><nsiCommonUnitsMeasurement><oos:code>42</oos:code><oos:name>10 лент</oos:name><oos:OKEIInfo><base:code>876</base:code><base:nationalCode>УСЛ ЕД</base:nationalCode><base:name>Условная единица</base:name></oos:OKEIInfo><oos:updateDate>2021-01-01T17:26:07</oos:updateDate><oos:isActual>true</oos:isActual></nsiCommonUnitsMeasurement><nsiCommonUnitsMeasurement><oos:code>43</oos:code><oos:name>10 лучей</oos:name><oos:OKEIInfo><base:code>876</base:code><base:nationalCode>УСЛ ЕД</base:nationalCode><base:name>Условная единица</base:name></oos:OKEIInfo><oos:updateDate>2021-01-01T17:26:07</oos:updateDate><oos:isActual>true</oos:isActual></nsiCommonUnitsMeasurement><nsiCommonUnitsMeasurement><oos:code>44</oos:code><oos:name>10 м</oos:name><oos:OKEIInfo><base:code>876</base:code><base:nationalCode>УСЛ ЕД</base:nationalCode><base:name>Условная единица</base:name></oos:OKEIInfo><oos:updateDate>2021-01-01T17:26:07</oos:updateDate><oos:isActual>true</oos:isActual></nsiCommonUnitsMeasurement><nsiCommonUnitsMeasurement><oos:code>45</oos:code><oos:name>10 м2</oos:name><oos:OKEIInfo><base:code>876</base:code><base:nationalCode>УСЛ ЕД</base:nationalCode><base:name>Условная единица</base:name></oos:OKEIInfo><oos:updateDate>2021-01-01T17:26:07</oos:updateDate><oos:isActual>true</oos:isActual></nsiCommonUnitsMeasurement><nsiCommonUnitsMeasurement><oos:code>46</oos:code><oos:name>10 м2 горизонтальной проекции</oos:name><oos:OKEIInfo><base:code>876</base:code><base:nationalCode>УСЛ ЕД</base:nationalCode><base:name>Условная единица</base:name></oos:OKEIInfo><oos:updateDate>2021-01-01T17:26:07</oos:updateDate><oos:isActual>true</oos:isActual></nsiCommonUnitsMeasurement><nsiCommonUnitsMeasurement><oos:code>47</oos:code><oos:name>10 м2 площади застройки</oos:name><oos:OKEIInfo><base:code>876</base:code><base:nationalCode>УСЛ ЕД</base:nationalCode><base:name>Условная единица</base:name></oos:OKEIInfo><oos:updateDate>2021-01-01T17:26:07</oos:updateDate><oos:isActual>true</oos:isActual></nsiCommonUnitsMeasurement><nsiCommonUnitsMeasurement><oos:code>48</oos:code><oos:name>10 м3</oos:name><oos:OKEIInfo><base:code>876</base:code><base:nationalCode>УСЛ ЕД</base:nationalCode><base:name>Условная единица</base:name></oos:OKEIInfo><oos:updateDate>2021-01-01T17:26:07</oos:updateDate><oos:isActual>true</oos:isActual></nsiCommonUnitsMeasurement><nsiCommonUnitsMeasurement><oos:code>49</oos:code><oos:name>10 м3 строительного объема</oos:name><oos:OKEIInfo><base:code>876</base:code><base:nationalCode>УСЛ ЕД</base:nationalCode><base:name>Условная единица</base:name></oos:OKEIInfo><oos:updateDate>2021-01-01T17:26:07</oos:updateDate><oos:isActual>true</oos:isActual></nsiCommonUnitsMeasurement><nsiCommonUnitsMeasurement><oos:code>50</oos:code><oos:name>10 пар</oos:name><oos:OKEIInfo><base:code>732</base:code><base:nationalCode>ДЕС ПАР</base:nationalCode><base:name>Десять пар</base:name></oos:OKEIInfo><oos:updateDate>2021-01-01T17:26:10</oos:updateDate><oos:isActual>false</oos:isActual></nsiCommonUnitsMeasurement><nsiCommonUnitsMeasurement><oos:code>51</oos:code><oos:name>10 стоек</oos:name><oos:OKEIInfo><base:code>876</base:code><base:nationalCode>УСЛ ЕД</base:nationalCode><base:name>Условная единица</base:name></oos:OKEIInfo><oos:updateDate>2021-01-01T17:26:07</oos:updateDate><oos:isActual>true</oos:isActual></nsiCommonUnitsMeasurement><nsiCommonUnitsMeasurement><oos:code>52</oos:code><oos:name>10 т</oos:name><oos:OKEIInfo><base:code>876</base:code><base:nationalCode>УСЛ ЕД</base:nationalCode><base:name>Условная единица</base:name></oos:OKEIInfo><oos:updateDate>2021-01-01T17:26:07</oos:updateDate><oos:isActual>true</oos:isActual></nsiCommonUnitsMeasurement><nsiCommonUnitsMeasurement><oos:code>53</oos:code><oos:name>10 х 4 жил</oos:name><oos:OKEIInfo><base:code>876</base:code><base:nationalCode>УСЛ ЕД</base:nationalCode><base:name>Условная единица</base:name></oos:OKEIInfo><oos:updateDate>2021-01-01T17:26:07</oos:updateDate><oos:isActual>true</oos:isActual></nsiCommonUnitsMeasurement><nsiCommonUnitsMeasurement><oos:code>54</oos:code><oos:name>10 шт</oos:name><oos:OKEIInfo><base:code>876</base:code><base:nationalCode>УСЛ ЕД</base:nationalCode><base:name>Условная единица</base:name></oos:OKEIInfo><oos:updateDate>2021-01-01T17:26:07</oos:updateDate><oos:isActual>true</oos:isActual></nsiCommonUnitsMeasurement><nsiCommonUnitsMeasurement><oos:code>55</oos:code><oos:name>100 га</oos:name><oos:OKEIInfo><base:code>876</base:code><base:nationalCode>УСЛ ЕД</base:nationalCode><base:name>Условная единица</base:name></oos:OKEIInfo><oos:updateDate>2021-01-01T17:26:07</oos:updateDate><oos:isActual>true</oos:isActual></nsiCommonUnitsMeasurement><nsiCommonUnitsMeasurement><oos:code>56</oos:code><oos:name>100 деревьев</oos:name><oos:OKEIInfo><base:code>797</base:code><base:nationalCode>100 ШТ</base:nationalCode><base:name>Сто штук</base:name></oos:OKEIInfo><oos:updateDate>2021-01-01T17:26:07</oos:updateDate><oos:isActual>true</oos:isActual></nsiCommonUnitsMeasurement><nsiCommonUnitsMeasurement><oos:code>57</oos:code><oos:name>100 измерений</oos:name><oos:OKEIInfo><base:code>797</base:code><base:nationalCode>100 ШТ</base:nationalCode><base:name>Сто штук</base:name></oos:OKEIInfo><oos:updateDate>2021-01-01T17:26:08</oos:updateDate><oos:isActual>true</oos:isActual></nsiCommonUnitsMeasurement><nsiCommonUnitsMeasurement><oos:code>58</oos:code><oos:name>100 кВт</oos:name><oos:OKEIInfo><base:code>876</base:code><base:nationalCode>УСЛ ЕД</base:nationalCode><base:name>Условная единица</base:name></oos:OKEIInfo><oos:updateDate>2021-01-01T17:26:08</oos:updateDate><oos:isActual>true</oos:isActual></nsiCommonUnitsMeasurement><nsiCommonUnitsMeasurement><oos:code>59</oos:code><oos:name>100 кг</oos:name><oos:OKEIInfo><base:code>206</base:code><base:nationalCode>Ц</base:nationalCode><base:name>Центнер (метрический)^(100 кг);^ гектокилограмм;^ квинтал[*] (метрический);^децитоннах</base:name></oos:OKEIInfo><oos:updateDate>2021-01-01T17:26:08</oos:updateDate><oos:isActual>true</oos:isActual></nsiCommonUnitsMeasurement><nsiCommonUnitsMeasurement><oos:code>60</oos:code><oos:name>100 кирпичей</oos:name><oos:OKEIInfo><base:code>797</base:code><base:nationalCode>100 ШТ</base:nationalCode><base:name>Сто штук</base:name></oos:OKEIInfo><oos:updateDate>2021-01-01T17:26:08</oos:updateDate><oos:isActual>true</oos:isActual></nsiCommonUnitsMeasurement><nsiCommonUnitsMeasurement><oos:code>61</oos:code><oos:name>100 компл</oos:name><oos:OKEIInfo><base:code>797</base:code><base:nationalCode>100 ШТ</base:nationalCode><base:name>Сто штук</base:name></oos:OKEIInfo><oos:updateDate>2021-01-01T17:26:08</oos:updateDate><oos:isActual>true</oos:isActual></nsiCommonUnitsMeasurement><nsiCommonUnitsMeasurement><oos:code>62</oos:code><oos:name>100 концов жил</oos:name><oos:OKEIInfo><base:code>797</base:code><base:nationalCode>100 ШТ</base:nationalCode><base:name>Сто штук</base:name></oos:OKEIInfo><oos:updateDate>2021-01-01T17:26:08</oos:updateDate><oos:isActual>true</oos:isActual></nsiCommonUnitsMeasurement><nsiCommonUnitsMeasurement><oos:code>63</oos:code><oos:name>100 л</oos:name><oos:OKEIInfo><base:code>122</base:code><base:nationalCode>ГЛ</base:nationalCode><base:name>Гектолитр</base:name></oos:OKEIInfo><oos:updateDate>2021-01-01T17:26:08</oos:updateDate><oos:isActual>true</oos:isActual></nsiCommonUnitsMeasurement><nsiCommonUnitsMeasurement><oos:code>64</oos:code><oos:name>100 линий</oos:name><oos:OKEIInfo><base:code>797</base:code><base:nationalCode>100 ШТ</base:nationalCode><base:name>Сто штук</base:name></oos:OKEIInfo><oos:updateDate>2021-01-01T17:26:08</oos:updateDate><oos:isActual>true</oos:isActual></nsiCommonUnitsMeasurement><nsiCommonUnitsMeasurement><oos:code>65</oos:code><oos:name>100 м</oos:name><oos:OKEIInfo><base:code>876</base:code><base:nationalCode>УСЛ ЕД</base:nationalCode><base:name>Условная единица</base:name></oos:OKEIInfo><oos:updateDate>2021-01-01T17:26:08</oos:updateDate><oos:isActual>true</oos:isActual></nsiCommonUnitsMeasurement><nsiCommonUnitsMeasurement><oos:code>66</oos:code><oos:name>100 м кабеля</oos:name><oos:OKEIInfo><base:code>876</base:code><base:nationalCode>УСЛ ЕД</base:nationalCode><base:name>Условная единица</base:name></oos:OKEIInfo><oos:updateDate>2021-01-01T17:26:08</oos:updateDate><oos:isActual>true</oos:isActual></nsiCommonUnitsMeasurement><nsiCommonUnitsMeasurement><oos:code>67</oos:code><oos:name>100 м канала</oos:name><oos:OKEIInfo><base:code>876</base:code><base:nationalCode>УСЛ ЕД</base:nationalCode><base:name>Условная единица</base:name></oos:OKEIInfo><oos:updateDate>2021-01-01T17:26:08</oos:updateDate><oos:isActual>true</oos:isActual></nsiCommonUnitsMeasurement><nsiCommonUnitsMeasurement><oos:code>68</oos:code><oos:name>100 м компл. штанг</oos:name><oos:OKEIInfo><base:code>876</base:code><base:nationalCode>УСЛ ЕД</base:nationalCode><base:name>Условная единица</base:name></oos:OKEIInfo><oos:updateDate>2021-01-01T17:26:08</oos:updateDate><oos:isActual>true</oos:isActual></nsiCommonUnitsMeasurement><nsiCommonUnitsMeasurement><oos:code>69</oos:code><oos:name>100 м проходки</oos:name><oos:OKEIInfo><base:code>876</base:code><base:nationalCode>УСЛ ЕД</base:nationalCode><base:name>Условная единица</base:name></oos:OKEIInfo><oos:updateDate>2021-01-01T17:26:08</oos:updateDate><oos:isActual>true</oos:isActual></nsiCommonUnitsMeasurement><nsiCommonUnitsMeasurement><oos:code>70</oos:code><oos:name>100 м пути</oos:name><oos:OKEIInfo><base:code>876</base:code><base:nationalCode>УСЛ ЕД</base:nationalCode><base:name>Условная единица</base:name></oos:OKEIInfo><oos:updateDate>2021-01-01T17:26:08</oos:updateDate><oos:isActual>true</oos:isActual></nsiCommonUnitsMeasurement><nsiCommonUnitsMeasurement><oos:code>71</oos:code><oos:name>100 м стоек</oos:name><oos:OKEIInfo><base:code>876</base:code><base:nationalCode>УСЛ ЕД</base:nationalCode><base:name>Условная единица</base:name></oos:OKEIInfo><oos:updateDate>2021-01-01T17:26:08</oos:updateDate><oos:isActual>true</oos:isActual></nsiCommonUnitsMeasurement><nsiCommonUnitsMeasurement><oos:code>72</oos:code><oos:name>100 м ступеней</oos:name><oos:OKEIInfo><base:code>876</base:code><base:nationalCode>УСЛ ЕД</base:nationalCode><base:name>Условная единица</base:name></oos:OKEIInfo><oos:updateDate>2021-01-01T17:26:08</oos:updateDate><oos:isActual>true</oos:isActual></nsiCommonUnitsMeasurement><nsiCommonUnitsMeasurement><oos:code>73</oos:code><oos:name>100 м тоннеля</oos:name><oos:OKEIInfo><base:code>876</base:code><base:nationalCode>УСЛ ЕД</base:nationalCode><base:name>Условная единица</base:name></oos:OKEIInfo><oos:updateDate>2021-01-01T17:26:08</oos:updateDate><oos:isActual>true</oos:isActual></nsiCommonUnitsMeasurement><nsiCommonUnitsMeasurement><oos:code>74</oos:code><oos:name>100 м трассы</oos:name><oos:OKEIInfo><base:code>876</base:code><base:nationalCode>УСЛ ЕД</base:nationalCode><base:name>Условная единица</base:name></oos:OKEIInfo><oos:updateDate>2021-01-01T17:26:08</oos:updateDate><oos:isActual>true</oos:isActual></nsiCommonUnitsMeasurement><nsiCommonUnitsMeasurement><oos:code>75</oos:code><oos:name>100 м труб</oos:name><oos:OKEIInfo><base:code>876</base:code><base:nationalCode>УСЛ ЕД</base:nationalCode><base:name>Условная единица</base:name></oos:OKEIInfo><oos:updateDate>2021-01-01T17:26:08</oos:updateDate><oos:isActual>true</oos:isActual></nsiCommonUnitsMeasurement><nsiCommonUnitsMeasurement><oos:code>76</oos:code><oos:name>100 м трубопровода</oos:name><oos:OKEIInfo><base:code>876</base:code><base:nationalCode>УСЛ ЕД</base:nationalCode><base:name>Условная единица</base:name></oos:OKEIInfo><oos:updateDate>2021-01-01T17:26:08</oos:updateDate><oos:isActual>true</oos:isActual></nsiCommonUnitsMeasurement><nsiCommonUnitsMeasurement><oos:code>77</oos:code><oos:name>100 м трубы, уложенной в футляр</oos:name><oos:OKEIInfo><base:code>876</base:code><base:nationalCode>УСЛ ЕД</base:nationalCode><base:name>Условная единица</base:name></oos:OKEIInfo><oos:updateDate>2021-01-01T17:26:08</oos:updateDate><oos:isActual>true</oos:isActual></nsiCommonUnitsMeasurement><nsiCommonUnitsMeasurement><oos:code>78</oos:code><oos:name>100 м2</oos:name><oos:OKEIInfo><base:code>054</base:code><base:nationalCode>ТЫС ДМ2</base:nationalCode><base:name>Тысяча квадратных дециметров</base:name></oos:OKEIInfo><oos:updateDate>2021-01-01T17:26:08</oos:updateDate><oos:isActual>true</oos:isActual></nsiCommonUnitsMeasurement><nsiCommonUnitsMeasurement><oos:code>79</oos:code><oos:name>100 м2 горизонтальной проекции</oos:name><oos:OKEIInfo><base:code>054</base:code><base:nationalCode>ТЫС ДМ2</base:nationalCode><base:name>Тысяча квадратных дециметров</base:name></oos:OKEIInfo><oos:updateDate>2021-01-01T17:26:08</oos:updateDate><oos:isActual>true</oos:isActual></nsiCommonUnitsMeasurement><nsiCommonUnitsMeasurement><oos:code>80</oos:code><oos:name>100 м2 покрытия</oos:name><oos:OKEIInfo><base:code>054</base:code><base:nationalCode>ТЫС ДМ2</base:nationalCode><base:name>Тысяча квадратных дециметров</base:name></oos:OKEIInfo><oos:updateDate>2021-01-01T17:26:08</oos:updateDate><oos:isActual>true</oos:isActual></nsiCommonUnitsMeasurement><nsiCommonUnitsMeasurement><oos:code>81</oos:code><oos:name>100 м2 территории</oos:name><oos:OKEIInfo><base:code>054</base:code><base:nationalCode>ТЫС ДМ2</base:nationalCode><base:name>Тысяча квадратных дециметров</base:name></oos:OKEIInfo><oos:updateDate>2021-01-01T17:26:08</oos:updateDate><oos:isActual>true</oos:isActual></nsiCommonUnitsMeasurement><nsiCommonUnitsMeasurement><oos:code>82</oos:code><oos:name>100 м3</oos:name><oos:OKEIInfo><base:code>876</base:code><base:nationalCode>УСЛ ЕД</base:nationalCode><base:name>Условная единица</base:name></oos:OKEIInfo><oos:updateDate>2021-01-01T17:26:08</oos:updateDate><oos:isActual>true</oos:isActual></nsiCommonUnitsMeasurement><nsiCommonUnitsMeasurement><oos:code>83</oos:code><oos:name>100 м3 грунта</oos:name><oos:OKEIInfo><base:code>876</base:code><base:nationalCode>УСЛ ЕД</base:nationalCode><base:name>Условная единица</base:name></oos:OKEIInfo><oos:updateDate>2021-01-01T17:26:08</oos:updateDate><oos:isActual>true</oos:isActual></nsiCommonUnitsMeasurement><nsiCommonUnitsMeasurement><oos:code>84</oos:code><oos:name>100 м3 камеры</oos:name><oos:OKEIInfo><base:code>876</base:code><base:nationalCode>УСЛ ЕД</base:nationalCode><base:name>Условная единица</base:name></oos:OKEIInfo><oos:updateDate>2021-01-01T17:26:08</oos:updateDate><oos:isActual>true</oos:isActual></nsiCommonUnitsMeasurement><nsiCommonUnitsMeasurement><oos:code>85</oos:code><oos:name>100 м3 строительного объема, включая подвал</oos:name><oos:OKEIInfo><base:code>876</base:code><base:nationalCode>УСЛ ЕД</base:nationalCode><base:name>Условная единица</base:name></oos:OKEIInfo><oos:updateDate>2021-01-01T17:26:08</oos:updateDate><oos:isActual>true</oos:isActual></nsiCommonUnitsMeasurement><nsiCommonUnitsMeasurement><oos:code>86</oos:code><oos:name>100 мест</oos:name><oos:OKEIInfo><base:code>797</base:code><base:nationalCode>100 ШТ</base:nationalCode><base:name>Сто штук</base:name></oos:OKEIInfo><oos:updateDate>2021-01-01T17:26:08</oos:updateDate><oos:isActual>true</oos:isActual></nsiCommonUnitsMeasurement><nsiCommonUnitsMeasurement><oos:code>87</oos:code><oos:name>100 номеров</oos:name><oos:OKEIInfo><base:code>797</base:code><base:nationalCode>100 ШТ</base:nationalCode><base:name>Сто штук</base:name></oos:OKEIInfo><oos:updateDate>2021-01-01T17:26:08</oos:updateDate><oos:isActual>true</oos:isActual></nsiCommonUnitsMeasurement><nsiCommonUnitsMeasurement><oos:code>88</oos:code><oos:name>100 отверстий</oos:name><oos:OKEIInfo><base:code>797</base:code><base:nationalCode>100 ШТ</base:nationalCode><base:name>Сто штук</base:name></oos:OKEIInfo><oos:updateDate>2021-01-01T17:26:08</oos:updateDate><oos:isActual>true</oos:isActual></nsiCommonUnitsMeasurement><nsiCommonUnitsMeasurement><oos:code>89</oos:code><oos:name>100 п.м. тупика в 4-х путном исполнении</oos:name><oos:OKEIInfo><base:code>876</base:code><base:nationalCode>УСЛ ЕД</base:nationalCode><base:name>Условная единица</base:name></oos:OKEIInfo><oos:updateDate>2021-01-01T17:26:08</oos:updateDate><oos:isActual>true</oos:isActual></nsiCommonUnitsMeasurement><nsiCommonUnitsMeasurement><oos:code>90</oos:code><oos:name>100 пар</oos:name><oos:OKEIInfo><base:code>797</base:code><base:nationalCode>100 ШТ</base:nationalCode><base:name>Сто штук</base:name></oos:OKEIInfo><oos:updateDate>2021-01-01T17:26:08</oos:updateDate><oos:isActual>true</oos:isActual></nsiCommonUnitsMeasurement><nsiCommonUnitsMeasurement><oos:code>91</oos:code><oos:name>100 перемычек</oos:name><oos:OKEIInfo><base:code>797</base:code><base:nationalCode>100 ШТ</base:nationalCode><base:name>Сто штук</base:name></oos:OKEIInfo><oos:updateDate>2021-01-01T17:26:08</oos:updateDate><oos:isActual>true</oos:isActual></nsiCommonUnitsMeasurement><nsiCommonUnitsMeasurement><oos:code>92</oos:code><oos:name>100 пог.м</oos:name><oos:OKEIInfo><base:code>876</base:code><base:nationalCode>УСЛ ЕД</base:nationalCode><base:name>Условная единица</base:name></oos:OKEIInfo><oos:updateDate>2021-01-01T17:26:08</oos:updateDate><oos:isActual>true</oos:isActual></nsiCommonUnitsMeasurement><nsiCommonUnitsMeasurement><oos:code>93</oos:code><oos:name>100 резов</oos:name><oos:OKEIInfo><base:code>797</base:code><base:nationalCode>100 ШТ</base:nationalCode><base:name>Сто штук</base:name></oos:OKEIInfo><oos:updateDate>2021-01-01T17:26:08</oos:updateDate><oos:isActual>true</oos:isActual></nsiCommonUnitsMeasurement><nsiCommonUnitsMeasurement><oos:code>94</oos:code><oos:name>100 соединений</oos:name><oos:OKEIInfo><base:code>797</base:code><base:nationalCode>100 ШТ</base:nationalCode><base:name>Сто штук</base:name></oos:OKEIInfo><oos:updateDate>2021-01-01T17:26:08</oos:updateDate><oos:isActual>true</oos:isActual></nsiCommonUnitsMeasurement><nsiCommonUnitsMeasurement><oos:code>95</oos:code><oos:name>100 т</oos:name><oos:OKEIInfo><base:code>876</base:code><base:nationalCode>УСЛ ЕД</base:nationalCode><base:name>Условная единица</base:name></oos:OKEIInfo><oos:updateDate>2021-01-01T17:26:08</oos:updateDate><oos:isActual>true</oos:isActual></nsiCommonUnitsMeasurement><nsiCommonUnitsMeasurement><oos:code>96</oos:code><oos:name>100 т конструкций</oos:name><oos:OKEIInfo><base:code>876</base:code><base:nationalCode>УСЛ ЕД</base:nationalCode><base:name>Условная единица</base:name></oos:OKEIInfo><oos:updateDate>2021-01-01T17:26:08</oos:updateDate><oos:isActual>true</oos:isActual></nsiCommonUnitsMeasurement><nsiCommonUnitsMeasurement><oos:code>97</oos:code><oos:name>100 узлов</oos:name><oos:OKEIInfo><base:code>797</base:code><base:nationalCode>100 ШТ</base:nationalCode><base:name>Сто штук</base:name></oos:OKEIInfo><oos:updateDate>2021-01-01T17:26:08</oos:updateDate><oos:isActual>true</oos:isActual></nsiCommonUnitsMeasurement><nsiCommonUnitsMeasurement><oos:code>98</oos:code><oos:name>100 штанг</oos:name><oos:OKEIInfo><base:code>797</base:code><base:nationalCode>100 ШТ</base:nationalCode><base:name>Сто штук</base:name></oos:OKEIInfo><oos:updateDate>2021-01-01T17:26:08</oos:updateDate><oos:isActual>true</oos:isActual></nsiCommonUnitsMeasurement><nsiCommonUnitsMeasurement><oos:code>99</oos:code><oos:name>100 экм</oos:name><oos:OKEIInfo><base:code>797</base:code><base:nationalCode>100 ШТ</base:nationalCode><base:name>Сто штук</base:name></oos:OKEIInfo><oos:updateDate>2021-01-01T17:26:08</oos:updateDate><oos:isActual>true</oos:isActual></nsiCommonUnitsMeasurement><nsiCommonUnitsMeasurement><oos:code>100</oos:code><oos:name>1000 м2</oos:name><oos:OKEIInfo><base:code>058</base:code><base:nationalCode>ТЫС М2</base:nationalCode><base:name>Тысяча квадратных метров</base:name></oos:OKEIInfo><oos:updateDate>2021-01-01T17:26:10</oos:updateDate><oos:isActual>false</oos:isActual></nsiCommonUnitsMeasurement><nsiCommonUnitsMeasurement><oos:code>101</oos:code><oos:name>1000 м2 площади покрытия взлетно-посадочной полосы</oos:name><oos:OKEIInfo><base:code>058</base:code><base:nationalCode>ТЫС М2</base:nationalCode><base:name>Тысяча квадратных метров</base:name></oos:OKEIInfo><oos:updateDate>2021-01-01T17:26:08</oos:updateDate><oos:isActual>true</oos:isActual></nsiCommonUnitsMeasurement><nsiCommonUnitsMeasurement><oos:code>102</oos:code><oos:name>1000 м2 площади покрытия магистральной рулежной дорожки</oos:name><oos:OKEIInfo><base:code>058</base:code><base:nationalCode>ТЫС М2</base:nationalCode><base:name>Тысяча квадратных метров</base:name></oos:OKEIInfo><oos:updateDate>2021-01-01T17:26:08</oos:updateDate><oos:isActual>true</oos:isActual></nsiCommonUnitsMeasurement><nsiCommonUnitsMeasurement><oos:code>103</oos:code><oos:name>1000 м2 площади покрытия места стоянки вертолетов</oos:name><oos:OKEIInfo><base:code>058</base:code><base:nationalCode>ТЫС М2</base:nationalCode><base:name>Тысяча квадратных метров</base:name></oos:OKEIInfo><oos:updateDate>2021-01-01T17:26:08</oos:updateDate><oos:isActual>true</oos:isActual></nsiCommonUnitsMeasurement><nsiCommonUnitsMeasurement><oos:code>104</oos:code><oos:name>1000 м2 площади покрытия места стоянки воздушного судна</oos:name><oos:OKEIInfo><base:code>058</base:code><base:nationalCode>ТЫС М2</base:nationalCode><base:name>Тысяча квадратных метров</base:name></oos:OKEIInfo><oos:updateDate>2021-01-01T17:26:08</oos:updateDate><oos:isActual>true</oos:isActual></nsiCommonUnitsMeasurement><nsiCommonUnitsMeasurement><oos:code>105</oos:code><oos:name>1000 м2 площади покрытия перрона с местами стоянки воздушных судов</oos:name><oos:OKEIInfo><base:code>058</base:code><base:nationalCode>ТЫС М2</base:nationalCode><base:name>Тысяча квадратных метров</base:name></oos:OKEIInfo><oos:updateDate>2021-01-01T17:26:08</oos:updateDate><oos:isActual>true</oos:isActual></nsiCommonUnitsMeasurement><nsiCommonUnitsMeasurement><oos:code>106</oos:code><oos:name>1000 м2 площади покрытия площадки</oos:name><oos:OKEIInfo><base:code>058</base:code><base:nationalCode>ТЫС М2</base:nationalCode><base:name>Тысяча квадратных метров</base:name></oos:OKEIInfo><oos:updateDate>2021-01-01T17:26:08</oos:updateDate><oos:isActual>true</oos:isActual></nsiCommonUnitsMeasurement><nsiCommonUnitsMeasurement><oos:code>107</oos:code><oos:name>1000 м2 покрытия рулежной дорожки</oos:name><oos:OKEIInfo><base:code>058</base:code><base:nationalCode>ТЫС М2</base:nationalCode><base:name>Тысяча квадратных метров</base:name></oos:OKEIInfo><oos:updateDate>2021-01-01T17:26:08</oos:updateDate><oos:isActual>true</oos:isActual></nsiCommonUnitsMeasurement><nsiCommonUnitsMeasurement><oos:code>108</oos:code><oos:name>1000 м2 покрытия скоростной рулежной дорожки</oos:name><oos:OKEIInfo><base:code>058</base:code><base:nationalCode>ТЫС М2</base:nationalCode><base:name>Тысяча квадратных метров</base:name></oos:OKEIInfo><oos:updateDate>2021-01-01T17:26:08</oos:updateDate><oos:isActual>true</oos:isActual></nsiCommonUnitsMeasurement><nsiCommonUnitsMeasurement><oos:code>109</oos:code><oos:name>1000 м2 привокзальной площади</oos:name><oos:OKEIInfo><base:code>058</base:code><base:nationalCode>ТЫС М2</base:nationalCode><base:name>Тысяча квадратных метров</base:name></oos:OKEIInfo><oos:updateDate>2021-01-01T17:26:08</oos:updateDate><oos:isActual>true</oos:isActual></nsiCommonUnitsMeasurement><nsiCommonUnitsMeasurement><oos:code>110</oos:code><oos:name>1000 м2 территории</oos:name><oos:OKEIInfo><base:code>058</base:code><base:nationalCode>ТЫС М2</base:nationalCode><base:name>Тысяча квадратных метров</base:name></oos:OKEIInfo><oos:updateDate>2021-01-01T17:26:08</oos:updateDate><oos:isActual>true</oos:isActual></nsiCommonUnitsMeasurement><nsiCommonUnitsMeasurement><oos:code>111</oos:code><oos:name>1000 м3/ч</oos:name><oos:OKEIInfo><base:code>508</base:code><base:nationalCode>ТЫС М3/Ч</base:nationalCode><base:name>Тысяча метров кубических в час</base:name></oos:OKEIInfo><oos:updateDate>2021-01-01T17:26:10</oos:updateDate><oos:isActual>false</oos:isActual></nsiCommonUnitsMeasurement><nsiCommonUnitsMeasurement><oos:code>112</oos:code><oos:name>1000 номеров</oos:name><oos:OKEIInfo><base:code>709</base:code><base:nationalCode>ТЫС НОМ</base:nationalCode><base:name>Тысяча номеров</base:name></oos:OKEIInfo><oos:updateDate>2021-01-01T17:26:10</oos:updateDate><oos:isActual>false</oos:isActual></nsiCommonUnitsMeasurement><nsiCommonUnitsMeasurement><oos:code>113</oos:code><oos:name>10000 т.м</oos:name><oos:OKEIInfo><base:code>876</base:code><base:nationalCode>УСЛ ЕД</base:nationalCode><base:name>Условная единица</base:name></oos:OKEIInfo><oos:updateDate>2021-01-01T17:26:08</oos:updateDate><oos:isActual>true</oos:isActual></nsiCommonUnitsMeasurement><nsiCommonUnitsMeasurement><oos:code>114</oos:code><oos:name>10000 шт</oos:name><oos:OKEIInfo><base:code>876</base:code><base:nationalCode>УСЛ ЕД</base:nationalCode><base:name>Условная единица</base:name></oos:OKEIInfo><oos:updateDate>2021-01-01T17:26:08</oos:updateDate><oos:isActual>true</oos:isActual></nsiCommonUnitsMeasurement><nsiCommonUnitsMeasurement><oos:code>115</oos:code><oos:name>15 град</oos:name><oos:OKEIInfo><base:code>876</base:code><base:nationalCode>УСЛ ЕД</base:nationalCode><base:name>Условная единица</base:name></oos:OKEIInfo><oos:updateDate>2021-01-01T17:26:08</oos:updateDate><oos:isActual>true</oos:isActual></nsiCommonUnitsMeasurement><nsiCommonUnitsMeasurement><oos:code>116</oos:code><oos:name>2 м</oos:name><oos:OKEIInfo><base:code>876</base:code><base:nationalCode>УСЛ ЕД</base:nationalCode><base:name>Условная единица</base:name></oos:OKEIInfo><oos:updateDate>2021-01-01T17:26:08</oos:updateDate><oos:isActual>true</oos:isActual></nsiCommonUnitsMeasurement><nsiCommonUnitsMeasurement><oos:code>117</oos:code><oos:name>2 секции</oos:name><oos:OKEIInfo><base:code>876</base:code><base:nationalCode>УСЛ ЕД</base:nationalCode><base:name>Условная единица</base:name></oos:OKEIInfo><oos:updateDate>2021-01-01T17:26:08</oos:updateDate><oos:isActual>true</oos:isActual></nsiCommonUnitsMeasurement><nsiCommonUnitsMeasurement><oos:code>118</oos:code><oos:name>2 системы</oos:name><oos:OKEIInfo><base:code>876</base:code><base:nationalCode>УСЛ ЕД</base:nationalCode><base:name>Условная единица</base:name></oos:OKEIInfo><oos:updateDate>2021-01-01T17:26:08</oos:updateDate><oos:isActual>true</oos:isActual></nsiCommonUnitsMeasurement><nsiCommonUnitsMeasurement><oos:code>119</oos:code><oos:name>2 стыка</oos:name><oos:OKEIInfo><base:code>876</base:code><base:nationalCode>УСЛ ЕД</base:nationalCode><base:name>Условная единица</base:name></oos:OKEIInfo><oos:updateDate>2021-01-01T17:26:08</oos:updateDate><oos:isActual>true</oos:isActual></nsiCommonUnitsMeasurement><nsiCommonUnitsMeasurement><oos:code>120</oos:code><oos:name>2000 м</oos:name><oos:OKEIInfo><base:code>876</base:code><base:nationalCode>УСЛ ЕД</base:nationalCode><base:name>Условная единица</base:name></oos:OKEIInfo><oos:updateDate>2021-01-01T17:26:08</oos:updateDate><oos:isActual>true</oos:isActual></nsiCommonUnitsMeasurement><nsiCommonUnitsMeasurement><oos:code>121</oos:code><oos:name>3,2 м</oos:name><oos:OKEIInfo><base:code>876</base:code><base:nationalCode>УСЛ ЕД</base:nationalCode><base:name>Условная единица</base:name></oos:OKEIInfo><oos:updateDate>2021-01-01T17:26:08</oos:updateDate><oos:isActual>true</oos:isActual></nsiCommonUnitsMeasurement><nsiCommonUnitsMeasurement><oos:code>122</oos:code><oos:name>300 м</oos:name><oos:OKEIInfo><base:code>876</base:code><base:nationalCode>УСЛ ЕД</base:nationalCode><base:name>Условная единица</base:name></oos:OKEIInfo><oos:updateDate>2021-01-01T17:26:08</oos:updateDate><oos:isActual>true</oos:isActual></nsiCommonUnitsMeasurement><nsiCommonUnitsMeasurement><oos:code>123</oos:code><oos:name>4 линии</oos:name><oos:OKEIInfo><base:code>876</base:code><base:nationalCode>УСЛ ЕД</base:nationalCode><base:name>Условная единица</base:name></oos:OKEIInfo><oos:updateDate>2021-01-01T17:26:09</oos:updateDate><oos:isActual>true</oos:isActual></nsiCommonUnitsMeasurement><nsiCommonUnitsMeasurement><oos:code>124</oos:code><oos:name>4 м</oos:name><oos:OKEIInfo><base:code>876</base:code><base:nationalCode>УСЛ ЕД</base:nationalCode><base:name>Условная единица</base:name></oos:OKEIInfo><oos:updateDate>2021-01-01T17:26:09</oos:updateDate><oos:isActual>true</oos:isActual></nsiCommonUnitsMeasurement><nsiCommonUnitsMeasurement><oos:code>125</oos:code><oos:name>400 м укладываемой трубы</oos:name><oos:OKEIInfo><base:code>876</base:code><base:nationalCode>УСЛ ЕД</base:nationalCode><base:name>Условная единица</base:name></oos:OKEIInfo><oos:updateDate>2021-01-01T17:26:09</oos:updateDate><oos:isActual>true</oos:isActual></nsiCommonUnitsMeasurement><nsiCommonUnitsMeasurement><oos:code>126</oos:code><oos:name>5 кг</oos:name><oos:OKEIInfo><base:code>876</base:code><base:nationalCode>УСЛ ЕД</base:nationalCode><base:name>Условная единица</base:name></oos:OKEIInfo><oos:updateDate>2021-01-01T17:26:09</oos:updateDate><oos:isActual>true</oos:isActual></nsiCommonUnitsMeasurement><nsiCommonUnitsMeasurement><oos:code>127</oos:code><oos:name>5 линий</oos:name><oos:OKEIInfo><base:code>876</base:code><base:nationalCode>УСЛ ЕД</base:nationalCode><base:name>Условная единица</base:name></oos:OKEIInfo><oos:updateDate>2021-01-01T17:26:09</oos:updateDate><oos:isActual>true</oos:isActual></nsiCommonUnitsMeasurement><nsiCommonUnitsMeasurement><oos:code>128</oos:code><oos:name>5 м</oos:name><oos:OKEIInfo><base:code>876</base:code><base:nationalCode>УСЛ ЕД</base:nationalCode><base:name>Условная единица</base:name></oos:OKEIInfo><oos:updateDate>2021-01-01T17:26:09</oos:updateDate><oos:isActual>true</oos:isActual></nsiCommonUnitsMeasurement><nsiCommonUnitsMeasurement><oos:code>129</oos:code><oos:name>50 м</oos:name><oos:OKEIInfo><base:code>876</base:code><base:nationalCode>УСЛ ЕД</base:nationalCode><base:name>Условная единица</base:name></oos:OKEIInfo><oos:updateDate>2021-01-01T17:26:09</oos:updateDate><oos:isActual>true</oos:isActual></nsiCommonUnitsMeasurement><nsiCommonUnitsMeasurement><oos:code>130</oos:code><oos:name>500 м</oos:name><oos:OKEIInfo><base:code>876</base:code><base:nationalCode>УСЛ ЕД</base:nationalCode><base:name>Условная единица</base:name></oos:OKEIInfo><oos:updateDate>2021-01-01T17:26:09</oos:updateDate><oos:isActual>true</oos:isActual></nsiCommonUnitsMeasurement><nsiCommonUnitsMeasurement><oos:code>131</oos:code><oos:name>500 м кабеля</oos:name><oos:OKEIInfo><base:code>876</base:code><base:nationalCode>УСЛ ЕД</base:nationalCode><base:name>Условная единица</base:name></oos:OKEIInfo><oos:updateDate>2021-01-01T17:26:09</oos:updateDate><oos:isActual>true</oos:isActual></nsiCommonUnitsMeasurement><nsiCommonUnitsMeasurement><oos:code>132</oos:code><oos:name>Антенна</oos:name><oos:OKEIInfo><base:code>796</base:code><base:nationalCode>ШТ</base:nationalCode><base:name>Штука</base:name></oos:OKEIInfo><oos:updateDate>2021-02-13T00:06:47</oos:updateDate><oos:isActual>true</oos:isActual></nsiCommonUnitsMeasurement><nsiCommonUnitsMeasurement><oos:code>133</oos:code><oos:name>Аппарат</oos:name><oos:OKEIInfo><base:code>796</base:code><base:nationalCode>ШТ</base:nationalCode><base:name>Штука</base:name></oos:OKEIInfo><oos:updateDate>2021-02-13T00:06:47</oos:updateDate><oos:isActual>true</oos:isActual></nsiCommonUnitsMeasurement><nsiCommonUnitsMeasurement><oos:code>134</oos:code><oos:name>Баланс</oos:name><oos:OKEIInfo><base:code>796</base:code><base:nationalCode>ШТ</base:nationalCode><base:name>Штука</base:name></oos:OKEIInfo><oos:updateDate>2021-02-13T00:06:47</oos:updateDate><oos:isActual>true</oos:isActual></nsiCommonUnitsMeasurement><nsiCommonUnitsMeasurement><oos:code>135</oos:code><oos:name>Балка пролетного строения</oos:name><oos:OKEIInfo><base:code>796</base:code><base:nationalCode>ШТ</base:nationalCode><base:name>Штука</base:name></oos:OKEIInfo><oos:updateDate>2021-02-13T00:06:47</oos:updateDate><oos:isActual>true</oos:isActual></nsiCommonUnitsMeasurement><nsiCommonUnitsMeasurement><oos:code>136</oos:code><oos:name>Блок</oos:name><oos:OKEIInfo><base:code>796</base:code><base:nationalCode>ШТ</base:nationalCode><base:name>Штука</base:name></oos:OKEIInfo><oos:updateDate>2021-02-13T00:06:47</oos:updateDate><oos:isActual>true</oos:isActual></nsiCommonUnitsMeasurement><nsiCommonUnitsMeasurement><oos:code>137</oos:code><oos:name>Блок-контакт</oos:name><oos:OKEIInfo><base:code>796</base:code><base:nationalCode>ШТ</base:nationalCode><base:name>Штука</base:name></oos:OKEIInfo><oos:updateDate>2021-02-13T00:06:47</oos:updateDate><oos:isActual>true</oos:isActual></nsiCommonUnitsMeasurement><nsiCommonUnitsMeasurement><oos:code>138</oos:code><oos:name>Группа</oos:name><oos:OKEIInfo><base:code>796</base:code><base:nationalCode>ШТ</base:nationalCode><base:name>Штука</base:name></oos:OKEIInfo><oos:updateDate>2021-02-13T00:06:47</oos:updateDate><oos:isActual>true</oos:isActual></nsiCommonUnitsMeasurement><nsiCommonUnitsMeasurement><oos:code>139</oos:code><oos:name>Захлест</oos:name><oos:OKEIInfo><base:code>796</base:code><base:nationalCode>ШТ</base:nationalCode><base:name>Штука</base:name></oos:OKEIInfo><oos:updateDate>2021-02-13T00:06:47</oos:updateDate><oos:isActual>true</oos:isActual></nsiCommonUnitsMeasurement><nsiCommonUnitsMeasurement><oos:code>140</oos:code><oos:name>Защита</oos:name><oos:OKEIInfo><base:code>796</base:code><base:nationalCode>ШТ</base:nationalCode><base:name>Штука</base:name></oos:OKEIInfo><oos:updateDate>2021-02-13T00:06:47</oos:updateDate><oos:isActual>true</oos:isActual></nsiCommonUnitsMeasurement><nsiCommonUnitsMeasurement><oos:code>141</oos:code><oos:name>Измерение</oos:name><oos:OKEIInfo><base:code>796</base:code><base:nationalCode>ШТ</base:nationalCode><base:name>Штука</base:name></oos:OKEIInfo><oos:updateDate>2021-02-13T00:06:47</oos:updateDate><oos:isActual>true</oos:isActual></nsiCommonUnitsMeasurement><nsiCommonUnitsMeasurement><oos:code>142</oos:code><oos:name>Испытание</oos:name><oos:OKEIInfo><base:code>796</base:code><base:nationalCode>ШТ</base:nationalCode><base:name>Штука</base:name></oos:OKEIInfo><oos:updateDate>2021-02-13T00:06:47</oos:updateDate><oos:isActual>true</oos:isActual></nsiCommonUnitsMeasurement><nsiCommonUnitsMeasurement><oos:code>143</oos:code><oos:name>Кабель</oos:name><oos:OKEIInfo><base:code>796</base:code><base:nationalCode>ШТ</base:nationalCode><base:name>Штука</base:name></oos:OKEIInfo><oos:updateDate>2021-02-13T00:06:47</oos:updateDate><oos:isActual>true</oos:isActual></nsiCommonUnitsMeasurement><nsiCommonUnitsMeasurement><oos:code>144</oos:code><oos:name>Кабина</oos:name><oos:OKEIInfo><base:code>796</base:code><base:nationalCode>ШТ</base:nationalCode><base:name>Штука</base:name></oos:OKEIInfo><oos:updateDate>2021-02-13T00:06:47</oos:updateDate><oos:isActual>true</oos:isActual></nsiCommonUnitsMeasurement><nsiCommonUnitsMeasurement><oos:code>145</oos:code><oos:name>Камера</oos:name><oos:OKEIInfo><base:code>796</base:code><base:nationalCode>ШТ</base:nationalCode><base:name>Штука</base:name></oos:OKEIInfo><oos:updateDate>2021-02-13T00:06:47</oos:updateDate><oos:isActual>true</oos:isActual></nsiCommonUnitsMeasurement><nsiCommonUnitsMeasurement><oos:code>146</oos:code><oos:name>Катушка</oos:name><oos:OKEIInfo><base:code>796</base:code><base:nationalCode>ШТ</base:nationalCode><base:name>Штука</base:name></oos:OKEIInfo><oos:updateDate>2021-02-13T00:06:47</oos:updateDate><oos:isActual>true</oos:isActual></nsiCommonUnitsMeasurement><nsiCommonUnitsMeasurement><oos:code>147</oos:code><oos:name>Км кабеля</oos:name><oos:OKEIInfo><base:code>008</base:code><base:nationalCode>КМ;^ТЫС М</base:nationalCode><base:name>Километр;^тысяча метров</base:name></oos:OKEIInfo><oos:updateDate>2021-02-13T00:06:47</oos:updateDate><oos:isActual>true</oos:isActual></nsiCommonUnitsMeasurement><nsiCommonUnitsMeasurement><oos:code>148</oos:code><oos:name>Км провода</oos:name><oos:OKEIInfo><base:code>008</base:code><base:nationalCode>КМ;^ТЫС М</base:nationalCode><base:name>Километр;^тысяча метров</base:name></oos:OKEIInfo><oos:updateDate>2021-02-13T00:06:47</oos:updateDate><oos:isActual>true</oos:isActual></nsiCommonUnitsMeasurement><nsiCommonUnitsMeasurement><oos:code>149</oos:code><oos:name>Км пути</oos:name><oos:OKEIInfo><base:code>008</base:code><base:nationalCode>КМ;^ТЫС М</base:nationalCode><base:name>Километр;^тысяча метров</base:name></oos:OKEIInfo><oos:updateDate>2021-02-13T00:06:47</oos:updateDate><oos:isActual>true</oos:isActual></nsiCommonUnitsMeasurement><nsiCommonUnitsMeasurement><oos:code>150</oos:code><oos:name>Км трассы</oos:name><oos:OKEIInfo><base:code>008</base:code><base:nationalCode>КМ;^ТЫС М</base:nationalCode><base:name>Километр;^тысяча метров</base:name></oos:OKEIInfo><oos:updateDate>2021-02-13T00:06:47</oos:updateDate><oos:isActual>true</oos:isActual></nsiCommonUnitsMeasurement><nsiCommonUnitsMeasurement><oos:code>151</oos:code><oos:name>Км труб</oos:name><oos:OKEIInfo><base:code>008</base:code><base:nationalCode>КМ;^ТЫС М</base:nationalCode><base:name>Километр;^тысяча метров</base:name></oos:OKEIInfo><oos:updateDate>2021-02-13T00:06:47</oos:updateDate><oos:isActual>true</oos:isActual></nsiCommonUnitsMeasurement><nsiCommonUnitsMeasurement><oos:code>152</oos:code><oos:name>Край ряда</oos:name><oos:OKEIInfo><base:code>796</base:code><base:nationalCode>ШТ</base:nationalCode><base:name>Штука</base:name></oos:OKEIInfo><oos:updateDate>2021-02-13T00:06:47</oos:updateDate><oos:isActual>true</oos:isActual></nsiCommonUnitsMeasurement><nsiCommonUnitsMeasurement><oos:code>153</oos:code><oos:name>Круг</oos:name><oos:OKEIInfo><base:code>796</base:code><base:nationalCode>ШТ</base:nationalCode><base:name>Штука</base:name></oos:OKEIInfo><oos:updateDate>2021-02-13T00:06:47</oos:updateDate><oos:isActual>true</oos:isActual></nsiCommonUnitsMeasurement><nsiCommonUnitsMeasurement><oos:code>154</oos:code><oos:name>Лифт</oos:name><oos:OKEIInfo><base:code>796</base:code><base:nationalCode>ШТ</base:nationalCode><base:name>Штука</base:name></oos:OKEIInfo><oos:updateDate>2021-02-13T00:06:47</oos:updateDate><oos:isActual>true</oos:isActual></nsiCommonUnitsMeasurement><nsiCommonUnitsMeasurement><oos:code>155</oos:code><oos:name>М анкера</oos:name><oos:OKEIInfo><base:code>006</base:code><base:nationalCode>М</base:nationalCode><base:name>Метр</base:name></oos:OKEIInfo><oos:updateDate>2021-02-13T00:06:47</oos:updateDate><oos:isActual>true</oos:isActual></nsiCommonUnitsMeasurement><nsiCommonUnitsMeasurement><oos:code>156</oos:code><oos:name>М балки</oos:name><oos:OKEIInfo><base:code>006</base:code><base:nationalCode>М</base:nationalCode><base:name>Метр</base:name></oos:OKEIInfo><oos:updateDate>2021-02-13T00:06:47</oos:updateDate><oos:isActual>true</oos:isActual></nsiCommonUnitsMeasurement><nsiCommonUnitsMeasurement><oos:code>157</oos:code><oos:name>М реза</oos:name><oos:OKEIInfo><base:code>006</base:code><base:nationalCode>М</base:nationalCode><base:name>Метр</base:name></oos:OKEIInfo><oos:updateDate>2021-02-13T00:06:47</oos:updateDate><oos:isActual>true</oos:isActual></nsiCommonUnitsMeasurement><nsiCommonUnitsMeasurement><oos:code>158</oos:code><oos:name>М сваи</oos:name><oos:OKEIInfo><base:code>006</base:code><base:nationalCode>М</base:nationalCode><base:name>Метр</base:name></oos:OKEIInfo><oos:updateDate>2021-02-13T00:06:47</oos:updateDate><oos:isActual>true</oos:isActual></nsiCommonUnitsMeasurement><nsiCommonUnitsMeasurement><oos:code>159</oos:code><oos:name>М фермы</oos:name><oos:OKEIInfo><base:code>006</base:code><base:nationalCode>М</base:nationalCode><base:name>Метр</base:name></oos:OKEIInfo><oos:updateDate>2021-02-13T00:06:47</oos:updateDate><oos:isActual>true</oos:isActual></nsiCommonUnitsMeasurement><nsiCommonUnitsMeasurement><oos:code>160</oos:code><oos:name>М шва</oos:name><oos:OKEIInfo><base:code>006</base:code><base:nationalCode>М</base:nationalCode><base:name>Метр</base:name></oos:OKEIInfo><oos:updateDate>2021-02-13T00:06:47</oos:updateDate><oos:isActual>true</oos:isActual></nsiCommonUnitsMeasurement><nsiCommonUnitsMeasurement><oos:code>161</oos:code><oos:name>М2 площади</oos:name><oos:OKEIInfo><base:code>055</base:code><base:nationalCode>М2</base:nationalCode><base:name>Квадратный метр</base:name></oos:OKEIInfo><oos:updateDate>2021-02-13T00:06:47</oos:updateDate><oos:isActual>true</oos:isActual></nsiCommonUnitsMeasurement><nsiCommonUnitsMeasurement><oos:code>162</oos:code><oos:name>М2 площади здания</oos:name><oos:OKEIInfo><base:code>055</base:code><base:nationalCode>М2</base:nationalCode><base:name>Квадратный метр</base:name></oos:OKEIInfo><oos:updateDate>2021-02-13T00:06:47</oos:updateDate><oos:isActual>true</oos:isActual></nsiCommonUnitsMeasurement><nsiCommonUnitsMeasurement><oos:code>163</oos:code><oos:name>М2 поверхности резки</oos:name><oos:OKEIInfo><base:code>055</base:code><base:nationalCode>М2</base:nationalCode><base:name>Квадратный метр</base:name></oos:OKEIInfo><oos:updateDate>2021-02-13T00:06:47</oos:updateDate><oos:isActual>true</oos:isActual></nsiCommonUnitsMeasurement><nsiCommonUnitsMeasurement><oos:code>164</oos:code><oos:name>М3 конструктивного объема свай</oos:name><oos:OKEIInfo><base:code>113</base:code><base:nationalCode>М3</base:nationalCode><base:name>Кубический метр</base:name></oos:OKEIInfo><oos:updateDate>2021-02-13T00:06:47</oos:updateDate><oos:isActual>true</oos:isActual></nsiCommonUnitsMeasurement><nsiCommonUnitsMeasurement><oos:code>165</oos:code><oos:name>М3 стоек</oos:name><oos:OKEIInfo><base:code>113</base:code><base:nationalCode>М3</base:nationalCode><base:name>Кубический метр</base:name></oos:OKEIInfo><oos:updateDate>2021-02-13T00:06:47</oos:updateDate><oos:isActual>true</oos:isActual></nsiCommonUnitsMeasurement><nsiCommonUnitsMeasurement><oos:code>166</oos:code><oos:name>М3 строительного объема</oos:name><oos:OKEIInfo><base:code>113</base:code><base:nationalCode>М3</base:nationalCode><base:name>Кубический метр</base:name></oos:OKEIInfo><oos:updateDate>2021-02-13T00:06:47</oos:updateDate><oos:isActual>true</oos:isActual></nsiCommonUnitsMeasurement><nsiCommonUnitsMeasurement><oos:code>167</oos:code><oos:name>М3 траншеи</oos:name><oos:OKEIInfo><base:code>113</base:code><base:nationalCode>М3</base:nationalCode><base:name>Кубический метр</base:name></oos:OKEIInfo><oos:updateDate>2021-02-13T00:06:47</oos:updateDate><oos:isActual>true</oos:isActual></nsiCommonUnitsMeasurement><nsiCommonUnitsMeasurement><oos:code>168</oos:code><oos:name>Межпостовой перегон</oos:name><oos:OKEIInfo><base:code>796</base:code><base:nationalCode>ШТ</base:nationalCode><base:name>Штука</base:name></oos:OKEIInfo><oos:updateDate>2021-02-13T00:06:47</oos:updateDate><oos:isActual>true</oos:isActual></nsiCommonUnitsMeasurement><nsiCommonUnitsMeasurement><oos:code>169</oos:code><oos:name>Мусоропровод</oos:name><oos:OKEIInfo><base:code>796</base:code><base:nationalCode>ШТ</base:nationalCode><base:name>Штука</base:name></oos:OKEIInfo><oos:updateDate>2021-02-13T00:06:47</oos:updateDate><oos:isActual>true</oos:isActual></nsiCommonUnitsMeasurement><nsiCommonUnitsMeasurement><oos:code>170</oos:code><oos:name>Направление</oos:name><oos:OKEIInfo><base:code>796</base:code><base:nationalCode>ШТ</base:nationalCode><base:name>Штука</base:name></oos:OKEIInfo><oos:updateDate>2021-02-13T00:06:47</oos:updateDate><oos:isActual>true</oos:isActual></nsiCommonUnitsMeasurement><nsiCommonUnitsMeasurement><oos:code>171</oos:code><oos:name>Объект</oos:name><oos:OKEIInfo><base:code>796</base:code><base:nationalCode>ШТ</base:nationalCode><base:name>Штука</base:name></oos:OKEIInfo><oos:updateDate>2021-02-13T00:06:47</oos:updateDate><oos:isActual>true</oos:isActual></nsiCommonUnitsMeasurement><nsiCommonUnitsMeasurement><oos:code>172</oos:code><oos:name>Опора</oos:name><oos:OKEIInfo><base:code>796</base:code><base:nationalCode>ШТ</base:nationalCode><base:name>Штука</base:name></oos:OKEIInfo><oos:updateDate>2021-02-13T00:06:47</oos:updateDate><oos:isActual>true</oos:isActual></nsiCommonUnitsMeasurement><nsiCommonUnitsMeasurement><oos:code>173</oos:code><oos:name>Остановка</oos:name><oos:OKEIInfo><base:code>796</base:code><base:nationalCode>ШТ</base:nationalCode><base:name>Штука</base:name></oos:OKEIInfo><oos:updateDate>2021-02-13T00:06:47</oos:updateDate><oos:isActual>true</oos:isActual></nsiCommonUnitsMeasurement><nsiCommonUnitsMeasurement><oos:code>174</oos:code><oos:name>Ответвление</oos:name><oos:OKEIInfo><base:code>796</base:code><base:nationalCode>ШТ</base:nationalCode><base:name>Штука</base:name></oos:OKEIInfo><oos:updateDate>2021-02-13T00:06:47</oos:updateDate><oos:isActual>true</oos:isActual></nsiCommonUnitsMeasurement><nsiCommonUnitsMeasurement><oos:code>175</oos:code><oos:name>Охлаждающее устройство</oos:name><oos:OKEIInfo><base:code>796</base:code><base:nationalCode>ШТ</base:nationalCode><base:name>Штука</base:name></oos:OKEIInfo><oos:updateDate>2021-02-13T00:06:48</oos:updateDate><oos:isActual>true</oos:isActual></nsiCommonUnitsMeasurement><nsiCommonUnitsMeasurement><oos:code>176</oos:code><oos:name>Переезд</oos:name><oos:OKEIInfo><base:code>796</base:code><base:nationalCode>ШТ</base:nationalCode><base:name>Штука</base:name></oos:OKEIInfo><oos:updateDate>2021-02-13T00:06:48</oos:updateDate><oos:isActual>true</oos:isActual></nsiCommonUnitsMeasurement><nsiCommonUnitsMeasurement><oos:code>177</oos:code><oos:name>Переключатель, датчик</oos:name><oos:OKEIInfo><base:code>796</base:code><base:nationalCode>ШТ</base:nationalCode><base:name>Штука</base:name></oos:OKEIInfo><oos:updateDate>2021-02-13T00:06:48</oos:updateDate><oos:isActual>true</oos:isActual></nsiCommonUnitsMeasurement><nsiCommonUnitsMeasurement><oos:code>178</oos:code><oos:name>Пересечение</oos:name><oos:OKEIInfo><base:code>796</base:code><base:nationalCode>ШТ</base:nationalCode><base:name>Штука</base:name></oos:OKEIInfo><oos:updateDate>2021-02-13T00:06:48</oos:updateDate><oos:isActual>true</oos:isActual></nsiCommonUnitsMeasurement><nsiCommonUnitsMeasurement><oos:code>179</oos:code><oos:name>Переход</oos:name><oos:OKEIInfo><base:code>796</base:code><base:nationalCode>ШТ</base:nationalCode><base:name>Штука</base:name></oos:OKEIInfo><oos:updateDate>2021-02-13T00:06:48</oos:updateDate><oos:isActual>true</oos:isActual></nsiCommonUnitsMeasurement><nsiCommonUnitsMeasurement><oos:code>180</oos:code><oos:name>Подключение</oos:name><oos:OKEIInfo><base:code>796</base:code><base:nationalCode>ШТ</base:nationalCode><base:name>Штука</base:name></oos:OKEIInfo><oos:updateDate>2021-02-13T00:06:48</oos:updateDate><oos:isActual>true</oos:isActual></nsiCommonUnitsMeasurement><nsiCommonUnitsMeasurement><oos:code>181</oos:code><oos:name>Полукомплект</oos:name><oos:OKEIInfo><base:code>796</base:code><base:nationalCode>ШТ</base:nationalCode><base:name>Штука</base:name></oos:OKEIInfo><oos:updateDate>2021-02-13T00:06:48</oos:updateDate><oos:isActual>true</oos:isActual></nsiCommonUnitsMeasurement><nsiCommonUnitsMeasurement><oos:code>182</oos:code><oos:name>Помещение</oos:name><oos:OKEIInfo><base:code>796</base:code><base:nationalCode>ШТ</base:nationalCode><base:name>Штука</base:name></oos:OKEIInfo><oos:updateDate>2021-02-13T00:06:48</oos:updateDate><oos:isActual>true</oos:isActual></nsiCommonUnitsMeasurement><nsiCommonUnitsMeasurement><oos:code>183</oos:code><oos:name>Пост</oos:name><oos:OKEIInfo><base:code>796</base:code><base:nationalCode>ШТ</base:nationalCode><base:name>Штука</base:name></oos:OKEIInfo><oos:updateDate>2021-02-13T00:06:48</oos:updateDate><oos:isActual>true</oos:isActual></nsiCommonUnitsMeasurement><nsiCommonUnitsMeasurement><oos:code>184</oos:code><oos:name>Присоединение</oos:name><oos:OKEIInfo><base:code>796</base:code><base:nationalCode>ШТ</base:nationalCode><base:name>Штука</base:name></oos:OKEIInfo><oos:updateDate>2021-02-13T00:06:48</oos:updateDate><oos:isActual>true</oos:isActual></nsiCommonUnitsMeasurement><nsiCommonUnitsMeasurement><oos:code>185</oos:code><oos:name>Провод</oos:name><oos:OKEIInfo><base:code>796</base:code><base:nationalCode>ШТ</base:nationalCode><base:name>Штука</base:name></oos:OKEIInfo><oos:updateDate>2021-02-13T00:06:48</oos:updateDate><oos:isActual>true</oos:isActual></nsiCommonUnitsMeasurement><nsiCommonUnitsMeasurement><oos:code>186</oos:code><oos:name>Проектная зона</oos:name><oos:OKEIInfo><base:code>796</base:code><base:nationalCode>ШТ</base:nationalCode><base:name>Штука</base:name></oos:OKEIInfo><oos:updateDate>2021-02-13T00:06:48</oos:updateDate><oos:isActual>true</oos:isActual></nsiCommonUnitsMeasurement><nsiCommonUnitsMeasurement><oos:code>187</oos:code><oos:name>Пролет</oos:name><oos:OKEIInfo><base:code>796</base:code><base:nationalCode>ШТ</base:nationalCode><base:name>Штука</base:name></oos:OKEIInfo><oos:updateDate>2021-02-13T00:06:48</oos:updateDate><oos:isActual>true</oos:isActual></nsiCommonUnitsMeasurement><nsiCommonUnitsMeasurement><oos:code>188</oos:code><oos:name>Пролетное строение</oos:name><oos:OKEIInfo><base:code>796</base:code><base:nationalCode>ШТ</base:nationalCode><base:name>Штука</base:name></oos:OKEIInfo><oos:updateDate>2021-02-13T00:06:48</oos:updateDate><oos:isActual>true</oos:isActual></nsiCommonUnitsMeasurement><nsiCommonUnitsMeasurement><oos:code>189</oos:code><oos:name>ПТН</oos:name><oos:OKEIInfo><base:code>796</base:code><base:nationalCode>ШТ</base:nationalCode><base:name>Штука</base:name></oos:OKEIInfo><oos:updateDate>2021-02-13T00:06:48</oos:updateDate><oos:isActual>true</oos:isActual></nsiCommonUnitsMeasurement><nsiCommonUnitsMeasurement><oos:code>190</oos:code><oos:name>Пункт</oos:name><oos:OKEIInfo><base:code>796</base:code><base:nationalCode>ШТ</base:nationalCode><base:name>Штука</base:name></oos:OKEIInfo><oos:updateDate>2021-02-13T00:06:48</oos:updateDate><oos:isActual>true</oos:isActual></nsiCommonUnitsMeasurement><nsiCommonUnitsMeasurement><oos:code>191</oos:code><oos:name>Пускатель</oos:name><oos:OKEIInfo><base:code>796</base:code><base:nationalCode>ШТ</base:nationalCode><base:name>Штука</base:name></oos:OKEIInfo><oos:updateDate>2021-02-13T00:06:48</oos:updateDate><oos:isActual>true</oos:isActual></nsiCommonUnitsMeasurement><nsiCommonUnitsMeasurement><oos:code>192</oos:code><oos:name>Путь</oos:name><oos:OKEIInfo><base:code>796</base:code><base:nationalCode>ШТ</base:nationalCode><base:name>Штука</base:name></oos:OKEIInfo><oos:updateDate>2021-02-13T00:06:48</oos:updateDate><oos:isActual>true</oos:isActual></nsiCommonUnitsMeasurement><nsiCommonUnitsMeasurement><oos:code>193</oos:code><oos:name>Рез</oos:name><oos:OKEIInfo><base:code>796</base:code><base:nationalCode>ШТ</base:nationalCode><base:name>Штука</base:name></oos:OKEIInfo><oos:updateDate>2021-02-13T00:06:48</oos:updateDate><oos:isActual>true</oos:isActual></nsiCommonUnitsMeasurement><nsiCommonUnitsMeasurement><oos:code>194</oos:code><oos:name>Рельсовая цепь</oos:name><oos:OKEIInfo><base:code>796</base:code><base:nationalCode>ШТ</base:nationalCode><base:name>Штука</base:name></oos:OKEIInfo><oos:updateDate>2021-02-13T00:06:48</oos:updateDate><oos:isActual>true</oos:isActual></nsiCommonUnitsMeasurement><nsiCommonUnitsMeasurement><oos:code>195</oos:code><oos:name>Ряд</oos:name><oos:OKEIInfo><base:code>796</base:code><base:nationalCode>ШТ</base:nationalCode><base:name>Штука</base:name></oos:OKEIInfo><oos:updateDate>2021-02-13T00:06:48</oos:updateDate><oos:isActual>true</oos:isActual></nsiCommonUnitsMeasurement><nsiCommonUnitsMeasurement><oos:code>196</oos:code><oos:name>Сборка</oos:name><oos:OKEIInfo><base:code>796</base:code><base:nationalCode>ШТ</base:nationalCode><base:name>Штука</base:name></oos:OKEIInfo><oos:updateDate>2021-02-13T00:06:48</oos:updateDate><oos:isActual>true</oos:isActual></nsiCommonUnitsMeasurement><nsiCommonUnitsMeasurement><oos:code>197</oos:code><oos:name>Сварка</oos:name><oos:OKEIInfo><base:code>796</base:code><base:nationalCode>ШТ</base:nationalCode><base:name>Штука</base:name></oos:OKEIInfo><oos:updateDate>2021-02-13T00:06:48</oos:updateDate><oos:isActual>true</oos:isActual></nsiCommonUnitsMeasurement><nsiCommonUnitsMeasurement><oos:code>198</oos:code><oos:name>Сетевой элемент</oos:name><oos:OKEIInfo><base:code>796</base:code><base:nationalCode>ШТ</base:nationalCode><base:name>Штука</base:name></oos:OKEIInfo><oos:updateDate>2021-02-13T00:06:48</oos:updateDate><oos:isActual>true</oos:isActual></nsiCommonUnitsMeasurement><nsiCommonUnitsMeasurement><oos:code>199</oos:code><oos:name>Сеть</oos:name><oos:OKEIInfo><base:code>796</base:code><base:nationalCode>ШТ</base:nationalCode><base:name>Штука</base:name></oos:OKEIInfo><oos:updateDate>2021-02-13T00:06:48</oos:updateDate><oos:isActual>true</oos:isActual></nsiCommonUnitsMeasurement><nsiCommonUnitsMeasurement><oos:code>200</oos:code><oos:name>Сигнал</oos:name><oos:OKEIInfo><base:code>796</base:code><base:nationalCode>ШТ</base:nationalCode><base:name>Штука</base:name></oos:OKEIInfo><oos:updateDate>2021-02-13T00:06:48</oos:updateDate><oos:isActual>true</oos:isActual></nsiCommonUnitsMeasurement><nsiCommonUnitsMeasurement><oos:code>201</oos:code><oos:name>Система</oos:name><oos:OKEIInfo><base:code>796</base:code><base:nationalCode>ШТ</base:nationalCode><base:name>Штука</base:name></oos:OKEIInfo><oos:updateDate>2021-02-13T00:06:48</oos:updateDate><oos:isActual>true</oos:isActual></nsiCommonUnitsMeasurement><nsiCommonUnitsMeasurement><oos:code>202</oos:code><oos:name>Снимок</oos:name><oos:OKEIInfo><base:code>796</base:code><base:nationalCode>ШТ</base:nationalCode><base:name>Штука</base:name></oos:OKEIInfo><oos:updateDate>2021-02-13T00:06:48</oos:updateDate><oos:isActual>true</oos:isActual></nsiCommonUnitsMeasurement><nsiCommonUnitsMeasurement><oos:code>203</oos:code><oos:name>Соединение</oos:name><oos:OKEIInfo><base:code>796</base:code><base:nationalCode>ШТ</base:nationalCode><base:name>Штука</base:name></oos:OKEIInfo><oos:updateDate>2021-02-13T00:06:48</oos:updateDate><oos:isActual>true</oos:isActual></nsiCommonUnitsMeasurement><nsiCommonUnitsMeasurement><oos:code>204</oos:code><oos:name>Статив</oos:name><oos:OKEIInfo><base:code>796</base:code><base:nationalCode>ШТ</base:nationalCode><base:name>Штука</base:name></oos:OKEIInfo><oos:updateDate>2021-02-13T00:06:48</oos:updateDate><oos:isActual>true</oos:isActual></nsiCommonUnitsMeasurement><nsiCommonUnitsMeasurement><oos:code>205</oos:code><oos:name>Стойка</oos:name><oos:OKEIInfo><base:code>796</base:code><base:nationalCode>ШТ</base:nationalCode><base:name>Штука</base:name></oos:OKEIInfo><oos:updateDate>2021-02-13T00:06:48</oos:updateDate><oos:isActual>true</oos:isActual></nsiCommonUnitsMeasurement><nsiCommonUnitsMeasurement><oos:code>206</oos:code><oos:name>Стрейф</oos:name><oos:OKEIInfo><base:code>796</base:code><base:nationalCode>ШТ</base:nationalCode><base:name>Штука</base:name></oos:OKEIInfo><oos:updateDate>2021-02-13T00:06:48</oos:updateDate><oos:isActual>true</oos:isActual></nsiCommonUnitsMeasurement><nsiCommonUnitsMeasurement><oos:code>207</oos:code><oos:name>Стрелка и светофор</oos:name><oos:OKEIInfo><base:code>876</base:code><base:nationalCode>УСЛ ЕД</base:nationalCode><base:name>Условная единица</base:name></oos:OKEIInfo><oos:updateDate>2021-02-13T00:06:48</oos:updateDate><oos:isActual>true</oos:isActual></nsiCommonUnitsMeasurement><nsiCommonUnitsMeasurement><oos:code>208</oos:code><oos:name>Стрелка, светофор и вагонный замедлитель</oos:name><oos:OKEIInfo><base:code>876</base:code><base:nationalCode>УСЛ ЕД</base:nationalCode><base:name>Условная единица</base:name></oos:OKEIInfo><oos:updateDate>2021-02-13T00:06:48</oos:updateDate><oos:isActual>true</oos:isActual></nsiCommonUnitsMeasurement><nsiCommonUnitsMeasurement><oos:code>209</oos:code><oos:name>Стрелочный перевод</oos:name><oos:OKEIInfo><base:code>796</base:code><base:nationalCode>ШТ</base:nationalCode><base:name>Штука</base:name></oos:OKEIInfo><oos:updateDate>2021-02-13T00:06:48</oos:updateDate><oos:isActual>true</oos:isActual></nsiCommonUnitsMeasurement><nsiCommonUnitsMeasurement><oos:code>210</oos:code><oos:name>Стык</oos:name><oos:OKEIInfo><base:code>796</base:code><base:nationalCode>ШТ</base:nationalCode><base:name>Штука</base:name></oos:OKEIInfo><oos:updateDate>2021-02-13T00:06:48</oos:updateDate><oos:isActual>true</oos:isActual></nsiCommonUnitsMeasurement><nsiCommonUnitsMeasurement><oos:code>211</oos:code><oos:name>Сутки откачки</oos:name><oos:OKEIInfo><base:code>359</base:code><base:nationalCode>СУТ;^ДН</base:nationalCode><base:name>Сутки</base:name></oos:OKEIInfo><oos:updateDate>2021-02-13T00:06:48</oos:updateDate><oos:isActual>true</oos:isActual></nsiCommonUnitsMeasurement><nsiCommonUnitsMeasurement><oos:code>212</oos:code><oos:name>Схема</oos:name><oos:OKEIInfo><base:code>796</base:code><base:nationalCode>ШТ</base:nationalCode><base:name>Штука</base:name></oos:OKEIInfo><oos:updateDate>2021-02-13T00:06:48</oos:updateDate><oos:isActual>true</oos:isActual></nsiCommonUnitsMeasurement><nsiCommonUnitsMeasurement><oos:code>213</oos:code><oos:name>Т металлоконструкций</oos:name><oos:OKEIInfo><base:code>168</base:code><base:nationalCode>Т</base:nationalCode><base:name>Тонна;^метрическая тонна (1000 кг)</base:name></oos:OKEIInfo><oos:updateDate>2021-02-13T00:06:48</oos:updateDate><oos:isActual>true</oos:isActual></nsiCommonUnitsMeasurement><nsiCommonUnitsMeasurement><oos:code>214</oos:code><oos:name>Т стоек</oos:name><oos:OKEIInfo><base:code>168</base:code><base:nationalCode>Т</base:nationalCode><base:name>Тонна;^метрическая тонна (1000 кг)</base:name></oos:OKEIInfo><oos:updateDate>2021-02-13T00:06:48</oos:updateDate><oos:isActual>true</oos:isActual></nsiCommonUnitsMeasurement><nsiCommonUnitsMeasurement><oos:code>215</oos:code><oos:name>Т усиления</oos:name><oos:OKEIInfo><base:code>168</base:code><base:nationalCode>Т</base:nationalCode><base:name>Тонна;^метрическая тонна (1000 кг)</base:name></oos:OKEIInfo><oos:updateDate>2021-02-13T00:06:48</oos:updateDate><oos:isActual>true</oos:isActual></nsiCommonUnitsMeasurement><nsiCommonUnitsMeasurement><oos:code>216</oos:code><oos:name>Точка</oos:name><oos:OKEIInfo><base:code>796</base:code><base:nationalCode>ШТ</base:nationalCode><base:name>Штука</base:name></oos:OKEIInfo><oos:updateDate>2021-02-13T00:06:48</oos:updateDate><oos:isActual>true</oos:isActual></nsiCommonUnitsMeasurement><nsiCommonUnitsMeasurement><oos:code>217</oos:code><oos:name>Тракт</oos:name><oos:OKEIInfo><base:code>796</base:code><base:nationalCode>ШТ</base:nationalCode><base:name>Штука</base:name></oos:OKEIInfo><oos:updateDate>2021-02-13T00:06:48</oos:updateDate><oos:isActual>true</oos:isActual></nsiCommonUnitsMeasurement><nsiCommonUnitsMeasurement><oos:code>218</oos:code><oos:name>Узел</oos:name><oos:OKEIInfo><base:code>796</base:code><base:nationalCode>ШТ</base:nationalCode><base:name>Штука</base:name></oos:OKEIInfo><oos:updateDate>2021-02-13T00:06:48</oos:updateDate><oos:isActual>true</oos:isActual></nsiCommonUnitsMeasurement><nsiCommonUnitsMeasurement><oos:code>219</oos:code><oos:name>Установка</oos:name><oos:OKEIInfo><base:code>796</base:code><base:nationalCode>ШТ</base:nationalCode><base:name>Штука</base:name></oos:OKEIInfo><oos:updateDate>2021-02-13T00:06:48</oos:updateDate><oos:isActual>true</oos:isActual></nsiCommonUnitsMeasurement><nsiCommonUnitsMeasurement><oos:code>220</oos:code><oos:name>Устройство</oos:name><oos:OKEIInfo><base:code>796</base:code><base:nationalCode>ШТ</base:nationalCode><base:name>Штука</base:name></oos:OKEIInfo><oos:updateDate>2021-02-13T00:06:48</oos:updateDate><oos:isActual>true</oos:isActual></nsiCommonUnitsMeasurement><nsiCommonUnitsMeasurement><oos:code>221</oos:code><oos:name>Участок</oos:name><oos:OKEIInfo><base:code>796</base:code><base:nationalCode>ШТ</base:nationalCode><base:name>Штука</base:name></oos:OKEIInfo><oos:updateDate>2021-02-13T00:06:48</oos:updateDate><oos:isActual>true</oos:isActual></nsiCommonUnitsMeasurement><nsiCommonUnitsMeasurement><oos:code>222</oos:code><oos:name>Формирование</oos:name><oos:OKEIInfo><base:code>796</base:code><base:nationalCode>ШТ</base:nationalCode><base:name>Штука</base:name></oos:OKEIInfo><oos:updateDate>2021-02-13T00:06:48</oos:updateDate><oos:isActual>true</oos:isActual></nsiCommonUnitsMeasurement><nsiCommonUnitsMeasurement><oos:code>223</oos:code><oos:name>Футляр</oos:name><oos:OKEIInfo><base:code>796</base:code><base:nationalCode>ШТ</base:nationalCode><base:name>Штука</base:name></oos:OKEIInfo><oos:updateDate>2021-02-13T00:06:48</oos:updateDate><oos:isActual>true</oos:isActual></nsiCommonUnitsMeasurement><nsiCommonUnitsMeasurement><oos:code>224</oos:code><oos:name>Цепь</oos:name><oos:OKEIInfo><base:code>796</base:code><base:nationalCode>ШТ</base:nationalCode><base:name>Штука</base:name></oos:OKEIInfo><oos:updateDate>2021-02-13T00:06:48</oos:updateDate><oos:isActual>true</oos:isActual></nsiCommonUnitsMeasurement><nsiCommonUnitsMeasurement><oos:code>225</oos:code><oos:name>Цепь (линия)</oos:name><oos:OKEIInfo><base:code>796</base:code><base:nationalCode>ШТ</base:nationalCode><base:name>Штука</base:name></oos:OKEIInfo><oos:updateDate>2021-02-13T00:06:48</oos:updateDate><oos:isActual>true</oos:isActual></nsiCommonUnitsMeasurement><nsiCommonUnitsMeasurement><oos:code>226</oos:code><oos:name>Шкаф</oos:name><oos:OKEIInfo><base:code>796</base:code><base:nationalCode>ШТ</base:nationalCode><base:name>Штука</base:name></oos:OKEIInfo><oos:updateDate>2021-02-13T00:06:48</oos:updateDate><oos:isActual>true</oos:isActual></nsiCommonUnitsMeasurement><nsiCommonUnitsMeasurement><oos:code>227</oos:code><oos:name>Элемент фермы</oos:name><oos:OKEIInfo><base:code>796</base:code><base:nationalCode>ШТ</base:nationalCode><base:name>Штука</base:name></oos:OKEIInfo><oos:updateDate>2021-02-13T00:06:48</oos:updateDate><oos:isActual>true</oos:isActual></nsiCommonUnitsMeasurement><nsiCommonUnitsMeasurement><oos:code>228</oos:code><oos:name>Этаж</oos:name><oos:OKEIInfo><base:code>796</base:code><base:nationalCode>ШТ</base:nationalCode><base:name>Штука</base:name></oos:OKEIInfo><oos:updateDate>2021-02-13T00:06:48</oos:updateDate><oos:isActual>true</oos:isActual></nsiCommonUnitsMeasurement></nsiCommonUnitsMeasurementList></export>