<?xml version="1.0" encoding="UTF-8"?><export xmlns:xsi="http://www.w3.org/2001/XMLSchema-instance" xmlns="http://zakupki.gov.ru/oos/export/1" xmlns:oos="http://zakupki.gov.ru/oos/types/1"><nsiOKVEDList><nsiOKVED><oos:id>2100</oos:id><oos:code>90.02</oos:code><oos:section>O</oos:section><oos:subsection>OA</oos:subsection><oos:parentId>1915</oos:parentId><oos:name>Сбор и обработка прочих отходов</oos:name><oos:actual>true</oos:actual></nsiOKVED><nsiOKVED><oos:id>2101</oos:id><oos:code>90.03</oos:code><oos:section>O</oos:section><oos:subsection>OA</oos:subsection><oos:parentId>1915</oos:parentId><oos:name>Уборка территории, восстановление после загрязнения и аналогичная деятельность</oos:name><oos:actual>true</oos:actual></nsiOKVED><nsiOKVED><oos:id>2102</oos:id><oos:code>96</oos:code><oos:section>P</oos:section><oos:subsection>PA</oos:subsection><oos:parentId>2435</oos:parentId><oos:name>Деятельность частных домашних хозяйств по производству товаров для собственного потребления</oos:name><oos:actual>true</oos:actual></nsiOKVED><nsiOKVED><oos:id>2103</oos:id><oos:code>96.0</oos:code><oos:section>P</oos:section><oos:subsection>PA</oos:subsection><oos:parentId>2102</oos:parentId><oos:name>Деятельность частных домашних хозяйств по производству товаров для собственного потребления</oos:name><oos:actual>true</oos:actual></nsiOKVED><nsiOKVED><oos:id>2104</oos:id><oos:code>96.00</oos:code><oos:section>P</oos:section><oos:subsection>PA</oos:subsection><oos:parentId>2102</oos:parentId><oos:name>Деятельность частных домашних хозяйств по производству товаров для собственного потребления</oos:name><oos:actual>true</oos:actual></nsiOKVED><nsiOKVED><oos:id>2105</oos:id><oos:code>97</oos:code><oos:section>P</oos:section><oos:subsection>PA</oos:subsection><oos:parentId>2435</oos:parentId><oos:name>Деятельность частных домашних хозяйств по предоставлению услуг для собственного пользования</oos:name><oos:actual>true</oos:actual></nsiOKVED><nsiOKVED><oos:id>2106</oos:id><oos:code>97.0</oos:code><oos:section>P</oos:section><oos:subsection>PA</oos:subsection><oos:parentId>2105</oos:parentId><oos:name>Деятельность частных домашних хозяйств по предоставлению услуг для собственного пользования</oos:name><oos:actual>true</oos:actual></nsiOKVED><nsiOKVED><oos:id>2107</oos:id><oos:code>97.00</oos:code><oos:section>P</oos:section><oos:subsection>PA</oos:subsection><oos:parentId>2105</oos:parentId><oos:name>Деятельность частных домашних хозяйств по предоставлению услуг для собственного пользования</oos:name><oos:actual>true</oos:actual></nsiOKVED><nsiOKVED><oos:id>2108</oos:id><oos:code>71.31.1</oos:code><oos:section>K</oos:section><oos:subsection>KA</oos:subsection><oos:parentId>1706</oos:parentId><oos:name>Аренда сельскохозяйственных машин, оборудования и племенных животных</oos:name><oos:actual>true</oos:actual></nsiOKVED><nsiOKVED><oos:id>2109</oos:id><oos:code>71.31.11</oos:code><oos:section>K</oos:section><oos:subsection>KA</oos:subsection><oos:parentId>1706</oos:parentId><oos:name>Аренда сельскохозяйственных машин и оборудования</oos:name><oos:actual>true</oos:actual></nsiOKVED><nsiOKVED><oos:id>2110</oos:id><oos:code>71.31.12</oos:code><oos:section>K</oos:section><oos:subsection>KA</oos:subsection><oos:parentId>1706</oos:parentId><oos:name>Аренда (лизинг) племенных животных</oos:name><oos:actual>true</oos:actual></nsiOKVED><nsiOKVED><oos:id>2111</oos:id><oos:code>72.21</oos:code><oos:section>K</oos:section><oos:subsection>KA</oos:subsection><oos:parentId>1729</oos:parentId><oos:name>Разработка программного обеспечения</oos:name><oos:actual>true</oos:actual></nsiOKVED><nsiOKVED><oos:id>2112</oos:id><oos:code>72.22</oos:code><oos:section>K</oos:section><oos:subsection>KA</oos:subsection><oos:parentId>1729</oos:parentId><oos:name>Прочая деятельность по разработке программного обеспечения и консультированию в этой области</oos:name><oos:actual>true</oos:actual></nsiOKVED><nsiOKVED><oos:id>2113</oos:id><oos:code>74.20.16</oos:code><oos:section>K</oos:section><oos:subsection>KA</oos:subsection><oos:parentId>1761</oos:parentId><oos:name>Деятельность в области промышленного и транспортного дизайна</oos:name><oos:actual>true</oos:actual></nsiOKVED><nsiOKVED><oos:id>2114</oos:id><oos:code>74.20.57</oos:code><oos:section>K</oos:section><oos:subsection>KA</oos:subsection><oos:parentId>1761</oos:parentId><oos:name>Деятельность, связанная с активными воздействиями на метеорологические и геофизические процессы и явления</oos:name><oos:actual>true</oos:actual></nsiOKVED><nsiOKVED><oos:id>2115</oos:id><oos:code>74.85</oos:code><oos:section>K</oos:section><oos:subsection>KA</oos:subsection><oos:parentId>1747</oos:parentId><oos:name>Предоставление секретарских, редакторских услуг и услуг по переводу</oos:name><oos:actual>true</oos:actual></nsiOKVED><nsiOKVED><oos:id>2116</oos:id><oos:code>74.86</oos:code><oos:section>K</oos:section><oos:subsection>KA</oos:subsection><oos:parentId>1747</oos:parentId><oos:name>Деятельность центров телефонного обслуживания</oos:name><oos:actual>true</oos:actual></nsiOKVED><nsiOKVED><oos:id>2117</oos:id><oos:code>74.87</oos:code><oos:section>K</oos:section><oos:subsection>KA</oos:subsection><oos:parentId>1747</oos:parentId><oos:name>Предоставление прочих деловых услуг, не включенных в другие группировки</oos:name><oos:actual>true</oos:actual></nsiOKVED><nsiOKVED><oos:id>2118</oos:id><oos:code>74.87.1</oos:code><oos:section>K</oos:section><oos:subsection>KA</oos:subsection><oos:parentId>2117</oos:parentId><oos:name>Взыскание платежей по счетам, оценка платежеспособности в связи с финансовым состоянием или коммерческой практикой частного лица или фирмы</oos:name><oos:actual>true</oos:actual></nsiOKVED><nsiOKVED><oos:id>2119</oos:id><oos:code>74.87.2</oos:code><oos:section>K</oos:section><oos:subsection>KA</oos:subsection><oos:parentId>2117</oos:parentId><oos:name>Предоставление посреднических услуг по организации покупки и продажи мелких или средних коммерческих предприятий, включая профессиональную практику</oos:name><oos:actual>true</oos:actual></nsiOKVED><nsiOKVED><oos:id>2120</oos:id><oos:code>74.87.3</oos:code><oos:section>K</oos:section><oos:subsection>KA</oos:subsection><oos:parentId>2117</oos:parentId><oos:name>Деятельность по оценке стоимости, кроме оценки, связанной с недвижимым имуществом или страхованием</oos:name><oos:actual>true</oos:actual></nsiOKVED><nsiOKVED><oos:id>2121</oos:id><oos:code>74.87.4</oos:code><oos:section>K</oos:section><oos:subsection>KA</oos:subsection><oos:parentId>2117</oos:parentId><oos:name>Деятельность в области дизайна</oos:name><oos:actual>true</oos:actual></nsiOKVED><nsiOKVED><oos:id>2122</oos:id><oos:code>74.87.5</oos:code><oos:section>K</oos:section><oos:subsection>KA</oos:subsection><oos:parentId>2117</oos:parentId><oos:name>Предоставление услуг по оформлению помещений, деятельность по организации ярмарок, выставок и конгрессов</oos:name><oos:actual>true</oos:actual></nsiOKVED><nsiOKVED><oos:id>2123</oos:id><oos:code>74.87.6</oos:code><oos:section>K</oos:section><oos:subsection>KA</oos:subsection><oos:parentId>2117</oos:parentId><oos:name>Деятельность самостоятельных аукционистов</oos:name><oos:actual>true</oos:actual></nsiOKVED><nsiOKVED><oos:id>2124</oos:id><oos:code>74.87.7</oos:code><oos:section>K</oos:section><oos:subsection>KA</oos:subsection><oos:parentId>2117</oos:parentId><oos:name>Деятельность консультантов (кроме консультантов по инженерному проектированию), не включенная в другие группировки</oos:name><oos:actual>true</oos:actual></nsiOKVED><nsiOKVED><oos:id>2125</oos:id><oos:code>74.87.8</oos:code><oos:section>K</oos:section><oos:subsection>KA</oos:subsection><oos:parentId>2117</oos:parentId><oos:name>Предоставление прочих деловых услуг</oos:name><oos:actual>true</oos:actual></nsiOKVED><nsiOKVED><oos:id>2141</oos:id><oos:code>21.12.1</oos:code><oos:section>D</oos:section><oos:subsection>DE</oos:subsection><oos:parentId>491</oos:parentId><oos:name>Производство бумаги</oos:name><oos:actual>true</oos:actual></nsiOKVED><nsiOKVED><oos:id>2422</oos:id><oos:code></oos:code><oos:section>A</oos:section><oos:subsection>AA</oos:subsection><oos:parentId>100</oos:parentId><oos:name>Подраздел АА СЕЛЬСКОЕ ХОЗЯЙСТВО, ОХОТА И ЛЕСНОЕ ХОЗЯЙСТВО</oos:name><oos:actual>true</oos:actual></nsiOKVED><nsiOKVED><oos:id>2423</oos:id><oos:code></oos:code><oos:section>B</oos:section><oos:subsection>BA</oos:subsection><oos:parentId>101</oos:parentId><oos:name>Подраздел BА РЫБОЛОВСТВО, РЫБОВОДСТВО</oos:name><oos:actual>true</oos:actual></nsiOKVED><nsiOKVED><oos:id>2424</oos:id><oos:code></oos:code><oos:section>E</oos:section><oos:subsection>EA</oos:subsection><oos:parentId>120</oos:parentId><oos:name>Подраздел EА ПРОИЗВОДСТВО И РАСПРЕДЕЛЕНИЕ ЭЛЕКТРОЭНЕРГИИ, ГАЗА И ВОДЫ</oos:name><oos:actual>true</oos:actual></nsiOKVED><nsiOKVED><oos:id>2425</oos:id><oos:code></oos:code><oos:section>F</oos:section><oos:subsection>FA</oos:subsection><oos:parentId>121</oos:parentId><oos:name>Подраздел FА СТРОИТЕЛЬСТВО</oos:name><oos:actual>true</oos:actual></nsiOKVED><nsiOKVED><oos:id>2426</oos:id><oos:code></oos:code><oos:section>G</oos:section><oos:subsection>GA</oos:subsection><oos:parentId>122</oos:parentId><oos:name>Подраздел GА ОПТОВАЯ И РОЗНИЧНАЯ ТОРГОВЛЯ; РЕМОНТ АВТОТРАНСПОРТНЫХ СРЕДСТВ, МОТОЦИКЛОВ, БЫТОВЫХ ИЗДЕЛИЙ И ПРЕДМЕТОВ ЛИЧНОГО ПОЛЬЗОВАНИЯ</oos:name><oos:actual>true</oos:actual></nsiOKVED><nsiOKVED><oos:id>2427</oos:id><oos:code></oos:code><oos:section>H</oos:section><oos:subsection>HA</oos:subsection><oos:parentId>123</oos:parentId><oos:name>Подраздел HА ГОСТИНИЦЫ И РЕСТОРАНЫ</oos:name><oos:actual>true</oos:actual></nsiOKVED><nsiOKVED><oos:id>2428</oos:id><oos:code></oos:code><oos:section>I</oos:section><oos:subsection>IA</oos:subsection><oos:parentId>124</oos:parentId><oos:name>Подраздел IА ТРАНСПОРТ И СВЯЗЬ</oos:name><oos:actual>true</oos:actual></nsiOKVED><nsiOKVED><oos:id>2429</oos:id><oos:code></oos:code><oos:section>J</oos:section><oos:subsection>JA</oos:subsection><oos:parentId>125</oos:parentId><oos:name>Подраздел JА ФИНАНСОВАЯ ДЕЯТЕЛЬНОСТЬ</oos:name><oos:actual>true</oos:actual></nsiOKVED><nsiOKVED><oos:id>2430</oos:id><oos:code></oos:code><oos:section>K</oos:section><oos:subsection>KA</oos:subsection><oos:parentId>126</oos:parentId><oos:name>Подраздел KА ОПЕРАЦИИ С НЕДВИЖИМЫМ ИМУЩЕСТВОМ, АРЕНДА И ПРЕДОСТАВЛЕНИЕ УСЛУГ</oos:name><oos:actual>true</oos:actual></nsiOKVED><nsiOKVED><oos:id>2431</oos:id><oos:code></oos:code><oos:section>L</oos:section><oos:subsection>LA</oos:subsection><oos:parentId>127</oos:parentId><oos:name>Подраздел LА ГОСУДАРСТВЕННОЕ УПРАВЛЕНИЕ И ОБЕСПЕЧЕНИЕ ВОЕННОЙ БЕЗОПАСНОСТИ; СОЦИАЛЬНОЕ СТРАХОВАНИЕ</oos:name><oos:actual>true</oos:actual></nsiOKVED><nsiOKVED><oos:id>2432</oos:id><oos:code></oos:code><oos:section>M</oos:section><oos:subsection>MA</oos:subsection><oos:parentId>128</oos:parentId><oos:name>Подраздел MА ОБРАЗОВАНИЕ</oos:name><oos:actual>true</oos:actual></nsiOKVED><nsiOKVED><oos:id>2433</oos:id><oos:code></oos:code><oos:section>N</oos:section><oos:subsection>NA</oos:subsection><oos:parentId>129</oos:parentId><oos:name>Подраздел NА ЗДРАВООХРАНЕНИЕ И ПРЕДОСТАВЛЕНИЕ СОЦИАЛЬНЫХ УСЛУГ</oos:name><oos:actual>true</oos:actual></nsiOKVED><nsiOKVED><oos:id>2434</oos:id><oos:code></oos:code><oos:section>O</oos:section><oos:subsection>OA</oos:subsection><oos:parentId>130</oos:parentId><oos:name>Подраздел OА ПРЕДОСТАВЛЕНИЕ ПРОЧИХ КОММУНАЛЬНЫХ, СОЦИАЛЬНЫХ И ПЕРСОНАЛЬНЫХ УСЛУГ</oos:name><oos:actual>true</oos:actual></nsiOKVED><nsiOKVED><oos:id>2435</oos:id><oos:code></oos:code><oos:section>P</oos:section><oos:subsection>PA</oos:subsection><oos:parentId>131</oos:parentId><oos:name>Подраздел PА ДЕЯТЕЛЬНОСТЬ ДОМАШНИХ ХОЗЯЙСТВ</oos:name><oos:actual>true</oos:actual></nsiOKVED><nsiOKVED><oos:id>2436</oos:id><oos:code></oos:code><oos:section>Q</oos:section><oos:subsection>QA</oos:subsection><oos:parentId>132</oos:parentId><oos:name>Подраздел QА ДЕЯТЕЛЬНОСТЬ ЭКСТЕРРИТОРИАЛЬНЫХ ОРГАНИЗАЦИЙ</oos:name><oos:actual>true</oos:actual></nsiOKVED><nsiOKVED><oos:id>2437</oos:id><oos:code>74.60.1</oos:code><oos:section>K</oos:section><oos:subsection>KA</oos:subsection><oos:parentId>1806</oos:parentId><oos:name>Оценка уязвимости объектов транспортной инфраструктуры и транспортных средств от актов незаконного вмешательства</oos:name><oos:actual>true</oos:actual></nsiOKVED><nsiOKVED><oos:id>2438</oos:id><oos:code>74.60.2</oos:code><oos:section>K</oos:section><oos:subsection>KA</oos:subsection><oos:parentId>1806</oos:parentId><oos:name>Проведение расследований и обеспечение безопасности, кроме оценки уязвимости объектов транспортной инфраструктуры и транспортных средств от актов незаконного вмешательства</oos:name><oos:actual>true</oos:actual></nsiOKVED><nsiOKVED><oos:id>2439</oos:id><oos:code>34.10.31</oos:code><oos:section>D</oos:section><oos:subsection>DM</oos:subsection><oos:parentId>899</oos:parentId><oos:name>Производство автобусов</oos:name><oos:actual>true</oos:actual></nsiOKVED><nsiOKVED><oos:id>2440</oos:id><oos:code>34.10.32</oos:code><oos:section>D</oos:section><oos:subsection>DM</oos:subsection><oos:parentId>899</oos:parentId><oos:name>Производство троллейбусов</oos:name><oos:actual>true</oos:actual></nsiOKVED><nsiOKVED><oos:id>2441</oos:id><oos:code>27.22.4</oos:code><oos:section>D</oos:section><oos:subsection>DJ</oos:subsection><oos:parentId>656</oos:parentId><oos:name>Производство сварных труб</oos:name><oos:actual>true</oos:actual></nsiOKVED><nsiOKVED><oos:id>2442</oos:id><oos:code>27.22.41</oos:code><oos:section>D</oos:section><oos:subsection>DJ</oos:subsection><oos:parentId>656</oos:parentId><oos:name>Производство сварных водогазопроводных труб</oos:name><oos:actual>true</oos:actual></nsiOKVED><nsiOKVED><oos:id>8638473</oos:id><oos:code>36.63.8</oos:code><oos:section>D</oos:section><oos:subsection>DN</oos:subsection><oos:parentId>973</oos:parentId><oos:name>Производство изделий народных художественных промыслов</oos:name><oos:actual>true</oos:actual></nsiOKVED><nsiOKVED><oos:id>8790531</oos:id><oos:code>27.10</oos:code><oos:section>D</oos:section><oos:subsection>DJ</oos:subsection><oos:parentId>643</oos:parentId><oos:name>Производство чугуна, стали и ферросплавов</oos:name><oos:actual>true</oos:actual></nsiOKVED><nsiOKVED><oos:id>8790563</oos:id><oos:code>27.10.1</oos:code><oos:section>D</oos:section><oos:subsection>DJ</oos:subsection><oos:parentId>8790531</oos:parentId><oos:name>Производство чугуна и доменных ферросплавов</oos:name><oos:actual>true</oos:actual></nsiOKVED><nsiOKVED><oos:id>8790564</oos:id><oos:code>27.10.2</oos:code><oos:section>D</oos:section><oos:subsection>DJ</oos:subsection><oos:parentId>8790531</oos:parentId><oos:name>Производство продуктов прямого восстановления железной руды</oos:name><oos:actual>true</oos:actual></nsiOKVED><nsiOKVED><oos:id>8790565</oos:id><oos:code>27.10.3</oos:code><oos:section>D</oos:section><oos:subsection>DJ</oos:subsection><oos:parentId>8790531</oos:parentId><oos:name>Производство ферросплавов, кроме доменных</oos:name><oos:actual>true</oos:actual></nsiOKVED><nsiOKVED><oos:id>8790566</oos:id><oos:code>27.10.4</oos:code><oos:section>D</oos:section><oos:subsection>DJ</oos:subsection><oos:parentId>8790531</oos:parentId><oos:name>Производство стали</oos:name><oos:actual>true</oos:actual></nsiOKVED><nsiOKVED><oos:id>8790567</oos:id><oos:code>27.10.5</oos:code><oos:section>D</oos:section><oos:subsection>DJ</oos:subsection><oos:parentId>8790531</oos:parentId><oos:name>Производство полуфабрикатов (заготовок) для переката</oos:name><oos:actual>true</oos:actual></nsiOKVED><nsiOKVED><oos:id>8790568</oos:id><oos:code>27.10.6</oos:code><oos:section>D</oos:section><oos:subsection>DJ</oos:subsection><oos:parentId>8790531</oos:parentId><oos:name>Производство стального проката горячекатаного и кованого</oos:name><oos:actual>true</oos:actual></nsiOKVED><nsiOKVED><oos:id>8790569</oos:id><oos:code>27.10.7</oos:code><oos:section>D</oos:section><oos:subsection>DJ</oos:subsection><oos:parentId>8790531</oos:parentId><oos:name>Производство холоднокатаного плоского проката без защитных покрытий и с защитными покрытиями</oos:name><oos:actual>true</oos:actual></nsiOKVED><nsiOKVED><oos:id>8790570</oos:id><oos:code>27.10.8</oos:code><oos:section>D</oos:section><oos:subsection>DJ</oos:subsection><oos:parentId>8790531</oos:parentId><oos:name>Производство железных порошков, прочей металлопродукции из стального проката, не включенной в другие группировки</oos:name><oos:actual>true</oos:actual></nsiOKVED><nsiOKVED><oos:id>8790571</oos:id><oos:code>27.22.1</oos:code><oos:section>D</oos:section><oos:subsection>DJ</oos:subsection><oos:parentId>656</oos:parentId><oos:name>Производство бесшовных горячекатаных труб</oos:name><oos:actual>true</oos:actual></nsiOKVED><nsiOKVED><oos:id>8790572</oos:id><oos:code>27.22.2</oos:code><oos:section>D</oos:section><oos:subsection>DJ</oos:subsection><oos:parentId>656</oos:parentId><oos:name>Производство холоднодеформированных труб</oos:name><oos:actual>true</oos:actual></nsiOKVED><nsiOKVED><oos:id>8790573</oos:id><oos:code>27.22.3</oos:code><oos:section>D</oos:section><oos:subsection>DJ</oos:subsection><oos:parentId>656</oos:parentId><oos:name>Производство нарезных труб и муфт</oos:name><oos:actual>true</oos:actual></nsiOKVED><nsiOKVED><oos:id>8790575</oos:id><oos:code>27.22.5</oos:code><oos:section>D</oos:section><oos:subsection>DJ</oos:subsection><oos:parentId>656</oos:parentId><oos:name>Производство электросварных труб</oos:name><oos:actual>true</oos:actual></nsiOKVED><nsiOKVED><oos:id>8790576</oos:id><oos:code>27.22.6</oos:code><oos:section>D</oos:section><oos:subsection>DJ</oos:subsection><oos:parentId>656</oos:parentId><oos:name>Производство муфт</oos:name><oos:actual>true</oos:actual></nsiOKVED><nsiOKVED><oos:id>8790582</oos:id><oos:code>27.43.1</oos:code><oos:section>D</oos:section><oos:subsection>DJ</oos:subsection><oos:parentId>676</oos:parentId><oos:name>Производство свинца</oos:name><oos:actual>true</oos:actual></nsiOKVED><nsiOKVED><oos:id>8790583</oos:id><oos:code>27.43.2</oos:code><oos:section>D</oos:section><oos:subsection>DJ</oos:subsection><oos:parentId>676</oos:parentId><oos:name>Производство цинка</oos:name><oos:actual>true</oos:actual></nsiOKVED><nsiOKVED><oos:id>8790584</oos:id><oos:code>27.43.3</oos:code><oos:section>D</oos:section><oos:subsection>DJ</oos:subsection><oos:parentId>676</oos:parentId><oos:name>Производство олова</oos:name><oos:actual>true</oos:actual></nsiOKVED><nsiOKVED><oos:id>8790585</oos:id><oos:code>27.45.1</oos:code><oos:section>D</oos:section><oos:subsection>DJ</oos:subsection><oos:parentId>678</oos:parentId><oos:name>Производство никеля</oos:name><oos:actual>true</oos:actual></nsiOKVED><nsiOKVED><oos:id>8790586</oos:id><oos:code>27.45.2</oos:code><oos:section>D</oos:section><oos:subsection>DJ</oos:subsection><oos:parentId>678</oos:parentId><oos:name>Производство титана</oos:name><oos:actual>true</oos:actual></nsiOKVED><nsiOKVED><oos:id>8790587</oos:id><oos:code>27.45.3</oos:code><oos:section>D</oos:section><oos:subsection>DJ</oos:subsection><oos:parentId>678</oos:parentId><oos:name>Производство магния</oos:name><oos:actual>true</oos:actual></nsiOKVED><nsiOKVED><oos:id>8790588</oos:id><oos:code>27.45.4</oos:code><oos:section>D</oos:section><oos:subsection>DJ</oos:subsection><oos:parentId>678</oos:parentId><oos:name>Производство вольфрама</oos:name><oos:actual>true</oos:actual></nsiOKVED><nsiOKVED><oos:id>8790589</oos:id><oos:code>27.45.5</oos:code><oos:section>D</oos:section><oos:subsection>DJ</oos:subsection><oos:parentId>678</oos:parentId><oos:name>Производство молибдена</oos:name><oos:actual>true</oos:actual></nsiOKVED><nsiOKVED><oos:id>8790590</oos:id><oos:code>27.45.6</oos:code><oos:section>D</oos:section><oos:subsection>DJ</oos:subsection><oos:parentId>678</oos:parentId><oos:name>Производство кобальта</oos:name><oos:actual>true</oos:actual></nsiOKVED><nsiOKVED><oos:id>8790591</oos:id><oos:code>27.45.7</oos:code><oos:section>D</oos:section><oos:subsection>DJ</oos:subsection><oos:parentId>678</oos:parentId><oos:name>Производство редких (тантал, ниобий, галлий, германий, иридий) и редкоземельных металлов</oos:name><oos:actual>true</oos:actual></nsiOKVED><nsiOKVED><oos:id>8790605</oos:id><oos:code>27.10.61</oos:code><oos:section>D</oos:section><oos:subsection>DJ</oos:subsection><oos:parentId>8790531</oos:parentId><oos:name>Производство стального сортового проката горячекатаного и кованого</oos:name><oos:actual>true</oos:actual></nsiOKVED><nsiOKVED><oos:id>8790606</oos:id><oos:code>27.10.62</oos:code><oos:section>D</oos:section><oos:subsection>DJ</oos:subsection><oos:parentId>8790531</oos:parentId><oos:name>Производство рельсов</oos:name><oos:actual>true</oos:actual></nsiOKVED><nsiOKVED><oos:id>8790607</oos:id><oos:code>27.10.63</oos:code><oos:section>D</oos:section><oos:subsection>DJ</oos:subsection><oos:parentId>8790531</oos:parentId><oos:name>Производство сортового нержавеющего проката</oos:name><oos:actual>true</oos:actual></nsiOKVED><nsiOKVED><oos:id>8790608</oos:id><oos:code>27.10.64</oos:code><oos:section>D</oos:section><oos:subsection>DJ</oos:subsection><oos:parentId>8790531</oos:parentId><oos:name>Производство стального горячекатаного листового (плоского) проката</oos:name><oos:actual>true</oos:actual></nsiOKVED><nsiOKVED><oos:id>8790609</oos:id><oos:code>27.10.71</oos:code><oos:section>D</oos:section><oos:subsection>DJ</oos:subsection><oos:parentId>8790531</oos:parentId><oos:name>Производство холоднокатаного листового (плоского) проката без защитных покрытий</oos:name><oos:actual>true</oos:actual></nsiOKVED><nsiOKVED><oos:id>8790610</oos:id><oos:code>27.10.72</oos:code><oos:section>D</oos:section><oos:subsection>DJ</oos:subsection><oos:parentId>8790531</oos:parentId><oos:name>Производство холоднокатаного плоского проката с защитными покрытиями</oos:name><oos:actual>true</oos:actual></nsiOKVED><nsiOKVED><oos:id>8790611</oos:id><oos:code>27.10.73</oos:code><oos:section>D</oos:section><oos:subsection>DJ</oos:subsection><oos:parentId>8790531</oos:parentId><oos:name>Производство холоднокатаного листового (плоского) нержавеющего проката</oos:name><oos:actual>true</oos:actual></nsiOKVED><nsiOKVED><oos:id>8790612</oos:id><oos:code>27.10.74</oos:code><oos:section>D</oos:section><oos:subsection>DJ</oos:subsection><oos:parentId>8790531</oos:parentId><oos:name>Производство листовых штрипсов</oos:name><oos:actual>true</oos:actual></nsiOKVED><nsiOKVED><oos:id>8790613</oos:id><oos:code>27.10.81</oos:code><oos:section>D</oos:section><oos:subsection>DJ</oos:subsection><oos:parentId>8790531</oos:parentId><oos:name>Производство железных порошков</oos:name><oos:actual>true</oos:actual></nsiOKVED><nsiOKVED><oos:id>8790614</oos:id><oos:code>27.10.82</oos:code><oos:section>D</oos:section><oos:subsection>DJ</oos:subsection><oos:parentId>8790531</oos:parentId><oos:name>Производство изделий из стального проката для верхнего строения железнодорожного пути</oos:name><oos:actual>true</oos:actual></nsiOKVED><nsiOKVED><oos:id>8790615</oos:id><oos:code>27.10.83</oos:code><oos:section>D</oos:section><oos:subsection>DJ</oos:subsection><oos:parentId>8790531</oos:parentId><oos:name>Производство профилей и конструкций шпунтового типа из стального проката</oos:name><oos:actual>true</oos:actual></nsiOKVED><nsiOKVED><oos:id>8790616</oos:id><oos:code>27.10.84</oos:code><oos:section>D</oos:section><oos:subsection>DJ</oos:subsection><oos:parentId>8790531</oos:parentId><oos:name>Производство холоднотянутого проката, включая подшипниковый</oos:name><oos:actual>true</oos:actual></nsiOKVED><nsiOKVED><oos:id>8790617</oos:id><oos:code>27.22.11</oos:code><oos:section>D</oos:section><oos:subsection>DJ</oos:subsection><oos:parentId>656</oos:parentId><oos:name>Производство бесшовных горячекатаных нержавеющих труб</oos:name><oos:actual>true</oos:actual></nsiOKVED><nsiOKVED><oos:id>8790618</oos:id><oos:code>27.22.12</oos:code><oos:section>D</oos:section><oos:subsection>DJ</oos:subsection><oos:parentId>656</oos:parentId><oos:name>Производство бесшовных горячекатаных для котлов высокого давления труб</oos:name><oos:actual>true</oos:actual></nsiOKVED><nsiOKVED><oos:id>8790619</oos:id><oos:code>27.22.13</oos:code><oos:section>D</oos:section><oos:subsection>DJ</oos:subsection><oos:parentId>656</oos:parentId><oos:name>Производство бесшовных горячекатаных подшипниковых труб</oos:name><oos:actual>true</oos:actual></nsiOKVED><nsiOKVED><oos:id>8790620</oos:id><oos:code>27.22.19</oos:code><oos:section>D</oos:section><oos:subsection>DJ</oos:subsection><oos:parentId>656</oos:parentId><oos:name>Производство бесшовных горячекатаных прочих труб</oos:name><oos:actual>true</oos:actual></nsiOKVED><nsiOKVED><oos:id>8790621</oos:id><oos:code>27.22.21</oos:code><oos:section>D</oos:section><oos:subsection>DJ</oos:subsection><oos:parentId>656</oos:parentId><oos:name>Производство холоднодеформированных тянутых труб</oos:name><oos:actual>true</oos:actual></nsiOKVED><nsiOKVED><oos:id>8790622</oos:id><oos:code>27.22.22</oos:code><oos:section>D</oos:section><oos:subsection>DJ</oos:subsection><oos:parentId>656</oos:parentId><oos:name>Производство холоднодеформированных нержавеющих труб</oos:name><oos:actual>true</oos:actual></nsiOKVED><nsiOKVED><oos:id>8790623</oos:id><oos:code>27.22.23</oos:code><oos:section>D</oos:section><oos:subsection>DJ</oos:subsection><oos:parentId>656</oos:parentId><oos:name>Производство холоднодеформированных для котлов высокого давления труб</oos:name><oos:actual>true</oos:actual></nsiOKVED><nsiOKVED><oos:id>8790624</oos:id><oos:code>27.22.24</oos:code><oos:section>D</oos:section><oos:subsection>DJ</oos:subsection><oos:parentId>656</oos:parentId><oos:name>Производство холоднодеформированных подшипниковых труб</oos:name><oos:actual>true</oos:actual></nsiOKVED><nsiOKVED><oos:id>8790625</oos:id><oos:code>27.22.25</oos:code><oos:section>D</oos:section><oos:subsection>DJ</oos:subsection><oos:parentId>656</oos:parentId><oos:name>Производство холоднодеформированных тонкостенных углеродистых труб</oos:name><oos:actual>true</oos:actual></nsiOKVED><nsiOKVED><oos:id>8790626</oos:id><oos:code>27.22.26</oos:code><oos:section>D</oos:section><oos:subsection>DJ</oos:subsection><oos:parentId>656</oos:parentId><oos:name>Производство холоднодеформированных тонкостенных легированных труб</oos:name><oos:actual>true</oos:actual></nsiOKVED><nsiOKVED><oos:id>8790627</oos:id><oos:code>27.22.31</oos:code><oos:section>D</oos:section><oos:subsection>DJ</oos:subsection><oos:parentId>656</oos:parentId><oos:name>Производство нарезных бурильных труб и муфт</oos:name><oos:actual>true</oos:actual></nsiOKVED><nsiOKVED><oos:id>8790628</oos:id><oos:code>27.22.32</oos:code><oos:section>D</oos:section><oos:subsection>DJ</oos:subsection><oos:parentId>656</oos:parentId><oos:name>Производство нарезных обсадных труб и муфт</oos:name><oos:actual>true</oos:actual></nsiOKVED><nsiOKVED><oos:id>8790629</oos:id><oos:code>27.22.33</oos:code><oos:section>D</oos:section><oos:subsection>DJ</oos:subsection><oos:parentId>656</oos:parentId><oos:name>Производство нарезных насосно-компрессорных труб и муфт</oos:name><oos:actual>true</oos:actual></nsiOKVED><nsiOKVED><oos:id>8790630</oos:id><oos:code>27.22.34</oos:code><oos:section>D</oos:section><oos:subsection>DJ</oos:subsection><oos:parentId>656</oos:parentId><oos:name>Производство нарезных электросварных труб и муфт</oos:name><oos:actual>true</oos:actual></nsiOKVED><nsiOKVED><oos:id>8790632</oos:id><oos:code>27.22.42</oos:code><oos:section>D</oos:section><oos:subsection>DJ</oos:subsection><oos:parentId>656</oos:parentId><oos:name>Производство свертнопаяных труб</oos:name><oos:actual>true</oos:actual></nsiOKVED><nsiOKVED><oos:id>8790633</oos:id><oos:code>27.22.51</oos:code><oos:section>D</oos:section><oos:subsection>DJ</oos:subsection><oos:parentId>656</oos:parentId><oos:name>Производство электросварных с применением сварки под слоем флюса труб</oos:name><oos:actual>true</oos:actual></nsiOKVED><nsiOKVED><oos:id>8790634</oos:id><oos:code>27.22.52</oos:code><oos:section>D</oos:section><oos:subsection>DJ</oos:subsection><oos:parentId>656</oos:parentId><oos:name>Производство электросварных с нагревом токами высокой частоты тонкостенных труб</oos:name><oos:actual>true</oos:actual></nsiOKVED><nsiOKVED><oos:id>8790635</oos:id><oos:code>27.22.53</oos:code><oos:section>D</oos:section><oos:subsection>DJ</oos:subsection><oos:parentId>656</oos:parentId><oos:name>Производство электросварных с нагревом токами высокой частоты нефтепроводных труб</oos:name><oos:actual>true</oos:actual></nsiOKVED><nsiOKVED><oos:id>8790636</oos:id><oos:code>27.22.54</oos:code><oos:section>D</oos:section><oos:subsection>DJ</oos:subsection><oos:parentId>656</oos:parentId><oos:name>Производство электросварных с нагревом токами высокой частоты профильных труб</oos:name><oos:actual>true</oos:actual></nsiOKVED><nsiOKVED><oos:id>8790637</oos:id><oos:code>27.22.55</oos:code><oos:section>D</oos:section><oos:subsection>DJ</oos:subsection><oos:parentId>656</oos:parentId><oos:name>Производство электросварных с нагревом токами высокой частоты водогазопроводных труб</oos:name><oos:actual>true</oos:actual></nsiOKVED><nsiOKVED><oos:id>8790638</oos:id><oos:code>27.22.56</oos:code><oos:section>D</oos:section><oos:subsection>DJ</oos:subsection><oos:parentId>656</oos:parentId><oos:name>Производство электросварных нержавеющих труб</oos:name><oos:actual>true</oos:actual></nsiOKVED><nsiOKVED><oos:id>8790639</oos:id><oos:code>27.22.57</oos:code><oos:section>D</oos:section><oos:subsection>DJ</oos:subsection><oos:parentId>656</oos:parentId><oos:name>Производство электросварных нержавеющих холоднодеформированных труб</oos:name><oos:actual>true</oos:actual></nsiOKVED><nsiOKVED><oos:id>8790640</oos:id><oos:code>27.22.61</oos:code><oos:section>D</oos:section><oos:subsection>DJ</oos:subsection><oos:parentId>656</oos:parentId><oos:name>Производство муфт для водогазопроводных труб</oos:name><oos:actual>true</oos:actual></nsiOKVED><nsiOKVED><oos:id>8790641</oos:id><oos:code>27.22.62</oos:code><oos:section>D</oos:section><oos:subsection>DJ</oos:subsection><oos:parentId>656</oos:parentId><oos:name>Производство муфт под сварку</oos:name><oos:actual>true</oos:actual></nsiOKVED><nsiOKVED><oos:id>8790642</oos:id><oos:code>27.22.63</oos:code><oos:section>D</oos:section><oos:subsection>DJ</oos:subsection><oos:parentId>656</oos:parentId><oos:name>Производство прочих соединительных деталей под сварку</oos:name><oos:actual>true</oos:actual></nsiOKVED><nsiOKVED><oos:id>8790673</oos:id><oos:code>29.41</oos:code><oos:section>D</oos:section><oos:subsection>DK</oos:subsection><oos:parentId>730</oos:parentId><oos:name>Производство переносных ручных инструментов с механическим приводом</oos:name><oos:actual>true</oos:actual></nsiOKVED><nsiOKVED><oos:id>8790674</oos:id><oos:code>29.42</oos:code><oos:section>D</oos:section><oos:subsection>DK</oos:subsection><oos:parentId>730</oos:parentId><oos:name>Производство прочих станков для обработки металлов</oos:name><oos:actual>true</oos:actual></nsiOKVED><nsiOKVED><oos:id>8790675</oos:id><oos:code>29.43</oos:code><oos:section>D</oos:section><oos:subsection>DK</oos:subsection><oos:parentId>730</oos:parentId><oos:name>Производство прочих станков, не включенных в другие группировки</oos:name><oos:actual>true</oos:actual></nsiOKVED><nsiOKVED><oos:id>8790718</oos:id><oos:code>29.42.1</oos:code><oos:section>D</oos:section><oos:subsection>DK</oos:subsection><oos:parentId>8790674</oos:parentId><oos:name>Производство металлорежущих станков</oos:name><oos:actual>true</oos:actual></nsiOKVED><nsiOKVED><oos:id>8790719</oos:id><oos:code>29.42.2</oos:code><oos:section>D</oos:section><oos:subsection>DK</oos:subsection><oos:parentId>8790674</oos:parentId><oos:name>Производство кузнечно-прессового оборудования</oos:name><oos:actual>true</oos:actual></nsiOKVED><nsiOKVED><oos:id>8790720</oos:id><oos:code>29.43.1</oos:code><oos:section>D</oos:section><oos:subsection>DK</oos:subsection><oos:parentId>8790675</oos:parentId><oos:name>Производство деревообрабатывающего оборудования</oos:name><oos:actual>true</oos:actual></nsiOKVED><nsiOKVED><oos:id>8790721</oos:id><oos:code>29.43.2</oos:code><oos:section>D</oos:section><oos:subsection>DK</oos:subsection><oos:parentId>8790675</oos:parentId><oos:name>Производство оборудования для пайки, сварки и резки, машин и аппаратов для поверхностной термообработки и газотермического напыления</oos:name><oos:actual>true</oos:actual></nsiOKVED><nsiOKVED><oos:id>8790795</oos:id><oos:code>32.20.4</oos:code><oos:section>D</oos:section><oos:subsection>DL</oos:subsection><oos:parentId>856</oos:parentId><oos:name>Производство аппаратуры для передачи данных</oos:name><oos:actual>true</oos:actual></nsiOKVED><nsiOKVED><oos:id>8790877</oos:id><oos:code>35.30.49</oos:code><oos:section>D</oos:section><oos:subsection>DM</oos:subsection><oos:parentId>928</oos:parentId><oos:name>Производство прочих космических объектов, не включенных в другие группировки</oos:name><oos:actual>true</oos:actual></nsiOKVED><nsiOKVED><oos:id>8791853</oos:id><oos:code>75.23.5</oos:code><oos:section>L</oos:section><oos:subsection>LA</oos:subsection><oos:parentId>1842</oos:parentId><oos:name>Деятельность Следственного комитета Российской Федерации</oos:name><oos:actual>true</oos:actual></nsiOKVED><nsiOKVED><oos:id>8791884</oos:id><oos:code>75.23.51</oos:code><oos:section>L</oos:section><oos:subsection>LA</oos:subsection><oos:parentId>1842</oos:parentId><oos:name>Деятельность центрального аппарата Следственного комитета Российской Федерации</oos:name><oos:actual>true</oos:actual></nsiOKVED><nsiOKVED><oos:id>8791885</oos:id><oos:code>75.23.52</oos:code><oos:section>L</oos:section><oos:subsection>LA</oos:subsection><oos:parentId>1842</oos:parentId><oos:name>Деятельность Главного военного следственного управления, главных следственных управлений и следственных управлений Следственного комитета Российской Федерации по субъектам Российской Федерации (в том числе подразделений указанных управлений по административным округам) и приравненных к ним специализированных (в том числе военных) следственных управлений и следственных отделов Следственного комитета Российской Федерации</oos:name><oos:actual>true</oos:actual></nsiOKVED></nsiOKVEDList></export>