<?xml version="1.0" encoding="UTF-8"?><export xmlns:xsi="http://www.w3.org/2001/XMLSchema-instance" xmlns="http://zakupki.gov.ru/oos/export/1" xmlns:oos="http://zakupki.gov.ru/oos/types/1"><nsiPlanPositionChangeReasonList><nsiPlanPositionChangeReason><oos:id>1</oos:id><oos:name>Изменение более чем на 10% стоимости планируемых к приобретению товаров, работ, услуг, выявленные в результате подготовки к размещению конкретного заказа</oos:name><oos:description>Изменение более чем на 10% стоимости планируемых к приобретению товаров, работ, услуг, выявленные в результате подготовки к размещению конкретного заказа, вследствие чего невозможно размещение заказа на поставки товаров, выполнение работ, оказание услуг в соответствии с начальной (максимальной) ценой контракта, предусмотренной планом-графиком.</oos:description><oos:actual>true</oos:actual></nsiPlanPositionChangeReason><nsiPlanPositionChangeReason><oos:id>2</oos:id><oos:name>Изменение планируемых сроков приобретения товаров, работ, услуг, способа размещения заказа, срока исполнения контракта.</oos:name><oos:description>Изменение планируемых сроков приобретения товаров, работ, услуг, способа размещения заказа, срока исполнения контракта.</oos:description><oos:actual>true</oos:actual></nsiPlanPositionChangeReason><nsiPlanPositionChangeReason><oos:id>3</oos:id><oos:name>Отмена заказчиком, уполномоченным органом предусмотренного планом-графиком размещения заказа.</oos:name><oos:description>Отмена заказчиком, уполномоченным органом предусмотренного планом-графиком размещения заказа.</oos:description><oos:actual>true</oos:actual></nsiPlanPositionChangeReason><nsiPlanPositionChangeReason><oos:id>4</oos:id><oos:name>Образовавшаяся экономия от использования в текущем финансовом году бюджетных ассигнований</oos:name><oos:description>Образовавшаяся экономия от использования в текущем финансовом году бюджетных ассигнований в соответствии с законодательством Российской Федерации.</oos:description><oos:actual>true</oos:actual></nsiPlanPositionChangeReason><nsiPlanPositionChangeReason><oos:id>5</oos:id><oos:name>Возникновение непредвиденных обстоятельств</oos:name><oos:description>Возникновение обстоятельств, предвидеть которые на дату утверждения плана-графика было невозможно.</oos:description><oos:actual>true</oos:actual></nsiPlanPositionChangeReason><nsiPlanPositionChangeReason><oos:id>6</oos:id><oos:name>Выдача предписания уполномоченного органа исполнительной власти об устранении нарушения законодательства РФ</oos:name><oos:description>Выдача заказчику, уполномоченному органу предписания уполномоченного на осуществление контроля в сфере размещения заказов федерального органа исполнительной власти, органа исполнительной власти субъекта Российской Федерации, органа местного самоуправления об устранении нарушения законодательства Российской Федерации о размещении заказов в соответствии с законодательством Российской Федерации, в том числе об аннулировании торгов.</oos:description><oos:actual>true</oos:actual></nsiPlanPositionChangeReason><nsiPlanPositionChangeReason><oos:id>7</oos:id><oos:name>Изменение по результатам обязательного общественного обсуждения</oos:name><oos:description>Изменение по результатам обязательного общественного обсуждения</oos:description><oos:actual>true</oos:actual></nsiPlanPositionChangeReason><nsiPlanPositionChangeReason><oos:id>8</oos:id><oos:name>Отмена по результатам обязательного общественного обсуждения</oos:name><oos:description>Отмена по результатам обязательного общественного обсуждения</oos:description><oos:actual>true</oos:actual></nsiPlanPositionChangeReason><nsiPlanPositionChangeReason><oos:id>9</oos:id><oos:name>Признание закупки несостоявшейся</oos:name><oos:description>Признание закупки несостоявшейся</oos:description><oos:actual>true</oos:actual></nsiPlanPositionChangeReason></nsiPlanPositionChangeReasonList></export>