<?xml version="1.0" encoding="UTF-8"?><export xmlns:xsi="http://www.w3.org/2001/XMLSchema-instance" xmlns="http://zakupki.gov.ru/oos/export/1" xmlns:oos="http://zakupki.gov.ru/oos/types/1"><nsiOKOPFList><nsiOKOPF><oos:code>10000</oos:code><oos:fullName>ОРГАНИЗАЦИОННО-ПРАВОВЫЕ ФОРМЫ ЮРИДИЧЕСКИХ ЛИЦ, ЯВЛЯЮЩИХСЯ КОММЕРЧЕСКИМИ КОРПОРАТИВНЫМИ ОРГАНИЗАЦИЯМИ</oos:fullName><oos:singularName>ОРГАНИЗАЦИОННО-ПРАВОВЫЕ ФОРМЫ ЮРИДИЧЕСКИХ ЛИЦ, ЯВЛЯЮЩИХСЯ КОММЕРЧЕСКИМИ КОРПОРАТИВНЫМИ ОРГАНИЗАЦИЯМИ</oos:singularName><oos:actual>true</oos:actual></nsiOKOPF><nsiOKOPF><oos:code>11000</oos:code><oos:parentCode>10000</oos:parentCode><oos:fullName>Хозяйственные товарищества</oos:fullName><oos:singularName>Хозяйственные товарищества</oos:singularName><oos:actual>true</oos:actual></nsiOKOPF><nsiOKOPF><oos:code>11051</oos:code><oos:parentCode>11000</oos:parentCode><oos:fullName>Полные товарищества</oos:fullName><oos:singularName>Полные товарищества</oos:singularName><oos:actual>true</oos:actual></nsiOKOPF><nsiOKOPF><oos:code>11064</oos:code><oos:parentCode>11000</oos:parentCode><oos:fullName>Товарищества на вере (коммандитные товарищества)</oos:fullName><oos:singularName>Товарищества на вере (коммандитные товарищества)</oos:singularName><oos:actual>true</oos:actual></nsiOKOPF><nsiOKOPF><oos:code>12000</oos:code><oos:parentCode>10000</oos:parentCode><oos:fullName>Хозяйственные общества</oos:fullName><oos:singularName>Хозяйственные общества</oos:singularName><oos:actual>true</oos:actual></nsiOKOPF><nsiOKOPF><oos:code>12100</oos:code><oos:parentCode>10000</oos:parentCode><oos:fullName>Общества с ограниченной или дополнительной ответственностью</oos:fullName><oos:singularName>Общество с ограниченной или дополнительной ответственностью</oos:singularName><oos:actual>false</oos:actual></nsiOKOPF><nsiOKOPF><oos:code>12165</oos:code><oos:parentCode>12100</oos:parentCode><oos:fullName>Общества с ограниченной ответственностью</oos:fullName><oos:singularName>Общество с ограниченной ответственностью</oos:singularName><oos:actual>false</oos:actual></nsiOKOPF><nsiOKOPF><oos:code>12166</oos:code><oos:parentCode>12100</oos:parentCode><oos:fullName>Общества с дополнительной ответственностью</oos:fullName><oos:singularName>Общество с дополнительной ответственностью</oos:singularName><oos:actual>false</oos:actual></nsiOKOPF><nsiOKOPF><oos:code>12200</oos:code><oos:parentCode>10000</oos:parentCode><oos:fullName>Акционерные общества</oos:fullName><oos:singularName>Акционерные общества</oos:singularName><oos:actual>true</oos:actual></nsiOKOPF><nsiOKOPF><oos:code>12247</oos:code><oos:parentCode>12200</oos:parentCode><oos:fullName>Открытые акционерные общества</oos:fullName><oos:singularName>Публичные акционерные общества</oos:singularName><oos:actual>false</oos:actual></nsiOKOPF><nsiOKOPF><oos:code>12267</oos:code><oos:parentCode>12200</oos:parentCode><oos:fullName>Закрытые акционерные общества</oos:fullName><oos:singularName>Непубличные акционерные общества</oos:singularName><oos:actual>false</oos:actual></nsiOKOPF><nsiOKOPF><oos:code>13000</oos:code><oos:parentCode>10000</oos:parentCode><oos:fullName>Хозяйственные партнерства</oos:fullName><oos:singularName>Хозяйственные партнерства</oos:singularName><oos:actual>true</oos:actual></nsiOKOPF><nsiOKOPF><oos:code>14000</oos:code><oos:parentCode>10000</oos:parentCode><oos:fullName>Производственные кооперативы (артели)</oos:fullName><oos:singularName>Производственные кооперативы (артели)</oos:singularName><oos:actual>true</oos:actual></nsiOKOPF><nsiOKOPF><oos:code>14100</oos:code><oos:parentCode>10000</oos:parentCode><oos:fullName>Сельскохозяйственные производственные кооперативы</oos:fullName><oos:singularName>Сельскохозяйственные производственные кооперативы</oos:singularName><oos:actual>true</oos:actual></nsiOKOPF><nsiOKOPF><oos:code>14153</oos:code><oos:parentCode>14100</oos:parentCode><oos:fullName>Сельскохозяйственные артели (колхозы)</oos:fullName><oos:singularName>Сельскохозяйственные артели (колхозы)</oos:singularName><oos:actual>true</oos:actual></nsiOKOPF><nsiOKOPF><oos:code>14154</oos:code><oos:parentCode>14100</oos:parentCode><oos:fullName>Рыболовецкие артели (колхозы)</oos:fullName><oos:singularName>Рыболовецкие артели (колхозы)</oos:singularName><oos:actual>true</oos:actual></nsiOKOPF><nsiOKOPF><oos:code>14155</oos:code><oos:parentCode>14100</oos:parentCode><oos:fullName>Кооперативные хозяйства (коопхозы)</oos:fullName><oos:singularName>Кооперативные хозяйства (коопхозы)</oos:singularName><oos:actual>true</oos:actual></nsiOKOPF><nsiOKOPF><oos:code>14200</oos:code><oos:parentCode>10000</oos:parentCode><oos:fullName>Производственные кооперативы (кроме сельскохозяйственных производственных кооперативов)</oos:fullName><oos:singularName>Производственные кооперативы (кроме сельскохозяйственных производственных кооперативов)</oos:singularName><oos:actual>true</oos:actual></nsiOKOPF><nsiOKOPF><oos:code>15000</oos:code><oos:parentCode>10000</oos:parentCode><oos:fullName>Унитарные предприятия</oos:fullName><oos:singularName>Унитарное предприятие</oos:singularName><oos:actual>false</oos:actual></nsiOKOPF><nsiOKOPF><oos:code>15100</oos:code><oos:parentCode>10000</oos:parentCode><oos:fullName>Унитарные предприятия, основанные на праве оперативного управления (казенные предприятия)</oos:fullName><oos:singularName>Унитарное предприятие, основанное на праве оперативного управления (казенное предприятие)</oos:singularName><oos:actual>false</oos:actual></nsiOKOPF><nsiOKOPF><oos:code>15141</oos:code><oos:parentCode>15100</oos:parentCode><oos:fullName>Федеральные казенные предприятия</oos:fullName><oos:singularName>Федеральное казенное предприятие</oos:singularName><oos:actual>false</oos:actual></nsiOKOPF><nsiOKOPF><oos:code>15142</oos:code><oos:parentCode>15100</oos:parentCode><oos:fullName>Казенные предприятия субъектов Российской Федерации</oos:fullName><oos:singularName>Казенное предприятие субъекта Российской Федерации</oos:singularName><oos:actual>false</oos:actual></nsiOKOPF><nsiOKOPF><oos:code>15143</oos:code><oos:parentCode>15100</oos:parentCode><oos:fullName>Муниципальные казенные предприятия</oos:fullName><oos:singularName>Муниципальное казенное предприятие</oos:singularName><oos:actual>false</oos:actual></nsiOKOPF><nsiOKOPF><oos:code>15200</oos:code><oos:parentCode>10000</oos:parentCode><oos:fullName>Унитарные предприятия, основанные на праве хозяйственного ведения</oos:fullName><oos:singularName>Унитарное предприятие, основанное на праве хозяйственного ведения</oos:singularName><oos:actual>false</oos:actual></nsiOKOPF><nsiOKOPF><oos:code>15241</oos:code><oos:parentCode>15200</oos:parentCode><oos:fullName>Федеральные государственные унитарные предприятия</oos:fullName><oos:singularName>Федеральное государственное унитарное предприятие</oos:singularName><oos:actual>false</oos:actual></nsiOKOPF><nsiOKOPF><oos:code>15242</oos:code><oos:parentCode>15200</oos:parentCode><oos:fullName>Государственные унитарные предприятия субъектов Российской Федерации</oos:fullName><oos:singularName>Государственное унитарное предприятие субъекта Российской Федерации</oos:singularName><oos:actual>false</oos:actual></nsiOKOPF><nsiOKOPF><oos:code>15243</oos:code><oos:parentCode>15200</oos:parentCode><oos:fullName>Муниципальные унитарные предприятия</oos:fullName><oos:singularName>Муниципальное унитарное предприятие</oos:singularName><oos:actual>false</oos:actual></nsiOKOPF><nsiOKOPF><oos:code>19000</oos:code><oos:parentCode>10000</oos:parentCode><oos:fullName>Прочие юридические лица, являющиеся коммерческими организациями</oos:fullName><oos:singularName>Прочие юридические лица, являющиеся коммерческими организациями</oos:singularName><oos:actual>true</oos:actual></nsiOKOPF><nsiOKOPF><oos:code>20000</oos:code><oos:fullName>ОРГАНИЗАЦИОННО-ПРАВОВЫЕ ФОРМЫ ЮРИДИЧЕСКИХ ЛИЦ, ЯВЛЯЮЩИХСЯ НЕКОММЕРЧЕСКИМИ КОРПОРАТИВНЫМИ ОРГАНИЗАЦИЯМИ</oos:fullName><oos:singularName>ОРГАНИЗАЦИОННО-ПРАВОВЫЕ ФОРМЫ ЮРИДИЧЕСКИХ ЛИЦ, ЯВЛЯЮЩИХСЯ НЕКОММЕРЧЕСКИМИ КОРПОРАТИВНЫМИ ОРГАНИЗАЦИЯМИ</oos:singularName><oos:actual>true</oos:actual></nsiOKOPF><nsiOKOPF><oos:code>20100</oos:code><oos:parentCode>20000</oos:parentCode><oos:fullName>Потребительские кооперативы</oos:fullName><oos:singularName>Потребительские кооперативы</oos:singularName><oos:actual>true</oos:actual></nsiOKOPF><nsiOKOPF><oos:code>20101</oos:code><oos:parentCode>20100</oos:parentCode><oos:fullName>Гаражные и гаражно-строительные кооперативы</oos:fullName><oos:singularName>Гаражные и гаражно-строительные кооперативы</oos:singularName><oos:actual>true</oos:actual></nsiOKOPF><nsiOKOPF><oos:code>20102</oos:code><oos:parentCode>20100</oos:parentCode><oos:fullName>Жилищные и жилищно-строительные кооперативы</oos:fullName><oos:singularName>Жилищные или жилищно-строительные кооперативы</oos:singularName><oos:actual>false</oos:actual></nsiOKOPF><nsiOKOPF><oos:code>20103</oos:code><oos:parentCode>20100</oos:parentCode><oos:fullName>Жилищные накопительные кооперативы</oos:fullName><oos:singularName>Жилищные накопительные кооперативы</oos:singularName><oos:actual>true</oos:actual></nsiOKOPF><nsiOKOPF><oos:code>20104</oos:code><oos:parentCode>20100</oos:parentCode><oos:fullName>Кредитные потребительские кооперативы</oos:fullName><oos:singularName>Кредитные потребительские кооперативы</oos:singularName><oos:actual>true</oos:actual></nsiOKOPF><nsiOKOPF><oos:code>20105</oos:code><oos:parentCode>20100</oos:parentCode><oos:fullName>Кредитные потребительские  кооперативы граждан</oos:fullName><oos:singularName>Кредитные потребительские  кооперативы граждан</oos:singularName><oos:actual>true</oos:actual></nsiOKOPF><nsiOKOPF><oos:code>20106</oos:code><oos:parentCode>20100</oos:parentCode><oos:fullName>Кредитные кооперативы второго уровня</oos:fullName><oos:singularName>Кредитные кооперативы второго уровня</oos:singularName><oos:actual>true</oos:actual></nsiOKOPF><nsiOKOPF><oos:code>20107</oos:code><oos:parentCode>20100</oos:parentCode><oos:fullName>Потребительские общества</oos:fullName><oos:singularName>Потребительские общества</oos:singularName><oos:actual>true</oos:actual></nsiOKOPF><nsiOKOPF><oos:code>20109</oos:code><oos:parentCode>20100</oos:parentCode><oos:fullName>Сельскохозяйственные потребительские перерабатывающие  кооперативы</oos:fullName><oos:singularName>Сельскохозяйственные потребительские перерабатывающие  кооперативы</oos:singularName><oos:actual>true</oos:actual></nsiOKOPF><nsiOKOPF><oos:code>20110</oos:code><oos:parentCode>20100</oos:parentCode><oos:fullName>Сельскохозяйственные потребительские сбытовые (торговые) кооперативы</oos:fullName><oos:singularName>Сельскохозяйственные потребительские сбытовые (торговые) кооперативы</oos:singularName><oos:actual>true</oos:actual></nsiOKOPF><nsiOKOPF><oos:code>20111</oos:code><oos:parentCode>20100</oos:parentCode><oos:fullName>Сельскохозяйственные потребительские обслуживающие кооперативы</oos:fullName><oos:singularName>Сельскохозяйственные потребительские обслуживающие кооперативы</oos:singularName><oos:actual>true</oos:actual></nsiOKOPF><nsiOKOPF><oos:code>20112</oos:code><oos:parentCode>20100</oos:parentCode><oos:fullName>Сельскохозяйственные потребительские снабженческие кооперативы</oos:fullName><oos:singularName>Сельскохозяйственные потребительские снабженческие кооперативы</oos:singularName><oos:actual>true</oos:actual></nsiOKOPF><nsiOKOPF><oos:code>20113</oos:code><oos:parentCode>20100</oos:parentCode><oos:fullName>Сельскохозяйственные потребительские садоводческие кооперативы</oos:fullName><oos:singularName>Сельскохозяйственные потребительские садоводческие кооперативы</oos:singularName><oos:actual>false</oos:actual></nsiOKOPF><nsiOKOPF><oos:code>20114</oos:code><oos:parentCode>20100</oos:parentCode><oos:fullName>Сельскохозяйственные потребительские огороднические кооперативы</oos:fullName><oos:singularName>Сельскохозяйственные потребительские огороднические кооперативы</oos:singularName><oos:actual>false</oos:actual></nsiOKOPF><nsiOKOPF><oos:code>20115</oos:code><oos:parentCode>20100</oos:parentCode><oos:fullName>Сельскохозяйственные потребительские животноводческие кооперативы</oos:fullName><oos:singularName>Сельскохозяйственные потребительские животноводческие кооперативы</oos:singularName><oos:actual>true</oos:actual></nsiOKOPF><nsiOKOPF><oos:code>20200</oos:code><oos:parentCode>20000</oos:parentCode><oos:fullName>Общественные  организации (объединения)</oos:fullName><oos:singularName>Общественные организации</oos:singularName><oos:actual>false</oos:actual></nsiOKOPF><nsiOKOPF><oos:code>20201</oos:code><oos:parentCode>20200</oos:parentCode><oos:fullName>Политические партии</oos:fullName><oos:singularName>Политические партии</oos:singularName><oos:actual>true</oos:actual></nsiOKOPF><nsiOKOPF><oos:code>20202</oos:code><oos:parentCode>20200</oos:parentCode><oos:fullName>Профсоюзные организации</oos:fullName><oos:singularName>Профсоюзные организации</oos:singularName><oos:actual>true</oos:actual></nsiOKOPF><nsiOKOPF><oos:code>20210</oos:code><oos:parentCode>20200</oos:parentCode><oos:fullName>Общественные движения</oos:fullName><oos:singularName>Общественные движения</oos:singularName><oos:actual>true</oos:actual></nsiOKOPF><nsiOKOPF><oos:code>20211</oos:code><oos:parentCode>20200</oos:parentCode><oos:fullName>Органы общественной самодеятельности</oos:fullName><oos:singularName>Органы общественной самодеятельности</oos:singularName><oos:actual>true</oos:actual></nsiOKOPF><nsiOKOPF><oos:code>20300</oos:code><oos:parentCode>20000</oos:parentCode><oos:fullName>Религиозные организации</oos:fullName><oos:singularName>Религиозная организация</oos:singularName><oos:actual>false</oos:actual></nsiOKOPF><nsiOKOPF><oos:code>20400</oos:code><oos:parentCode>20000</oos:parentCode><oos:fullName>Фонды</oos:fullName><oos:singularName>Фонд</oos:singularName><oos:actual>false</oos:actual></nsiOKOPF><nsiOKOPF><oos:code>20401</oos:code><oos:parentCode>20400</oos:parentCode><oos:fullName>Благотворительные фонды</oos:fullName><oos:singularName>Благотворительный фонд</oos:singularName><oos:actual>false</oos:actual></nsiOKOPF><nsiOKOPF><oos:code>20402</oos:code><oos:parentCode>20400</oos:parentCode><oos:fullName>Негосударственные пенсионные фонды</oos:fullName><oos:singularName>Негосударственный пенсионный фонд</oos:singularName><oos:actual>false</oos:actual></nsiOKOPF><nsiOKOPF><oos:code>20403</oos:code><oos:parentCode>20400</oos:parentCode><oos:fullName>Общественные фонды</oos:fullName><oos:singularName>Общественный фонд</oos:singularName><oos:actual>false</oos:actual></nsiOKOPF><nsiOKOPF><oos:code>20404</oos:code><oos:parentCode>20400</oos:parentCode><oos:fullName>Экологические фонды</oos:fullName><oos:singularName>Экологический фонд</oos:singularName><oos:actual>false</oos:actual></nsiOKOPF><nsiOKOPF><oos:code>20500</oos:code><oos:parentCode>20000</oos:parentCode><oos:fullName>Некоммерческие партнерства</oos:fullName><oos:singularName>Некоммерческое партнерство</oos:singularName><oos:actual>false</oos:actual></nsiOKOPF><nsiOKOPF><oos:code>20600</oos:code><oos:parentCode>20000</oos:parentCode><oos:fullName>Ассоциации (союзы)</oos:fullName><oos:singularName>Ассоциации (союзы)</oos:singularName><oos:actual>true</oos:actual></nsiOKOPF><nsiOKOPF><oos:code>20601</oos:code><oos:parentCode>20600</oos:parentCode><oos:fullName>Ассоциации (союзы) экономического взаимодействия субъектов Российской Федерации</oos:fullName><oos:singularName>Ассоциации (союзы) экономического взаимодействия субъектов Российской Федерации</oos:singularName><oos:actual>true</oos:actual></nsiOKOPF><nsiOKOPF><oos:code>20603</oos:code><oos:parentCode>20600</oos:parentCode><oos:fullName>Советы муниципальных образований субъектов Российской Федерации</oos:fullName><oos:singularName>Советы муниципальных образований субъектов Российской Федерации</oos:singularName><oos:actual>true</oos:actual></nsiOKOPF><nsiOKOPF><oos:code>20604</oos:code><oos:parentCode>20600</oos:parentCode><oos:fullName>Союзы (ассоциации) кредитных кооперативов</oos:fullName><oos:singularName>Союзы (ассоциации) кредитных кооперативов</oos:singularName><oos:actual>true</oos:actual></nsiOKOPF><nsiOKOPF><oos:code>20605</oos:code><oos:parentCode>20600</oos:parentCode><oos:fullName>Союзы (ассоциации) кооперативов</oos:fullName><oos:singularName>Союзы (ассоциации) кооперативов</oos:singularName><oos:actual>true</oos:actual></nsiOKOPF><nsiOKOPF><oos:code>20606</oos:code><oos:parentCode>20600</oos:parentCode><oos:fullName>Союзы (ассоциации) общественных объединений</oos:fullName><oos:singularName>Союзы (ассоциации) общественных объединений</oos:singularName><oos:actual>true</oos:actual></nsiOKOPF><nsiOKOPF><oos:code>20607</oos:code><oos:parentCode>20600</oos:parentCode><oos:fullName>Союзы (ассоциации) общин малочисленных народов</oos:fullName><oos:singularName>Союзы (ассоциации) общин малочисленных народов</oos:singularName><oos:actual>true</oos:actual></nsiOKOPF><nsiOKOPF><oos:code>20608</oos:code><oos:parentCode>20600</oos:parentCode><oos:fullName>Союзы потребительских обществ</oos:fullName><oos:singularName>Союзы потребительских обществ</oos:singularName><oos:actual>true</oos:actual></nsiOKOPF><nsiOKOPF><oos:code>20800</oos:code><oos:parentCode>20000</oos:parentCode><oos:fullName>Палаты</oos:fullName><oos:singularName>Палата</oos:singularName><oos:actual>false</oos:actual></nsiOKOPF><nsiOKOPF><oos:code>20801</oos:code><oos:parentCode>20800</oos:parentCode><oos:fullName>Адвокатские палаты</oos:fullName><oos:singularName>Адвокатская палата</oos:singularName><oos:actual>false</oos:actual></nsiOKOPF><nsiOKOPF><oos:code>20802</oos:code><oos:parentCode>20800</oos:parentCode><oos:fullName>Нотариальные палаты</oos:fullName><oos:singularName>Нотариальная палата</oos:singularName><oos:actual>false</oos:actual></nsiOKOPF><nsiOKOPF><oos:code>20803</oos:code><oos:parentCode>20800</oos:parentCode><oos:fullName>Торгово-промышленные палаты</oos:fullName><oos:singularName>Торгово-промышленная палата</oos:singularName><oos:actual>false</oos:actual></nsiOKOPF><nsiOKOPF><oos:code>20900</oos:code><oos:parentCode>20000</oos:parentCode><oos:fullName>Учреждения</oos:fullName><oos:singularName>Учреждение</oos:singularName><oos:actual>true</oos:actual></nsiOKOPF><nsiOKOPF><oos:code>20901</oos:code><oos:parentCode>20900</oos:parentCode><oos:fullName>Автономные учреждения</oos:fullName><oos:singularName>Автономное учреждение</oos:singularName><oos:actual>false</oos:actual></nsiOKOPF><nsiOKOPF><oos:code>20902</oos:code><oos:parentCode>20900</oos:parentCode><oos:fullName>Благотворительные учреждения</oos:fullName><oos:singularName>Благотворительное учреждение</oos:singularName><oos:actual>false</oos:actual></nsiOKOPF><nsiOKOPF><oos:code>20903</oos:code><oos:parentCode>20900</oos:parentCode><oos:fullName>Бюджетные учреждения</oos:fullName><oos:singularName>Бюджетное учреждение</oos:singularName><oos:actual>true</oos:actual></nsiOKOPF><nsiOKOPF><oos:code>20904</oos:code><oos:parentCode>20900</oos:parentCode><oos:fullName>Казенные учреждения</oos:fullName><oos:singularName>Казенное учреждение</oos:singularName><oos:actual>true</oos:actual></nsiOKOPF><nsiOKOPF><oos:code>20905</oos:code><oos:parentCode>20900</oos:parentCode><oos:fullName>Общественные учреждения</oos:fullName><oos:singularName>Общественное учреждение</oos:singularName><oos:actual>false</oos:actual></nsiOKOPF><nsiOKOPF><oos:code>20906</oos:code><oos:parentCode>20900</oos:parentCode><oos:fullName>Частные учреждения</oos:fullName><oos:singularName>Частное учреждение</oos:singularName><oos:actual>false</oos:actual></nsiOKOPF><nsiOKOPF><oos:code>20907</oos:code><oos:parentCode>20900</oos:parentCode><oos:fullName>Учреждения академий наук</oos:fullName><oos:singularName>Учреждение академии наук</oos:singularName><oos:actual>false</oos:actual></nsiOKOPF><nsiOKOPF><oos:code>20908</oos:code><oos:parentCode>20900</oos:parentCode><oos:fullName>Учреждения религиозных организаций</oos:fullName><oos:singularName>Учреждение религиозной организации</oos:singularName><oos:actual>false</oos:actual></nsiOKOPF><nsiOKOPF><oos:code>21000</oos:code><oos:parentCode>20000</oos:parentCode><oos:fullName>Садоводческие, огороднические или дачные объединения граждан</oos:fullName><oos:singularName>Садоводческое, огородническое или дачное объединение граждан</oos:singularName><oos:actual>false</oos:actual></nsiOKOPF><nsiOKOPF><oos:code>21001</oos:code><oos:parentCode>21000</oos:parentCode><oos:fullName>Садоводческие, огороднические или дачные некоммерческие товарищества</oos:fullName><oos:singularName>Садоводческое, огородническое или дачное некоммерческое товарищество</oos:singularName><oos:actual>false</oos:actual></nsiOKOPF><nsiOKOPF><oos:code>21002</oos:code><oos:parentCode>21000</oos:parentCode><oos:fullName>Садоводческие, огороднические или дачные потребительские кооперативы</oos:fullName><oos:singularName>Садоводческий, огороднический или дачный потребительский кооператив</oos:singularName><oos:actual>false</oos:actual></nsiOKOPF><nsiOKOPF><oos:code>21003</oos:code><oos:parentCode>21000</oos:parentCode><oos:fullName>Садоводческие, огороднические или дачные некоммерческие партнерства</oos:fullName><oos:singularName>Садоводческое, огородническое или дачное некоммерческое партнерство</oos:singularName><oos:actual>false</oos:actual></nsiOKOPF><nsiOKOPF><oos:code>28000</oos:code><oos:parentCode>20000</oos:parentCode><oos:fullName>Юридические лица, являющиеся некоммерческими организациями, не включенные в другие группировки</oos:fullName><oos:singularName>Юридическое лицо, являющееся некоммерческой организацией, не включенное в другие группировки</oos:singularName><oos:actual>false</oos:actual></nsiOKOPF><nsiOKOPF><oos:code>28001</oos:code><oos:parentCode>28000</oos:parentCode><oos:fullName>Автономные некоммерческие организации</oos:fullName><oos:singularName>Автономная некоммерческая организация</oos:singularName><oos:actual>false</oos:actual></nsiOKOPF><nsiOKOPF><oos:code>28002</oos:code><oos:parentCode>28000</oos:parentCode><oos:fullName>Адвокатские бюро</oos:fullName><oos:singularName>Адвокатское бюро</oos:singularName><oos:actual>false</oos:actual></nsiOKOPF><nsiOKOPF><oos:code>28003</oos:code><oos:parentCode>28000</oos:parentCode><oos:fullName>Государственные академии наук</oos:fullName><oos:singularName>Государственная академия наук</oos:singularName><oos:actual>false</oos:actual></nsiOKOPF><nsiOKOPF><oos:code>28004</oos:code><oos:parentCode>28000</oos:parentCode><oos:fullName>Государственные компании</oos:fullName><oos:singularName>Государственная компания</oos:singularName><oos:actual>false</oos:actual></nsiOKOPF><nsiOKOPF><oos:code>28005</oos:code><oos:parentCode>28000</oos:parentCode><oos:fullName>Государственные корпорации</oos:fullName><oos:singularName>Государственная корпорация</oos:singularName><oos:actual>false</oos:actual></nsiOKOPF><nsiOKOPF><oos:code>28006</oos:code><oos:parentCode>28000</oos:parentCode><oos:fullName>Казачьи общества</oos:fullName><oos:singularName>Казачье общество</oos:singularName><oos:actual>false</oos:actual></nsiOKOPF><nsiOKOPF><oos:code>28007</oos:code><oos:parentCode>28000</oos:parentCode><oos:fullName>Коллегии адвокатов</oos:fullName><oos:singularName>Коллегия адвокатов</oos:singularName><oos:actual>false</oos:actual></nsiOKOPF><nsiOKOPF><oos:code>28008</oos:code><oos:parentCode>28000</oos:parentCode><oos:fullName>Общества взаимного страхования</oos:fullName><oos:singularName>Общество взаимного страхования</oos:singularName><oos:actual>false</oos:actual></nsiOKOPF><nsiOKOPF><oos:code>28010</oos:code><oos:parentCode>28000</oos:parentCode><oos:fullName>Общины коренных малочисленных народов</oos:fullName><oos:singularName>Община коренного малочисленного народа</oos:singularName><oos:actual>false</oos:actual></nsiOKOPF><nsiOKOPF><oos:code>28012</oos:code><oos:parentCode>28000</oos:parentCode><oos:fullName>Объединения работодателей</oos:fullName><oos:singularName>Объединение работодателей</oos:singularName><oos:actual>false</oos:actual></nsiOKOPF><nsiOKOPF><oos:code>28013</oos:code><oos:parentCode>28000</oos:parentCode><oos:fullName>Объединения (союзы) крестьянских (фермерских) хозяйств</oos:fullName><oos:singularName>Объединение (союз) крестьянских (фермерских) хозяйств</oos:singularName><oos:actual>false</oos:actual></nsiOKOPF><nsiOKOPF><oos:code>28014</oos:code><oos:parentCode>28000</oos:parentCode><oos:fullName>Отделения иностранных некоммерческих неправительственных организаций</oos:fullName><oos:singularName>Отделение иностранной некоммерческой неправительственной организации</oos:singularName><oos:actual>false</oos:actual></nsiOKOPF><nsiOKOPF><oos:code>28016</oos:code><oos:parentCode>28000</oos:parentCode><oos:fullName>Товарищества собственников жилья</oos:fullName><oos:singularName>Товарищество собственников жилья</oos:singularName><oos:actual>false</oos:actual></nsiOKOPF><nsiOKOPF><oos:code>28017</oos:code><oos:parentCode>28000</oos:parentCode><oos:fullName>Территориальные общественные самоуправления</oos:fullName><oos:singularName>Территориальное общественное самоуправление</oos:singularName><oos:actual>false</oos:actual></nsiOKOPF><nsiOKOPF><oos:code>29000</oos:code><oos:parentCode>20000</oos:parentCode><oos:fullName>Иные некоммерческие организации, не включенные в другие группировки</oos:fullName><oos:singularName>Иная некоммерческая организация, не включенная в другие группировки</oos:singularName><oos:actual>false</oos:actual></nsiOKOPF><nsiOKOPF><oos:code>30000</oos:code><oos:fullName>ОРГАНИЗАЦИОННО-ПРАВОВЫЕ ФОРМЫ ОРГАНИЗАЦИЙ, СОЗДАННЫХ  БЕЗ ПРАВ ЮРИДИЧЕСКОГО ЛИЦА</oos:fullName><oos:singularName>ОРГАНИЗАЦИОННО-ПРАВОВЫЕ ФОРМЫ ОРГАНИЗАЦИЙ, СОЗДАННЫХ  БЕЗ ПРАВ ЮРИДИЧЕСКОГО ЛИЦА</oos:singularName><oos:actual>true</oos:actual></nsiOKOPF><nsiOKOPF><oos:code>30001</oos:code><oos:parentCode>30000</oos:parentCode><oos:fullName>Представительства юридических лиц</oos:fullName><oos:singularName>Представительства юридических лиц</oos:singularName><oos:actual>true</oos:actual></nsiOKOPF><nsiOKOPF><oos:code>30002</oos:code><oos:parentCode>30000</oos:parentCode><oos:fullName>Филиалы юридических лиц</oos:fullName><oos:singularName>Филиалы юридических лиц</oos:singularName><oos:actual>true</oos:actual></nsiOKOPF><nsiOKOPF><oos:code>30003</oos:code><oos:parentCode>30000</oos:parentCode><oos:fullName>Обособленные подразделения юридических лиц</oos:fullName><oos:singularName>Обособленные подразделения юридических лиц</oos:singularName><oos:actual>true</oos:actual></nsiOKOPF><nsiOKOPF><oos:code>30004</oos:code><oos:parentCode>30000</oos:parentCode><oos:fullName>Структурные подразделения обособленных подразделений юридических лиц</oos:fullName><oos:singularName>Структурные подразделения обособленных подразделений юридических лиц</oos:singularName><oos:actual>true</oos:actual></nsiOKOPF><nsiOKOPF><oos:code>30005</oos:code><oos:parentCode>30000</oos:parentCode><oos:fullName>Паевые инвестиционные фонды</oos:fullName><oos:singularName>Паевые инвестиционные фонды</oos:singularName><oos:actual>true</oos:actual></nsiOKOPF><nsiOKOPF><oos:code>30006</oos:code><oos:parentCode>30000</oos:parentCode><oos:fullName>Простые товарищества</oos:fullName><oos:singularName>Простые товарищества</oos:singularName><oos:actual>true</oos:actual></nsiOKOPF><nsiOKOPF><oos:code>40000</oos:code><oos:fullName>ОРГАНИЗАЦИОННО-ПРАВОВЫЕ ФОРМЫ МЕЖДУНАРОДНЫХ ОРГАНИЗАЦИЙ, ОСУЩЕСТВЛЯЮЩИХ ДЕЯТЕЛЬНОСТЬ НА ТЕРРИТОРИИ РОССИЙСКОЙ ФЕДЕРАЦИИ</oos:fullName><oos:singularName>ОРГАНИЗАЦИОННО-ПРАВОВЫЕ ФОРМЫ МЕЖДУНАРОДНЫХ ОРГАНИЗАЦИЙ, ОСУЩЕСТВЛЯЮЩИХ ДЕЯТЕЛЬНОСТЬ НА ТЕРРИТОРИИ РОССИЙСКОЙ ФЕДЕРАЦИИ</oos:singularName><oos:actual>true</oos:actual></nsiOKOPF><nsiOKOPF><oos:code>40001</oos:code><oos:parentCode>40000</oos:parentCode><oos:fullName>Межправительственные международные организации</oos:fullName><oos:singularName>Межправительственные международные организации</oos:singularName><oos:actual>true</oos:actual></nsiOKOPF><nsiOKOPF><oos:code>40002</oos:code><oos:parentCode>40000</oos:parentCode><oos:fullName>Неправительственные международные организации</oos:fullName><oos:singularName>Неправительственные международные организации</oos:singularName><oos:actual>true</oos:actual></nsiOKOPF><nsiOKOPF><oos:code>50000</oos:code><oos:fullName>ОРГАНИЗАЦИОННО-ПРАВОВЫЕ ФОРМЫ ДЛЯ ДЕЯТЕЛЬНОСТИ ГРАЖДАН (ФИЗИЧЕСКИХ ЛИЦ)</oos:fullName><oos:singularName>ОРГАНИЗАЦИОННО-ПРАВОВЫЕ ФОРМЫ ДЛЯ ДЕЯТЕЛЬНОСТИ ГРАЖДАН (ФИЗИЧЕСКИХ ЛИЦ)</oos:singularName><oos:actual>true</oos:actual></nsiOKOPF><nsiOKOPF><oos:code>50100</oos:code><oos:parentCode>50000</oos:parentCode><oos:fullName>Организационно-правовые формы для коммерческой деятельности граждан</oos:fullName><oos:singularName>Организационно-правовые формы для коммерческой деятельности граждан</oos:singularName><oos:actual>true</oos:actual></nsiOKOPF><nsiOKOPF><oos:code>50101</oos:code><oos:parentCode>50100</oos:parentCode><oos:fullName>Главы крестьянских (фермерских) хозяйств</oos:fullName><oos:singularName>Главы крестьянских (фермерских) хозяйств</oos:singularName><oos:actual>true</oos:actual></nsiOKOPF><nsiOKOPF><oos:code>50102</oos:code><oos:parentCode>50100</oos:parentCode><oos:fullName>Индивидуальные предприниматели</oos:fullName><oos:singularName>Индивидуальные предприниматели</oos:singularName><oos:actual>true</oos:actual></nsiOKOPF><nsiOKOPF><oos:code>50200</oos:code><oos:parentCode>50000</oos:parentCode><oos:fullName>Организационно-правовые формы для деятельности граждан, не отнесенной  к предпринимательству</oos:fullName><oos:singularName>Организационно-правовые формы для деятельности граждан, не отнесенной  к предпринимательству</oos:singularName><oos:actual>true</oos:actual></nsiOKOPF><nsiOKOPF><oos:code>50201</oos:code><oos:parentCode>50200</oos:parentCode><oos:fullName>Адвокаты, учредившие адвокатский кабинет</oos:fullName><oos:singularName>Адвокаты, учредившие адвокатский кабинет</oos:singularName><oos:actual>true</oos:actual></nsiOKOPF><nsiOKOPF><oos:code>50202</oos:code><oos:parentCode>50200</oos:parentCode><oos:fullName>Нотариусы, занимающиеся частной практикой</oos:fullName><oos:singularName>Нотариусы, занимающиеся частной практикой</oos:singularName><oos:actual>true</oos:actual></nsiOKOPF><nsiOKOPF><oos:code>15300</oos:code><oos:parentCode>10000</oos:parentCode><oos:fullName>Крестьянские (фермерские) хозяйства</oos:fullName><oos:singularName>Крестьянские (фермерские) хозяйства</oos:singularName><oos:actual>true</oos:actual></nsiOKOPF><nsiOKOPF><oos:code>30008</oos:code><oos:parentCode>30000</oos:parentCode><oos:fullName>Районные суды, городские суды, межрайонные суды (районные суды)</oos:fullName><oos:singularName>Районные суды, городские суды, межрайонные суды (районные суды)</oos:singularName><oos:actual>true</oos:actual></nsiOKOPF><nsiOKOPF><oos:code>12300</oos:code><oos:parentCode>10000</oos:parentCode><oos:fullName>Общества с ограниченной ответственностью</oos:fullName><oos:singularName>Общества с ограниченной ответственностью</oos:singularName><oos:actual>true</oos:actual></nsiOKOPF><nsiOKOPF><oos:code>20108</oos:code><oos:parentCode>20100</oos:parentCode><oos:fullName>Общества взаимного страхования</oos:fullName><oos:singularName>Общества взаимного страхования</oos:singularName><oos:actual>true</oos:actual></nsiOKOPF><nsiOKOPF><oos:code>20120</oos:code><oos:parentCode>20100</oos:parentCode><oos:fullName>Садоводческие, огороднические или дачные потребительские кооперативы</oos:fullName><oos:singularName>Садоводческие, огороднические или дачные потребительские кооперативы</oos:singularName><oos:actual>false</oos:actual></nsiOKOPF><nsiOKOPF><oos:code>20121</oos:code><oos:parentCode>20100</oos:parentCode><oos:fullName>Фонды проката</oos:fullName><oos:singularName>Фонды проката</oos:singularName><oos:actual>true</oos:actual></nsiOKOPF><nsiOKOPF><oos:code>20217</oos:code><oos:parentCode>20200</oos:parentCode><oos:fullName>Территориальные общественные самоуправления</oos:fullName><oos:singularName>Территориальные общественные самоуправления</oos:singularName><oos:actual>true</oos:actual></nsiOKOPF><nsiOKOPF><oos:code>20609</oos:code><oos:parentCode>20600</oos:parentCode><oos:fullName>Адвокатские палаты</oos:fullName><oos:singularName>Адвокатские палаты</oos:singularName><oos:actual>true</oos:actual></nsiOKOPF><nsiOKOPF><oos:code>20610</oos:code><oos:parentCode>20600</oos:parentCode><oos:fullName>Нотариальные палаты</oos:fullName><oos:singularName>Нотариальные палаты</oos:singularName><oos:actual>true</oos:actual></nsiOKOPF><nsiOKOPF><oos:code>20611</oos:code><oos:parentCode>20600</oos:parentCode><oos:fullName>Торгово-промышленные палаты</oos:fullName><oos:singularName>Торгово-промышленные палаты</oos:singularName><oos:actual>true</oos:actual></nsiOKOPF><nsiOKOPF><oos:code>20612</oos:code><oos:parentCode>20600</oos:parentCode><oos:fullName>Объединения работодателей</oos:fullName><oos:singularName>Объединения работодателей</oos:singularName><oos:actual>true</oos:actual></nsiOKOPF><nsiOKOPF><oos:code>20613</oos:code><oos:parentCode>20600</oos:parentCode><oos:fullName>Объединения фермерских хозяйств</oos:fullName><oos:singularName>Объединения фермерских хозяйств</oos:singularName><oos:actual>true</oos:actual></nsiOKOPF><nsiOKOPF><oos:code>20614</oos:code><oos:parentCode>20600</oos:parentCode><oos:fullName>Некоммерческие партнерства</oos:fullName><oos:singularName>Некоммерческие партнерства</oos:singularName><oos:actual>true</oos:actual></nsiOKOPF><nsiOKOPF><oos:code>20615</oos:code><oos:parentCode>20600</oos:parentCode><oos:fullName>Адвокатские бюро</oos:fullName><oos:singularName>Адвокатские бюро</oos:singularName><oos:actual>true</oos:actual></nsiOKOPF><nsiOKOPF><oos:code>20616</oos:code><oos:parentCode>20600</oos:parentCode><oos:fullName>Коллегии адвокатов</oos:fullName><oos:singularName>Коллегии адвокатов</oos:singularName><oos:actual>true</oos:actual></nsiOKOPF><nsiOKOPF><oos:code>20617</oos:code><oos:parentCode>20600</oos:parentCode><oos:fullName>Садоводческие, огороднические или дачные некоммерческие партнерства</oos:fullName><oos:singularName>Садоводческие, огороднические или дачные некоммерческие партнерства</oos:singularName><oos:actual>false</oos:actual></nsiOKOPF><nsiOKOPF><oos:code>20618</oos:code><oos:parentCode>20600</oos:parentCode><oos:fullName>Ассоциации (союзы) садоводческих, огороднических и дачных некоммерческих объединений</oos:fullName><oos:singularName>Ассоциации (союзы) садоводческих, огороднических и дачных некоммерческих объединений</oos:singularName><oos:actual>false</oos:actual></nsiOKOPF><nsiOKOPF><oos:code>20619</oos:code><oos:parentCode>20600</oos:parentCode><oos:fullName>Саморегулируемые организации</oos:fullName><oos:singularName>Саморегулируемые организации</oos:singularName><oos:actual>true</oos:actual></nsiOKOPF><nsiOKOPF><oos:code>20620</oos:code><oos:parentCode>20600</oos:parentCode><oos:fullName>Объединения (ассоциации и союзы) благотворительных организаций</oos:fullName><oos:singularName>Объединения (ассоциации и союзы) благотворительных организаций</oos:singularName><oos:actual>true</oos:actual></nsiOKOPF><nsiOKOPF><oos:code>20700</oos:code><oos:parentCode>20000</oos:parentCode><oos:fullName>Товарищества собственников недвижимости</oos:fullName><oos:singularName>Товарищества собственников недвижимости</oos:singularName><oos:actual>true</oos:actual></nsiOKOPF><nsiOKOPF><oos:code>20701</oos:code><oos:parentCode>20700</oos:parentCode><oos:fullName>Садоводческие, огороднические или дачные некоммерческие товарищества</oos:fullName><oos:singularName>Садоводческие, огороднические или дачные некоммерческие товарищества</oos:singularName><oos:actual>false</oos:actual></nsiOKOPF><nsiOKOPF><oos:code>20716</oos:code><oos:parentCode>20700</oos:parentCode><oos:fullName>Товарищества собственников жилья</oos:fullName><oos:singularName>Товарищества собственников жилья</oos:singularName><oos:actual>true</oos:actual></nsiOKOPF><nsiOKOPF><oos:code>21100</oos:code><oos:parentCode>20000</oos:parentCode><oos:fullName>Казачьи общества, внесенные в государственный реестр казачьих обществ в Российской Федерации</oos:fullName><oos:singularName>Казачьи общества, внесенные в государственный реестр казачьих обществ в Российской Федерации</oos:singularName><oos:actual>true</oos:actual></nsiOKOPF><nsiOKOPF><oos:code>21200</oos:code><oos:parentCode>20000</oos:parentCode><oos:fullName>Общины коренных малочисленных народов Российской Федерации</oos:fullName><oos:singularName>Общины коренных малочисленных народов Российской Федерации</oos:singularName><oos:actual>true</oos:actual></nsiOKOPF><nsiOKOPF><oos:code>60000</oos:code><oos:fullName>ОРГАНИЗАЦИОННО-ПРАВОВЫЕ ФОРМЫ ЮРИДИЧЕСКИХ ЛИЦ, ЯВЛЯЮЩИХСЯ КОММЕРЧЕСКИМИ УНИТАРНЫМИ ОРГАНИЗАЦИЯМИ</oos:fullName><oos:singularName>ОРГАНИЗАЦИОННО-ПРАВОВЫЕ ФОРМЫ ЮРИДИЧЕСКИХ ЛИЦ, ЯВЛЯЮЩИХСЯ КОММЕРЧЕСКИМИ УНИТАРНЫМИ ОРГАНИЗАЦИЯМИ</oos:singularName><oos:actual>true</oos:actual></nsiOKOPF><nsiOKOPF><oos:code>65000</oos:code><oos:parentCode>60000</oos:parentCode><oos:fullName>Унитарные предприятия</oos:fullName><oos:singularName>Унитарные предприятия</oos:singularName><oos:actual>true</oos:actual></nsiOKOPF><nsiOKOPF><oos:code>65100</oos:code><oos:parentCode>60000</oos:parentCode><oos:fullName>Унитарные предприятия, основанные на праве оперативного управления (казенные предприятия)</oos:fullName><oos:singularName>Унитарные предприятия, основанные на праве оперативного управления (казенные предприятия)</oos:singularName><oos:actual>true</oos:actual></nsiOKOPF><nsiOKOPF><oos:code>65141</oos:code><oos:parentCode>65100</oos:parentCode><oos:fullName>Федеральные казенные предприятия</oos:fullName><oos:singularName>Федеральные казенные предприятия</oos:singularName><oos:actual>true</oos:actual></nsiOKOPF><nsiOKOPF><oos:code>65142</oos:code><oos:parentCode>65100</oos:parentCode><oos:fullName>Казенные предприятия субъектов Российской Федерации</oos:fullName><oos:singularName>Казенные предприятия субъектов Российской Федерации</oos:singularName><oos:actual>true</oos:actual></nsiOKOPF><nsiOKOPF><oos:code>65143</oos:code><oos:parentCode>65100</oos:parentCode><oos:fullName>Муниципальные казенные предприятия</oos:fullName><oos:singularName>Муниципальные казенные предприятия</oos:singularName><oos:actual>true</oos:actual></nsiOKOPF><nsiOKOPF><oos:code>65200</oos:code><oos:parentCode>60000</oos:parentCode><oos:fullName>Унитарные предприятия, основанные на праве хозяйственного ведения</oos:fullName><oos:singularName>Унитарные предприятия, основанные на праве хозяйственного ведения</oos:singularName><oos:actual>true</oos:actual></nsiOKOPF><nsiOKOPF><oos:code>65241</oos:code><oos:parentCode>65200</oos:parentCode><oos:fullName>Федеральные государственные унитарные предприятия</oos:fullName><oos:singularName>Федеральные государственные унитарные предприятия</oos:singularName><oos:actual>true</oos:actual></nsiOKOPF><nsiOKOPF><oos:code>65242</oos:code><oos:parentCode>65200</oos:parentCode><oos:fullName>Государственные унитарные предприятия субъектов Российской Федерации</oos:fullName><oos:singularName>Государственные унитарные предприятия субъектов Российской Федерации</oos:singularName><oos:actual>true</oos:actual></nsiOKOPF><nsiOKOPF><oos:code>65243</oos:code><oos:parentCode>65200</oos:parentCode><oos:fullName>Муниципальные унитарные предприятия</oos:fullName><oos:singularName>Муниципальные унитарные предприятия</oos:singularName><oos:actual>true</oos:actual></nsiOKOPF><nsiOKOPF><oos:code>70000</oos:code><oos:fullName>ОРГАНИЗАЦИОННО-ПРАВОВЫЕ ФОРМЫ ЮРИДИЧЕСКИХ ЛИЦ, ЯВЛЯЮЩИХСЯ НЕКОММЕРЧЕСКИМИ УНИТАРНЫМИ ОРГАНИЗАЦИЯМИ</oos:fullName><oos:singularName>ОРГАНИЗАЦИОННО-ПРАВОВЫЕ ФОРМЫ ЮРИДИЧЕСКИХ ЛИЦ, ЯВЛЯЮЩИХСЯ НЕКОММЕРЧЕСКИМИ УНИТАРНЫМИ ОРГАНИЗАЦИЯМИ</oos:singularName><oos:actual>true</oos:actual></nsiOKOPF><nsiOKOPF><oos:code>70400</oos:code><oos:parentCode>70000</oos:parentCode><oos:fullName>Фонды</oos:fullName><oos:singularName>Фонды</oos:singularName><oos:actual>true</oos:actual></nsiOKOPF><nsiOKOPF><oos:code>70401</oos:code><oos:parentCode>70400</oos:parentCode><oos:fullName>Благотворительные фонды</oos:fullName><oos:singularName>Благотворительные фонды</oos:singularName><oos:actual>true</oos:actual></nsiOKOPF><nsiOKOPF><oos:code>70402</oos:code><oos:parentCode>70400</oos:parentCode><oos:fullName>Негосударственные пенсионные фонды</oos:fullName><oos:singularName>Негосударственные пенсионные фонды</oos:singularName><oos:actual>true</oos:actual></nsiOKOPF><nsiOKOPF><oos:code>70403</oos:code><oos:parentCode>70400</oos:parentCode><oos:fullName>Общественные фонды</oos:fullName><oos:singularName>Общественные фонды</oos:singularName><oos:actual>true</oos:actual></nsiOKOPF><nsiOKOPF><oos:code>70404</oos:code><oos:parentCode>70400</oos:parentCode><oos:fullName>Экологические фонды</oos:fullName><oos:singularName>Экологические фонды</oos:singularName><oos:actual>true</oos:actual></nsiOKOPF><nsiOKOPF><oos:code>71400</oos:code><oos:parentCode>70000</oos:parentCode><oos:fullName>Автономные некоммерческие организации</oos:fullName><oos:singularName>Автономные некоммерческие организации</oos:singularName><oos:actual>true</oos:actual></nsiOKOPF><nsiOKOPF><oos:code>71500</oos:code><oos:parentCode>70000</oos:parentCode><oos:fullName>Религиозные организации</oos:fullName><oos:singularName>Религиозные организации</oos:singularName><oos:actual>true</oos:actual></nsiOKOPF><nsiOKOPF><oos:code>71600</oos:code><oos:parentCode>70000</oos:parentCode><oos:fullName>Публично-правовые компании</oos:fullName><oos:singularName>Публично-правовые компании</oos:singularName><oos:actual>true</oos:actual></nsiOKOPF><nsiOKOPF><oos:code>71601</oos:code><oos:parentCode>71600</oos:parentCode><oos:fullName>Государственные корпорации</oos:fullName><oos:singularName>Государственные корпорации</oos:singularName><oos:actual>true</oos:actual></nsiOKOPF><nsiOKOPF><oos:code>71602</oos:code><oos:parentCode>71600</oos:parentCode><oos:fullName>Государственные компании</oos:fullName><oos:singularName>Государственные компании</oos:singularName><oos:actual>true</oos:actual></nsiOKOPF><nsiOKOPF><oos:code>71610</oos:code><oos:parentCode>71600</oos:parentCode><oos:fullName>Отделения иностранных некоммерческих неправительственных организаций</oos:fullName><oos:singularName>Отделения иностранных некоммерческих неправительственных организаций</oos:singularName><oos:actual>true</oos:actual></nsiOKOPF><nsiOKOPF><oos:code>75000</oos:code><oos:parentCode>70000</oos:parentCode><oos:fullName>Учреждения</oos:fullName><oos:singularName>Учреждения</oos:singularName><oos:actual>true</oos:actual></nsiOKOPF><nsiOKOPF><oos:code>75100</oos:code><oos:parentCode>70000</oos:parentCode><oos:fullName>Учреждения, созданные Российской Федерацией</oos:fullName><oos:singularName>Учреждения, созданные Российской Федерацией</oos:singularName><oos:actual>true</oos:actual></nsiOKOPF><nsiOKOPF><oos:code>75101</oos:code><oos:parentCode>75100</oos:parentCode><oos:fullName>Федеральные государственные автономные учреждения</oos:fullName><oos:singularName>Федеральные государственные автономные учреждения</oos:singularName><oos:actual>true</oos:actual></nsiOKOPF><nsiOKOPF><oos:code>75103</oos:code><oos:parentCode>75100</oos:parentCode><oos:fullName>Федеральные государственные бюджетные учреждения</oos:fullName><oos:singularName>Федеральные государственные бюджетные учреждения</oos:singularName><oos:actual>true</oos:actual></nsiOKOPF><nsiOKOPF><oos:code>75104</oos:code><oos:parentCode>75100</oos:parentCode><oos:fullName>Федеральные государственные казенные учреждения</oos:fullName><oos:singularName>Федеральные государственные казенные учреждения</oos:singularName><oos:actual>true</oos:actual></nsiOKOPF><nsiOKOPF><oos:code>75200</oos:code><oos:parentCode>70000</oos:parentCode><oos:fullName>Учреждения, созданные субъектом Российской Федерации</oos:fullName><oos:singularName>Учреждения, созданные субъектом Российской Федерации</oos:singularName><oos:actual>true</oos:actual></nsiOKOPF><nsiOKOPF><oos:code>75201</oos:code><oos:parentCode>75200</oos:parentCode><oos:fullName>Государственные автономные учреждения субъектов Российской Федерации</oos:fullName><oos:singularName>Государственные автономные учреждения субъектов Российской Федерации</oos:singularName><oos:actual>true</oos:actual></nsiOKOPF><nsiOKOPF><oos:code>75203</oos:code><oos:parentCode>75200</oos:parentCode><oos:fullName>Государственные бюджетные учреждения субъектов Российской Федерации</oos:fullName><oos:singularName>Государственные бюджетные учреждения субъектов Российской Федерации</oos:singularName><oos:actual>true</oos:actual></nsiOKOPF><nsiOKOPF><oos:code>75204</oos:code><oos:parentCode>75200</oos:parentCode><oos:fullName>Государственные казенные учреждения субъектов Российской Федерации</oos:fullName><oos:singularName>Государственные казенные учреждения субъектов Российской Федерации</oos:singularName><oos:actual>true</oos:actual></nsiOKOPF><nsiOKOPF><oos:code>75300</oos:code><oos:parentCode>70000</oos:parentCode><oos:fullName>Государственные академии наук</oos:fullName><oos:singularName>Государственные академии наук</oos:singularName><oos:actual>true</oos:actual></nsiOKOPF><nsiOKOPF><oos:code>75400</oos:code><oos:parentCode>70000</oos:parentCode><oos:fullName>Учреждения, созданные муниципальным образованием (муниципальные учреждения)</oos:fullName><oos:singularName>Учреждения, созданные муниципальным образованием (муниципальные учреждения)</oos:singularName><oos:actual>true</oos:actual></nsiOKOPF><nsiOKOPF><oos:code>75401</oos:code><oos:parentCode>75400</oos:parentCode><oos:fullName>Муниципальные автономные учреждения</oos:fullName><oos:singularName>Муниципальные автономные учреждения</oos:singularName><oos:actual>true</oos:actual></nsiOKOPF><nsiOKOPF><oos:code>75403</oos:code><oos:parentCode>75400</oos:parentCode><oos:fullName>Муниципальные бюджетные учреждения</oos:fullName><oos:singularName>Муниципальные бюджетные учреждения</oos:singularName><oos:actual>true</oos:actual></nsiOKOPF><nsiOKOPF><oos:code>75404</oos:code><oos:parentCode>75400</oos:parentCode><oos:fullName>Муниципальные казенные учреждения</oos:fullName><oos:singularName>Муниципальные казенные учреждения</oos:singularName><oos:actual>true</oos:actual></nsiOKOPF><nsiOKOPF><oos:code>75500</oos:code><oos:parentCode>70000</oos:parentCode><oos:fullName>Частные учреждения</oos:fullName><oos:singularName>Частные учреждения</oos:singularName><oos:actual>true</oos:actual></nsiOKOPF><nsiOKOPF><oos:code>75502</oos:code><oos:parentCode>75500</oos:parentCode><oos:fullName>Благотворительные учреждения</oos:fullName><oos:singularName>Благотворительные учреждения</oos:singularName><oos:actual>true</oos:actual></nsiOKOPF><nsiOKOPF><oos:code>75505</oos:code><oos:parentCode>75500</oos:parentCode><oos:fullName>Общественные учреждения</oos:fullName><oos:singularName>Общественные учреждения</oos:singularName><oos:actual>true</oos:actual></nsiOKOPF><nsiOKOPF><oos:code>12247</oos:code><oos:parentCode>12200</oos:parentCode><oos:fullName>Публичные акционерные общества</oos:fullName><oos:singularName>Публичные акционерные общества</oos:singularName><oos:actual>true</oos:actual></nsiOKOPF><nsiOKOPF><oos:code>12267</oos:code><oos:parentCode>12200</oos:parentCode><oos:fullName>Непубличные акционерные общества</oos:fullName><oos:singularName>Непубличные акционерные общества</oos:singularName><oos:actual>true</oos:actual></nsiOKOPF><nsiOKOPF><oos:code>20102</oos:code><oos:parentCode>20100</oos:parentCode><oos:fullName>Жилищные или жилищно-строительные кооперативы</oos:fullName><oos:singularName>Жилищные или жилищно-строительные кооперативы</oos:singularName><oos:actual>true</oos:actual></nsiOKOPF><nsiOKOPF><oos:code>20200</oos:code><oos:parentCode>20000</oos:parentCode><oos:fullName>Общественные организации</oos:fullName><oos:singularName>Общественные организации</oos:singularName><oos:actual>true</oos:actual></nsiOKOPF><nsiOKOPF><oos:code>20702</oos:code><oos:parentCode>20700</oos:parentCode><oos:fullName>Садоводческие или огороднические некоммерческие товарищества</oos:fullName><oos:singularName>Садоводческие или огороднические некоммерческие товарищества</oos:singularName><oos:actual>true</oos:actual></nsiOKOPF><nsiOKOPF><oos:code>20116</oos:code><oos:parentCode>20100</oos:parentCode><oos:fullName>Сельскохозяйственные потребительские растениеводческие кооперативы</oos:fullName><oos:singularName>Сельскохозяйственные потребительские растениеводческие кооперативы</oos:singularName><oos:actual>true</oos:actual></nsiOKOPF></nsiOKOPFList></export>