<?xml version="1.0" encoding="UTF-8"?><export xmlns:xsi="http://www.w3.org/2001/XMLSchema-instance" xmlns="http://zakupki.gov.ru/oos/export/1" xmlns:oos="http://zakupki.gov.ru/oos/types/1"><nsiOKSMList><nsiOKSM><oos:countryCode>148</oos:countryCode><oos:countryFullName>Республика Чад</oos:countryFullName><oos:actual>true</oos:actual></nsiOKSM><nsiOKSM><oos:countryCode>288</oos:countryCode><oos:countryFullName>Республика Гана</oos:countryFullName><oos:actual>true</oos:actual></nsiOKSM><nsiOKSM><oos:countryCode>316</oos:countryCode><oos:countryFullName>ГУАМ</oos:countryFullName><oos:actual>true</oos:actual></nsiOKSM><nsiOKSM><oos:countryCode>368</oos:countryCode><oos:countryFullName>Республика Ирак</oos:countryFullName><oos:actual>true</oos:actual></nsiOKSM><nsiOKSM><oos:countryCode>196</oos:countryCode><oos:countryFullName>Республика Кипр</oos:countryFullName><oos:actual>true</oos:actual></nsiOKSM><nsiOKSM><oos:countryCode>192</oos:countryCode><oos:countryFullName>Республика Куба</oos:countryFullName><oos:actual>true</oos:actual></nsiOKSM><nsiOKSM><oos:countryCode>466</oos:countryCode><oos:countryFullName>Республика Мали</oos:countryFullName><oos:actual>true</oos:actual></nsiOKSM><nsiOKSM><oos:countryCode>570</oos:countryCode><oos:countryFullName>Ниуэ</oos:countryFullName><oos:actual>true</oos:actual></nsiOKSM><nsiOKSM><oos:countryCode>512</oos:countryCode><oos:countryFullName>Султанат Оман</oos:countryFullName><oos:actual>true</oos:actual></nsiOKSM><nsiOKSM><oos:countryCode>604</oos:countryCode><oos:countryFullName>Республика Перу</oos:countryFullName><oos:actual>true</oos:actual></nsiOKSM><nsiOKSM><oos:countryCode>768</oos:countryCode><oos:countryFullName>Тоголезская Республика</oos:countryFullName><oos:actual>true</oos:actual></nsiOKSM><nsiOKSM><oos:countryCode>152</oos:countryCode><oos:countryFullName>Республика Чили</oos:countryFullName><oos:actual>true</oos:actual></nsiOKSM><nsiOKSM><oos:countryCode>012</oos:countryCode><oos:countryFullName>Алжирская Народная Демократическая Республика</oos:countryFullName><oos:actual>true</oos:actual></nsiOKSM><nsiOKSM><oos:countryCode>533</oos:countryCode><oos:countryFullName>АРУБА</oos:countryFullName><oos:actual>true</oos:actual></nsiOKSM><nsiOKSM><oos:countryCode>084</oos:countryCode><oos:countryFullName>БЕЛИЗ</oos:countryFullName><oos:actual>true</oos:actual></nsiOKSM><nsiOKSM><oos:countryCode>204</oos:countryCode><oos:countryFullName>Республика Бенин</oos:countryFullName><oos:actual>true</oos:actual></nsiOKSM><nsiOKSM><oos:countryCode>064</oos:countryCode><oos:countryFullName>Королевство Бутан</oos:countryFullName><oos:actual>true</oos:actual></nsiOKSM><nsiOKSM><oos:countryCode>266</oos:countryCode><oos:countryFullName>Габонская Республика</oos:countryFullName><oos:actual>true</oos:actual></nsiOKSM><nsiOKSM><oos:countryCode>332</oos:countryCode><oos:countryFullName>Республика Гаити</oos:countryFullName><oos:actual>true</oos:actual></nsiOKSM><nsiOKSM><oos:countryCode>208</oos:countryCode><oos:countryFullName>Королевство Дания</oos:countryFullName><oos:actual>true</oos:actual></nsiOKSM><nsiOKSM><oos:countryCode>356</oos:countryCode><oos:countryFullName>Республика Индия</oos:countryFullName><oos:actual>true</oos:actual></nsiOKSM><nsiOKSM><oos:countryCode>887</oos:countryCode><oos:countryFullName>Йеменская Республика</oos:countryFullName><oos:actual>true</oos:actual></nsiOKSM><nsiOKSM><oos:countryCode>634</oos:countryCode><oos:countryFullName>Государство Катар</oos:countryFullName><oos:actual>true</oos:actual></nsiOKSM><nsiOKSM><oos:countryCode>404</oos:countryCode><oos:countryFullName>Республика Кения</oos:countryFullName><oos:actual>true</oos:actual></nsiOKSM><nsiOKSM><oos:countryCode>156</oos:countryCode><oos:countryFullName>Китайская Народная Республика</oos:countryFullName><oos:actual>true</oos:actual></nsiOKSM><nsiOKSM><oos:countryCode>178</oos:countryCode><oos:countryFullName>Республика Конго</oos:countryFullName><oos:actual>true</oos:actual></nsiOKSM><nsiOKSM><oos:countryCode>422</oos:countryCode><oos:countryFullName>Ливанская Республика</oos:countryFullName><oos:actual>true</oos:actual></nsiOKSM><nsiOKSM><oos:countryCode>440</oos:countryCode><oos:countryFullName>Литовская Республика</oos:countryFullName><oos:actual>true</oos:actual></nsiOKSM><nsiOKSM><oos:countryCode>446</oos:countryCode><oos:countryFullName>Специальный административный регион Китая Макао</oos:countryFullName><oos:actual>true</oos:actual></nsiOKSM><nsiOKSM><oos:countryCode>520</oos:countryCode><oos:countryFullName>Республика Науру</oos:countryFullName><oos:actual>true</oos:actual></nsiOKSM><nsiOKSM><oos:countryCode>524</oos:countryCode><oos:countryFullName>Федеративная Демократическая Республика Непал</oos:countryFullName><oos:actual>true</oos:actual></nsiOKSM><nsiOKSM><oos:countryCode>562</oos:countryCode><oos:countryFullName>Республика Нигер</oos:countryFullName><oos:actual>true</oos:actual></nsiOKSM><nsiOKSM><oos:countryCode>585</oos:countryCode><oos:countryFullName>Республика Палау</oos:countryFullName><oos:actual>true</oos:actual></nsiOKSM><nsiOKSM><oos:countryCode>882</oos:countryCode><oos:countryFullName>Независимое Государство Самоа</oos:countryFullName><oos:actual>true</oos:actual></nsiOKSM><nsiOKSM><oos:countryCode>736</oos:countryCode><oos:countryFullName>Республика Судан</oos:countryFullName><oos:actual>false</oos:actual></nsiOKSM><nsiOKSM><oos:countryCode>776</oos:countryCode><oos:countryFullName>Королевство Тонга</oos:countryFullName><oos:actual>true</oos:actual></nsiOKSM><nsiOKSM><oos:countryCode>788</oos:countryCode><oos:countryFullName>Тунисская Республика</oos:countryFullName><oos:actual>true</oos:actual></nsiOKSM><nsiOKSM><oos:countryCode>242</oos:countryCode><oos:countryFullName>Республика Фиджи</oos:countryFullName><oos:actual>true</oos:actual></nsiOKSM><nsiOKSM><oos:countryCode>024</oos:countryCode><oos:countryFullName>Республика Ангола</oos:countryFullName><oos:actual>true</oos:actual></nsiOKSM><nsiOKSM><oos:countryCode>044</oos:countryCode><oos:countryFullName>Содружество Багамы</oos:countryFullName><oos:actual>true</oos:actual></nsiOKSM><nsiOKSM><oos:countryCode>328</oos:countryCode><oos:countryFullName>Кооперативная Республика Гайана</oos:countryFullName><oos:actual>true</oos:actual></nsiOKSM><nsiOKSM><oos:countryCode>270</oos:countryCode><oos:countryFullName>Исламская Республика Гамбия</oos:countryFullName><oos:actual>true</oos:actual></nsiOKSM><nsiOKSM><oos:countryCode>324</oos:countryCode><oos:countryFullName>Гвинейская Республика</oos:countryFullName><oos:actual>true</oos:actual></nsiOKSM><nsiOKSM><oos:countryCode>831</oos:countryCode><oos:countryFullName>ГЕРНСИ</oos:countryFullName><oos:actual>true</oos:actual></nsiOKSM><nsiOKSM><oos:countryCode>300</oos:countryCode><oos:countryFullName>Греческая Республика</oos:countryFullName><oos:actual>true</oos:actual></nsiOKSM><nsiOKSM><oos:countryCode>268</oos:countryCode><oos:countryFullName>ГРУЗИЯ</oos:countryFullName><oos:actual>true</oos:actual></nsiOKSM><nsiOKSM><oos:countryCode>832</oos:countryCode><oos:countryFullName>ДЖЕРСИ</oos:countryFullName><oos:actual>true</oos:actual></nsiOKSM><nsiOKSM><oos:countryCode>818</oos:countryCode><oos:countryFullName>Арабская Республика Египет</oos:countryFullName><oos:actual>true</oos:actual></nsiOKSM><nsiOKSM><oos:countryCode>894</oos:countryCode><oos:countryFullName>Республика Замбия</oos:countryFullName><oos:actual>true</oos:actual></nsiOKSM><nsiOKSM><oos:countryCode>380</oos:countryCode><oos:countryFullName>Итальянская Республика</oos:countryFullName><oos:actual>true</oos:actual></nsiOKSM><nsiOKSM><oos:countryCode>124</oos:countryCode><oos:countryFullName>КАНАДА</oos:countryFullName><oos:actual>true</oos:actual></nsiOKSM><nsiOKSM><oos:countryCode>174</oos:countryCode><oos:countryFullName>Союз Коморы</oos:countryFullName><oos:actual>true</oos:actual></nsiOKSM><nsiOKSM><oos:countryCode>414</oos:countryCode><oos:countryFullName>Государство Кувейт</oos:countryFullName><oos:actual>true</oos:actual></nsiOKSM><nsiOKSM><oos:countryCode>428</oos:countryCode><oos:countryFullName>Латвийская Республика</oos:countryFullName><oos:actual>true</oos:actual></nsiOKSM><nsiOKSM><oos:countryCode>426</oos:countryCode><oos:countryFullName>Королевство Лесото</oos:countryFullName><oos:actual>true</oos:actual></nsiOKSM><nsiOKSM><oos:countryCode>454</oos:countryCode><oos:countryFullName>Республика Малави</oos:countryFullName><oos:actual>true</oos:actual></nsiOKSM><nsiOKSM><oos:countryCode>470</oos:countryCode><oos:countryFullName>Республика Мальта</oos:countryFullName><oos:actual>true</oos:actual></nsiOKSM><nsiOKSM><oos:countryCode>492</oos:countryCode><oos:countryFullName>Княжество Монако</oos:countryFullName><oos:actual>true</oos:actual></nsiOKSM><nsiOKSM><oos:countryCode>104</oos:countryCode><oos:countryFullName>Республика Союза Мьянма</oos:countryFullName><oos:actual>true</oos:actual></nsiOKSM><nsiOKSM><oos:countryCode>591</oos:countryCode><oos:countryFullName>Республика Панама</oos:countryFullName><oos:actual>true</oos:actual></nsiOKSM><nsiOKSM><oos:countryCode>616</oos:countryCode><oos:countryFullName>Республика Польша</oos:countryFullName><oos:actual>true</oos:actual></nsiOKSM><nsiOKSM><oos:countryCode>643</oos:countryCode><oos:countryFullName>Российская Федерация</oos:countryFullName><oos:actual>true</oos:actual></nsiOKSM><nsiOKSM><oos:countryCode>646</oos:countryCode><oos:countryFullName>Руандийская Республика</oos:countryFullName><oos:actual>true</oos:actual></nsiOKSM><nsiOKSM><oos:countryCode>688</oos:countryCode><oos:countryFullName>Республика Сербия</oos:countryFullName><oos:actual>true</oos:actual></nsiOKSM><nsiOKSM><oos:countryCode>706</oos:countryCode><oos:countryFullName>Федеративная Республика Сомали</oos:countryFullName><oos:actual>true</oos:actual></nsiOKSM><nsiOKSM><oos:countryCode>798</oos:countryCode><oos:countryFullName>ТУВАЛУ</oos:countryFullName><oos:actual>true</oos:actual></nsiOKSM><nsiOKSM><oos:countryCode>792</oos:countryCode><oos:countryFullName>Турецкая Республика</oos:countryFullName><oos:actual>true</oos:actual></nsiOKSM><nsiOKSM><oos:countryCode>800</oos:countryCode><oos:countryFullName>Республика Уганда</oos:countryFullName><oos:actual>true</oos:actual></nsiOKSM><nsiOKSM><oos:countryCode>752</oos:countryCode><oos:countryFullName>Королевство Швеция</oos:countryFullName><oos:actual>true</oos:actual></nsiOKSM><nsiOKSM><oos:countryCode>388</oos:countryCode><oos:countryFullName>ЯМАЙКА</oos:countryFullName><oos:actual>true</oos:actual></nsiOKSM><nsiOKSM><oos:countryCode>392</oos:countryCode><oos:countryFullName>ЯПОНИЯ</oos:countryFullName><oos:actual>true</oos:actual></nsiOKSM><nsiOKSM><oos:countryCode>040</oos:countryCode><oos:countryFullName>Австрийская Республика</oos:countryFullName><oos:actual>true</oos:actual></nsiOKSM><nsiOKSM><oos:countryCode>008</oos:countryCode><oos:countryFullName>Республика Албания</oos:countryFullName><oos:actual>true</oos:actual></nsiOKSM><nsiOKSM><oos:countryCode>660</oos:countryCode><oos:countryFullName>АНГИЛЬЯ</oos:countryFullName><oos:actual>true</oos:actual></nsiOKSM><nsiOKSM><oos:countryCode>020</oos:countryCode><oos:countryFullName>Княжество Андорра</oos:countryFullName><oos:actual>true</oos:actual></nsiOKSM><nsiOKSM><oos:countryCode>051</oos:countryCode><oos:countryFullName>Республика Армения</oos:countryFullName><oos:actual>true</oos:actual></nsiOKSM><nsiOKSM><oos:countryCode>048</oos:countryCode><oos:countryFullName>Королевство Бахрейн</oos:countryFullName><oos:actual>true</oos:actual></nsiOKSM><nsiOKSM><oos:countryCode>056</oos:countryCode><oos:countryFullName>Королевство Бельгии</oos:countryFullName><oos:actual>true</oos:actual></nsiOKSM><nsiOKSM><oos:countryCode>060</oos:countryCode><oos:countryFullName>БЕРМУДЫ</oos:countryFullName><oos:actual>true</oos:actual></nsiOKSM><nsiOKSM><oos:countryCode>068</oos:countryCode><oos:countryFullName>Многонациональное Государство Боливия</oos:countryFullName><oos:actual>true</oos:actual></nsiOKSM><nsiOKSM><oos:countryCode>108</oos:countryCode><oos:countryFullName>Республика Бурунди</oos:countryFullName><oos:actual>true</oos:actual></nsiOKSM><nsiOKSM><oos:countryCode>548</oos:countryCode><oos:countryFullName>Республика Вануату</oos:countryFullName><oos:actual>true</oos:actual></nsiOKSM><nsiOKSM><oos:countryCode>348</oos:countryCode><oos:countryFullName>Венгрия</oos:countryFullName><oos:actual>true</oos:actual></nsiOKSM><nsiOKSM><oos:countryCode>704</oos:countryCode><oos:countryFullName>Социалистическая Республика Вьетнам</oos:countryFullName><oos:actual>true</oos:actual></nsiOKSM><nsiOKSM><oos:countryCode>344</oos:countryCode><oos:countryFullName>Специальный административный регион Китая Гонконг</oos:countryFullName><oos:actual>true</oos:actual></nsiOKSM><nsiOKSM><oos:countryCode>308</oos:countryCode><oos:countryFullName>ГРЕНАДА</oos:countryFullName><oos:actual>true</oos:actual></nsiOKSM><nsiOKSM><oos:countryCode>262</oos:countryCode><oos:countryFullName>Республика Джибути</oos:countryFullName><oos:actual>true</oos:actual></nsiOKSM><nsiOKSM><oos:countryCode>376</oos:countryCode><oos:countryFullName>Государство Израиль</oos:countryFullName><oos:actual>true</oos:actual></nsiOKSM><nsiOKSM><oos:countryCode>724</oos:countryCode><oos:countryFullName>Королевство Испания</oos:countryFullName><oos:actual>true</oos:actual></nsiOKSM><nsiOKSM><oos:countryCode>120</oos:countryCode><oos:countryFullName>Республика Камерун</oos:countryFullName><oos:actual>true</oos:actual></nsiOKSM><nsiOKSM><oos:countryCode>430</oos:countryCode><oos:countryFullName>Республика Либерия</oos:countryFullName><oos:actual>true</oos:actual></nsiOKSM><nsiOKSM><oos:countryCode>175</oos:countryCode><oos:countryFullName>МАЙОТТА</oos:countryFullName><oos:actual>true</oos:actual></nsiOKSM><nsiOKSM><oos:countryCode>504</oos:countryCode><oos:countryFullName>Королевство Марокко</oos:countryFullName><oos:actual>true</oos:actual></nsiOKSM><nsiOKSM><oos:countryCode>484</oos:countryCode><oos:countryFullName>Мексиканские Соединенные Штаты</oos:countryFullName><oos:actual>true</oos:actual></nsiOKSM><nsiOKSM><oos:countryCode>516</oos:countryCode><oos:countryFullName>Республика Намибия</oos:countryFullName><oos:actual>true</oos:actual></nsiOKSM><nsiOKSM><oos:countryCode>566</oos:countryCode><oos:countryFullName>Федеративная Республика Нигерия</oos:countryFullName><oos:actual>true</oos:actual></nsiOKSM><nsiOKSM><oos:countryCode>612</oos:countryCode><oos:countryFullName>ПИТКЕРН</oos:countryFullName><oos:actual>true</oos:actual></nsiOKSM><nsiOKSM><oos:countryCode>638</oos:countryCode><oos:countryFullName>РЕЮНЬОН</oos:countryFullName><oos:actual>true</oos:actual></nsiOKSM><nsiOKSM><oos:countryCode>642</oos:countryCode><oos:countryFullName>РУМЫНИЯ</oos:countryFullName><oos:actual>true</oos:actual></nsiOKSM><nsiOKSM><oos:countryCode>690</oos:countryCode><oos:countryFullName>Республика Сейшелы</oos:countryFullName><oos:actual>true</oos:actual></nsiOKSM><nsiOKSM><oos:countryCode>686</oos:countryCode><oos:countryFullName>Республика Сенегал</oos:countryFullName><oos:actual>true</oos:actual></nsiOKSM><nsiOKSM><oos:countryCode>740</oos:countryCode><oos:countryFullName>Республика Суринам</oos:countryFullName><oos:actual>true</oos:actual></nsiOKSM><nsiOKSM><oos:countryCode>764</oos:countryCode><oos:countryFullName>Королевство Таиланд</oos:countryFullName><oos:actual>true</oos:actual></nsiOKSM><nsiOKSM><oos:countryCode>772</oos:countryCode><oos:countryFullName>ТОКЕЛАУ</oos:countryFullName><oos:actual>true</oos:actual></nsiOKSM><nsiOKSM><oos:countryCode>804</oos:countryCode><oos:countryFullName>УКРАИНА</oos:countryFullName><oos:actual>true</oos:actual></nsiOKSM><nsiOKSM><oos:countryCode>858</oos:countryCode><oos:countryFullName>Восточная Республика Уругвай</oos:countryFullName><oos:actual>true</oos:actual></nsiOKSM><nsiOKSM><oos:countryCode>250</oos:countryCode><oos:countryFullName>Французская Республика</oos:countryFullName><oos:actual>true</oos:actual></nsiOKSM><nsiOKSM><oos:countryCode>218</oos:countryCode><oos:countryFullName>Республика Эквадор</oos:countryFullName><oos:actual>true</oos:actual></nsiOKSM><nsiOKSM><oos:countryCode>232</oos:countryCode><oos:countryFullName>Государство Эритрея</oos:countryFullName><oos:actual>true</oos:actual></nsiOKSM><nsiOKSM><oos:countryCode>233</oos:countryCode><oos:countryFullName>Эстонская Республика</oos:countryFullName><oos:actual>true</oos:actual></nsiOKSM><nsiOKSM><oos:countryCode>231</oos:countryCode><oos:countryFullName>Федеративная Демократическая Республика Эфиопия</oos:countryFullName><oos:actual>true</oos:actual></nsiOKSM><nsiOKSM><oos:countryCode>052</oos:countryCode><oos:countryFullName>БАРБАДОС</oos:countryFullName><oos:actual>true</oos:actual></nsiOKSM><nsiOKSM><oos:countryCode>112</oos:countryCode><oos:countryFullName>Республика Беларусь</oos:countryFullName><oos:actual>true</oos:actual></nsiOKSM><nsiOKSM><oos:countryCode>100</oos:countryCode><oos:countryFullName>Республика Болгария</oos:countryFullName><oos:actual>true</oos:actual></nsiOKSM><nsiOKSM><oos:countryCode>072</oos:countryCode><oos:countryFullName>Республика Ботсвана</oos:countryFullName><oos:actual>true</oos:actual></nsiOKSM><nsiOKSM><oos:countryCode>076</oos:countryCode><oos:countryFullName>Федеративная Республика Бразилия</oos:countryFullName><oos:actual>true</oos:actual></nsiOKSM><nsiOKSM><oos:countryCode>276</oos:countryCode><oos:countryFullName>Федеративная Республика Германия</oos:countryFullName><oos:actual>true</oos:actual></nsiOKSM><nsiOKSM><oos:countryCode>340</oos:countryCode><oos:countryFullName>Республика Гондурас</oos:countryFullName><oos:actual>true</oos:actual></nsiOKSM><nsiOKSM><oos:countryCode>212</oos:countryCode><oos:countryFullName>Содружество Доминики</oos:countryFullName><oos:actual>true</oos:actual></nsiOKSM><nsiOKSM><oos:countryCode>716</oos:countryCode><oos:countryFullName>Республика Зимбабве</oos:countryFullName><oos:actual>true</oos:actual></nsiOKSM><nsiOKSM><oos:countryCode>400</oos:countryCode><oos:countryFullName>Иорданское Хашимитское Королевство</oos:countryFullName><oos:actual>true</oos:actual></nsiOKSM><nsiOKSM><oos:countryCode>372</oos:countryCode><oos:countryFullName>ИРЛАНДИЯ</oos:countryFullName><oos:actual>true</oos:actual></nsiOKSM><nsiOKSM><oos:countryCode>352</oos:countryCode><oos:countryFullName>Республика Исландия</oos:countryFullName><oos:actual>true</oos:actual></nsiOKSM><nsiOKSM><oos:countryCode>116</oos:countryCode><oos:countryFullName>Королевство Камбоджа</oos:countryFullName><oos:actual>true</oos:actual></nsiOKSM><nsiOKSM><oos:countryCode>417</oos:countryCode><oos:countryFullName>Киргизская Республика</oos:countryFullName><oos:actual>true</oos:actual></nsiOKSM><nsiOKSM><oos:countryCode>296</oos:countryCode><oos:countryFullName>Республика Кирибати</oos:countryFullName><oos:actual>true</oos:actual></nsiOKSM><nsiOKSM><oos:countryCode>170</oos:countryCode><oos:countryFullName>Республика Колумбия</oos:countryFullName><oos:actual>true</oos:actual></nsiOKSM><nsiOKSM><oos:countryCode>480</oos:countryCode><oos:countryFullName>Республика Маврикий</oos:countryFullName><oos:actual>true</oos:actual></nsiOKSM><nsiOKSM><oos:countryCode>458</oos:countryCode><oos:countryFullName>МАЛАЙЗИЯ</oos:countryFullName><oos:actual>true</oos:actual></nsiOKSM><nsiOKSM><oos:countryCode>462</oos:countryCode><oos:countryFullName>Мальдивская Республика</oos:countryFullName><oos:actual>true</oos:actual></nsiOKSM><nsiOKSM><oos:countryCode>508</oos:countryCode><oos:countryFullName>Республика Мозамбик</oos:countryFullName><oos:actual>true</oos:actual></nsiOKSM><nsiOKSM><oos:countryCode>496</oos:countryCode><oos:countryFullName>МОНГОЛИЯ</oos:countryFullName><oos:actual>true</oos:actual></nsiOKSM><nsiOKSM><oos:countryCode>578</oos:countryCode><oos:countryFullName>Королевство Норвегия</oos:countryFullName><oos:actual>true</oos:actual></nsiOKSM><nsiOKSM><oos:countryCode>586</oos:countryCode><oos:countryFullName>Исламская Республика Пакистан</oos:countryFullName><oos:actual>true</oos:actual></nsiOKSM><nsiOKSM><oos:countryCode>600</oos:countryCode><oos:countryFullName>Республика Парагвай</oos:countryFullName><oos:actual>true</oos:actual></nsiOKSM><nsiOKSM><oos:countryCode>702</oos:countryCode><oos:countryFullName>Республика Сингапур</oos:countryFullName><oos:actual>true</oos:actual></nsiOKSM><nsiOKSM><oos:countryCode>703</oos:countryCode><oos:countryFullName>Словацкая Республика</oos:countryFullName><oos:actual>true</oos:actual></nsiOKSM><nsiOKSM><oos:countryCode>705</oos:countryCode><oos:countryFullName>Республика Словения</oos:countryFullName><oos:actual>true</oos:actual></nsiOKSM><nsiOKSM><oos:countryCode>191</oos:countryCode><oos:countryFullName>Республика Хорватия</oos:countryFullName><oos:actual>true</oos:actual></nsiOKSM><nsiOKSM><oos:countryCode>036</oos:countryCode><oos:countryFullName>АВСТРАЛИЯ</oos:countryFullName><oos:actual>true</oos:actual></nsiOKSM><nsiOKSM><oos:countryCode>032</oos:countryCode><oos:countryFullName>Аргентинская Республика</oos:countryFullName><oos:actual>true</oos:actual></nsiOKSM><nsiOKSM><oos:countryCode>050</oos:countryCode><oos:countryFullName>Народная Республика Бангладеш</oos:countryFullName><oos:actual>true</oos:actual></nsiOKSM><nsiOKSM><oos:countryCode>862</oos:countryCode><oos:countryFullName>Боливарианская Республика Венесуэла</oos:countryFullName><oos:actual>true</oos:actual></nsiOKSM><nsiOKSM><oos:countryCode>312</oos:countryCode><oos:countryFullName>ГВАДЕЛУПА</oos:countryFullName><oos:actual>true</oos:actual></nsiOKSM><nsiOKSM><oos:countryCode>320</oos:countryCode><oos:countryFullName>Республика Гватемала</oos:countryFullName><oos:actual>true</oos:actual></nsiOKSM><nsiOKSM><oos:countryCode>292</oos:countryCode><oos:countryFullName>ГИБРАЛТАР</oos:countryFullName><oos:actual>true</oos:actual></nsiOKSM><nsiOKSM><oos:countryCode>360</oos:countryCode><oos:countryFullName>Республика Индонезия</oos:countryFullName><oos:actual>true</oos:actual></nsiOKSM><nsiOKSM><oos:countryCode>398</oos:countryCode><oos:countryFullName>Республика Казахстан</oos:countryFullName><oos:actual>true</oos:actual></nsiOKSM><nsiOKSM><oos:countryCode>474</oos:countryCode><oos:countryFullName>МАРТИНИКА</oos:countryFullName><oos:actual>true</oos:actual></nsiOKSM><nsiOKSM><oos:countryCode>558</oos:countryCode><oos:countryFullName>Республика Никарагуа</oos:countryFullName><oos:actual>true</oos:actual></nsiOKSM><nsiOKSM><oos:countryCode>748</oos:countryCode><oos:countryFullName>Королевство Эсватини</oos:countryFullName><oos:actual>true</oos:actual></nsiOKSM><nsiOKSM><oos:countryCode>795</oos:countryCode><oos:countryFullName>ТУРКМЕНИСТАН</oos:countryFullName><oos:actual>true</oos:actual></nsiOKSM><nsiOKSM><oos:countryCode>608</oos:countryCode><oos:countryFullName>Республика Филиппины</oos:countryFullName><oos:actual>true</oos:actual></nsiOKSM><nsiOKSM><oos:countryCode>246</oos:countryCode><oos:countryFullName>Финляндская Республика</oos:countryFullName><oos:actual>true</oos:actual></nsiOKSM><nsiOKSM><oos:countryCode>756</oos:countryCode><oos:countryFullName>Швейцарская Конфедерация</oos:countryFullName><oos:actual>true</oos:actual></nsiOKSM><nsiOKSM><oos:countryCode>144</oos:countryCode><oos:countryFullName>Демократическая Социалистическая Республика Шри-Ланка</oos:countryFullName><oos:actual>true</oos:actual></nsiOKSM><nsiOKSM><oos:countryCode>010</oos:countryCode><oos:countryFullName>АНТАРКТИДА</oos:countryFullName><oos:actual>true</oos:actual></nsiOKSM><nsiOKSM><oos:countryCode>004</oos:countryCode><oos:countryFullName>Переходное Исламское Государство Афганистан</oos:countryFullName><oos:actual>true</oos:actual></nsiOKSM><nsiOKSM><oos:countryCode>304</oos:countryCode><oos:countryFullName>ГРЕНЛАНДИЯ</oos:countryFullName><oos:actual>true</oos:actual></nsiOKSM><nsiOKSM><oos:countryCode>132</oos:countryCode><oos:countryFullName>Республика Кабо-Верде</oos:countryFullName><oos:actual>true</oos:actual></nsiOKSM><nsiOKSM><oos:countryCode>188</oos:countryCode><oos:countryFullName>Республика Коста-Рика</oos:countryFullName><oos:actual>true</oos:actual></nsiOKSM><nsiOKSM><oos:countryCode>442</oos:countryCode><oos:countryFullName>Великое Герцогство Люксембург</oos:countryFullName><oos:actual>true</oos:actual></nsiOKSM><nsiOKSM><oos:countryCode>478</oos:countryCode><oos:countryFullName>Исламская Республика Мавритания</oos:countryFullName><oos:actual>true</oos:actual></nsiOKSM><nsiOKSM><oos:countryCode>450</oos:countryCode><oos:countryFullName>Республика Мадагаскар</oos:countryFullName><oos:actual>true</oos:actual></nsiOKSM><nsiOKSM><oos:countryCode>500</oos:countryCode><oos:countryFullName>МОНТСЕРРАТ</oos:countryFullName><oos:actual>true</oos:actual></nsiOKSM><nsiOKSM><oos:countryCode>528</oos:countryCode><oos:countryFullName>Королевство Нидерландов</oos:countryFullName><oos:actual>true</oos:actual></nsiOKSM><nsiOKSM><oos:countryCode>833</oos:countryCode><oos:countryFullName>ОСТРОВ МЭН</oos:countryFullName><oos:actual>true</oos:actual></nsiOKSM><nsiOKSM><oos:countryCode>620</oos:countryCode><oos:countryFullName>Португальская Республика</oos:countryFullName><oos:actual>true</oos:actual></nsiOKSM><nsiOKSM><oos:countryCode>674</oos:countryCode><oos:countryFullName>Республика Сан-Марино</oos:countryFullName><oos:actual>true</oos:actual></nsiOKSM><nsiOKSM><oos:countryCode>662</oos:countryCode><oos:countryFullName>СЕНТ-ЛЮСИЯ</oos:countryFullName><oos:actual>true</oos:actual></nsiOKSM><nsiOKSM><oos:countryCode>860</oos:countryCode><oos:countryFullName>Республика Узбекистан</oos:countryFullName><oos:actual>true</oos:actual></nsiOKSM><nsiOKSM><oos:countryCode>499</oos:countryCode><oos:countryFullName>ЧЕРНОГОРИЯ</oos:countryFullName><oos:actual>true</oos:actual></nsiOKSM><nsiOKSM><oos:countryCode>031</oos:countryCode><oos:countryFullName>Республика Азербайджан</oos:countryFullName><oos:actual>true</oos:actual></nsiOKSM><nsiOKSM><oos:countryCode>384</oos:countryCode><oos:countryFullName>Республика Кот д`Ивуар</oos:countryFullName><oos:actual>true</oos:actual></nsiOKSM><nsiOKSM><oos:countryCode>438</oos:countryCode><oos:countryFullName>Княжество Лихтенштейн</oos:countryFullName><oos:actual>true</oos:actual></nsiOKSM><nsiOKSM><oos:countryCode>074</oos:countryCode><oos:countryFullName>ОСТРОВ БУВЕ</oos:countryFullName><oos:actual>true</oos:actual></nsiOKSM><nsiOKSM><oos:countryCode>630</oos:countryCode><oos:countryFullName>ПУЭРТО-РИКО</oos:countryFullName><oos:actual>true</oos:actual></nsiOKSM><nsiOKSM><oos:countryCode>762</oos:countryCode><oos:countryFullName>Республика Таджикистан</oos:countryFullName><oos:actual>true</oos:actual></nsiOKSM><nsiOKSM><oos:countryCode>626</oos:countryCode><oos:countryFullName>Демократическая Республика Тимор-Лесте</oos:countryFullName><oos:actual>true</oos:actual></nsiOKSM><nsiOKSM><oos:countryCode>854</oos:countryCode><oos:countryFullName>БУРКИНА-ФАСО</oos:countryFullName><oos:actual>true</oos:actual></nsiOKSM><nsiOKSM><oos:countryCode>624</oos:countryCode><oos:countryFullName>Республика Гвинея-Бисау</oos:countryFullName><oos:actual>true</oos:actual></nsiOKSM><nsiOKSM><oos:countryCode>184</oos:countryCode><oos:countryFullName>ОСТРОВА КУКА</oos:countryFullName><oos:actual>true</oos:actual></nsiOKSM><nsiOKSM><oos:countryCode>654</oos:countryCode><oos:countryFullName>СВЯТАЯ ЕЛЕНА, ОСТРОВ ВОЗНЕСЕНИЯ, ТРИСТАН-ДА-КУНЬЯ</oos:countryFullName><oos:actual>true</oos:actual></nsiOKSM><nsiOKSM><oos:countryCode>694</oos:countryCode><oos:countryFullName>Республика Сьерра-Леоне</oos:countryFullName><oos:actual>true</oos:actual></nsiOKSM><nsiOKSM><oos:countryCode>710</oos:countryCode><oos:countryFullName>Южно-Африканская Республика</oos:countryFullName><oos:actual>true</oos:actual></nsiOKSM><nsiOKSM><oos:countryCode>222</oos:countryCode><oos:countryFullName>Республика Эль-Сальвадор</oos:countryFullName><oos:actual>true</oos:actual></nsiOKSM><nsiOKSM><oos:countryCode>554</oos:countryCode><oos:countryFullName>НОВАЯ ЗЕЛАНДИЯ</oos:countryFullName><oos:actual>true</oos:actual></nsiOKSM><nsiOKSM><oos:countryCode>574</oos:countryCode><oos:countryFullName>ОСТРОВ НОРФОЛК</oos:countryFullName><oos:actual>true</oos:actual></nsiOKSM><nsiOKSM><oos:countryCode>136</oos:countryCode><oos:countryFullName>ОСТРОВА КАЙМАН</oos:countryFullName><oos:actual>true</oos:actual></nsiOKSM><nsiOKSM><oos:countryCode>732</oos:countryCode><oos:countryFullName>ЗАПАДНАЯ САХАРА</oos:countryFullName><oos:actual>true</oos:actual></nsiOKSM><nsiOKSM><oos:countryCode>540</oos:countryCode><oos:countryFullName>НОВАЯ КАЛЕДОНИЯ</oos:countryFullName><oos:actual>true</oos:actual></nsiOKSM><nsiOKSM><oos:countryCode>158</oos:countryCode><oos:countryFullName>ТАЙВАНЬ (КИТАЙ)</oos:countryFullName><oos:actual>true</oos:actual></nsiOKSM><nsiOKSM><oos:countryCode>876</oos:countryCode><oos:countryFullName>УОЛЛИС И ФУТУНА</oos:countryFullName><oos:actual>true</oos:actual></nsiOKSM><nsiOKSM><oos:countryCode>162</oos:countryCode><oos:countryFullName>ОСТРОВ РОЖДЕСТВА</oos:countryFullName><oos:actual>true</oos:actual></nsiOKSM><nsiOKSM><oos:countryCode>028</oos:countryCode><oos:countryFullName>АНТИГУА И БАРБУДА</oos:countryFullName><oos:actual>true</oos:actual></nsiOKSM><nsiOKSM><oos:countryCode>096</oos:countryCode><oos:countryFullName>БРУНЕЙ-ДАРУССАЛАМ</oos:countryFullName><oos:actual>true</oos:actual></nsiOKSM><nsiOKSM><oos:countryCode>410</oos:countryCode><oos:countryFullName>Республика Корея</oos:countryFullName><oos:actual>true</oos:actual></nsiOKSM><nsiOKSM><oos:countryCode>682</oos:countryCode><oos:countryFullName>Королевство Саудовская Аравия</oos:countryFullName><oos:actual>true</oos:actual></nsiOKSM><nsiOKSM><oos:countryCode>659</oos:countryCode><oos:countryFullName>СЕНТ-КИТС И НЕВИС</oos:countryFullName><oos:actual>true</oos:actual></nsiOKSM><nsiOKSM><oos:countryCode>840</oos:countryCode><oos:countryFullName>Соединенные Штаты Америки</oos:countryFullName><oos:actual>true</oos:actual></nsiOKSM><nsiOKSM><oos:countryCode>780</oos:countryCode><oos:countryFullName>Республика Тринидад и Тобаго</oos:countryFullName><oos:actual>true</oos:actual></nsiOKSM><nsiOKSM><oos:countryCode>234</oos:countryCode><oos:countryFullName>ФАРЕРСКИЕ ОСТРОВА</oos:countryFullName><oos:actual>true</oos:actual></nsiOKSM><nsiOKSM><oos:countryCode>248</oos:countryCode><oos:countryFullName>ЭЛАНДСКИЕ ОСТРОВА</oos:countryFullName><oos:actual>true</oos:actual></nsiOKSM><nsiOKSM><oos:countryCode>016</oos:countryCode><oos:countryFullName>АМЕРИКАНСКОЕ САМОА</oos:countryFullName><oos:actual>true</oos:actual></nsiOKSM><nsiOKSM><oos:countryCode>584</oos:countryCode><oos:countryFullName>Республика Маршалловы Острова</oos:countryFullName><oos:actual>true</oos:actual></nsiOKSM><nsiOKSM><oos:countryCode>598</oos:countryCode><oos:countryFullName>Независимое Государство Папуа Новая Гвинея</oos:countryFullName><oos:actual>true</oos:actual></nsiOKSM><nsiOKSM><oos:countryCode>090</oos:countryCode><oos:countryFullName>СОЛОМОНОВЫ ОСТРОВА</oos:countryFullName><oos:actual>true</oos:actual></nsiOKSM><nsiOKSM><oos:countryCode>254</oos:countryCode><oos:countryFullName>ФРАНЦУЗСКАЯ ГВИАНА</oos:countryFullName><oos:actual>true</oos:actual></nsiOKSM><nsiOKSM><oos:countryCode>203</oos:countryCode><oos:countryFullName>Чешская Республика</oos:countryFullName><oos:actual>true</oos:actual></nsiOKSM><nsiOKSM><oos:countryCode>498</oos:countryCode><oos:countryFullName>Республика Молдова</oos:countryFullName><oos:actual>true</oos:actual></nsiOKSM><nsiOKSM><oos:countryCode>678</oos:countryCode><oos:countryFullName>Демократическая Республика Сан-Томе и Принсипи</oos:countryFullName><oos:actual>true</oos:actual></nsiOKSM><nsiOKSM><oos:countryCode>666</oos:countryCode><oos:countryFullName>СЕНТ-ПЬЕР И МИКЕЛОН</oos:countryFullName><oos:actual>true</oos:actual></nsiOKSM><nsiOKSM><oos:countryCode>070</oos:countryCode><oos:countryFullName>БОСНИЯ И ГЕРЦЕГОВИНА</oos:countryFullName><oos:actual>true</oos:actual></nsiOKSM><nsiOKSM><oos:countryCode>530</oos:countryCode><oos:countryFullName>НИДЕРЛАНДСКИЕ АНТИЛЫ</oos:countryFullName><oos:actual>true</oos:actual></nsiOKSM><nsiOKSM><oos:countryCode>807</oos:countryCode><oos:countryFullName>Республика Северная Македония</oos:countryFullName><oos:actual>true</oos:actual></nsiOKSM><nsiOKSM><oos:countryCode>258</oos:countryCode><oos:countryFullName>ФРАНЦУЗСКАЯ ПОЛИНЕЗИЯ</oos:countryFullName><oos:actual>true</oos:actual></nsiOKSM><nsiOKSM><oos:countryCode>744</oos:countryCode><oos:countryFullName>ШПИЦБЕРГЕН И ЯН МАЙЕН</oos:countryFullName><oos:actual>true</oos:actual></nsiOKSM><nsiOKSM><oos:countryCode>226</oos:countryCode><oos:countryFullName>Республика Экваториальная Гвинея</oos:countryFullName><oos:actual>true</oos:actual></nsiOKSM><nsiOKSM><oos:countryCode>796</oos:countryCode><oos:countryFullName>ОСТРОВА ТЕРКС И КАЙКОС</oos:countryFullName><oos:actual>true</oos:actual></nsiOKSM><nsiOKSM><oos:countryCode>850</oos:countryCode><oos:countryFullName>Виргинские острова Соединенных Штатов</oos:countryFullName><oos:actual>true</oos:actual></nsiOKSM><nsiOKSM><oos:countryCode>826</oos:countryCode><oos:countryFullName>Соединенное Королевство Великобритании и Северной Ирландии</oos:countryFullName><oos:actual>true</oos:actual></nsiOKSM><nsiOKSM><oos:countryCode>214</oos:countryCode><oos:countryFullName>ДОМИНИКАНСКАЯ РЕСПУБЛИКА</oos:countryFullName><oos:actual>true</oos:actual></nsiOKSM><nsiOKSM><oos:countryCode>670</oos:countryCode><oos:countryFullName>СЕНТ-ВИНСЕНТ И ГРЕНАДИНЫ</oos:countryFullName><oos:actual>true</oos:actual></nsiOKSM><nsiOKSM><oos:countryCode>364</oos:countryCode><oos:countryFullName>Исламская Республика Иран</oos:countryFullName><oos:actual>true</oos:actual></nsiOKSM><nsiOKSM><oos:countryCode>166</oos:countryCode><oos:countryFullName>КОКОСОВЫЕ (КИЛИНГ) ОСТРОВА</oos:countryFullName><oos:actual>true</oos:actual></nsiOKSM><nsiOKSM><oos:countryCode>580</oos:countryCode><oos:countryFullName>Содружество Северных Марианских островов</oos:countryFullName><oos:actual>true</oos:actual></nsiOKSM><nsiOKSM><oos:countryCode>260</oos:countryCode><oos:countryFullName>ФРАНЦУЗСКИЕ ЮЖНЫЕ ТЕРРИТОРИИ</oos:countryFullName><oos:actual>true</oos:actual></nsiOKSM><nsiOKSM><oos:countryCode>434</oos:countryCode><oos:countryFullName>Государство Ливия</oos:countryFullName><oos:actual>true</oos:actual></nsiOKSM><nsiOKSM><oos:countryCode>784</oos:countryCode><oos:countryFullName>ОБЪЕДИНЕННЫЕ АРАБСКИЕ ЭМИРАТЫ</oos:countryFullName><oos:actual>true</oos:actual></nsiOKSM><nsiOKSM><oos:countryCode>760</oos:countryCode><oos:countryFullName>СИРИЙСКАЯ АРАБСКАЯ РЕСПУБЛИКА</oos:countryFullName><oos:actual>true</oos:actual></nsiOKSM><nsiOKSM><oos:countryCode>092</oos:countryCode><oos:countryFullName>Британские Виргинские острова</oos:countryFullName><oos:actual>true</oos:actual></nsiOKSM><nsiOKSM><oos:countryCode>583</oos:countryCode><oos:countryFullName>Федеративные Штаты Микронезии</oos:countryFullName><oos:actual>true</oos:actual></nsiOKSM><nsiOKSM><oos:countryCode>334</oos:countryCode><oos:countryFullName>ОСТРОВ ХЕРД И ОСТРОВА МАКДОНАЛЬД</oos:countryFullName><oos:actual>true</oos:actual></nsiOKSM><nsiOKSM><oos:countryCode>180</oos:countryCode><oos:countryFullName>Демократическая Республика Конго</oos:countryFullName><oos:actual>true</oos:actual></nsiOKSM><nsiOKSM><oos:countryCode>834</oos:countryCode><oos:countryFullName>Объединенная Республика Танзания</oos:countryFullName><oos:actual>true</oos:actual></nsiOKSM><nsiOKSM><oos:countryCode>140</oos:countryCode><oos:countryFullName>ЦЕНТРАЛЬНО-АФРИКАНСКАЯ РЕСПУБЛИКА</oos:countryFullName><oos:actual>true</oos:actual></nsiOKSM><nsiOKSM><oos:countryCode>238</oos:countryCode><oos:countryFullName>ФОЛКЛЕНДСКИЕ ОСТРОВА (МАЛЬВИНСКИЕ)</oos:countryFullName><oos:actual>true</oos:actual></nsiOKSM><nsiOKSM><oos:countryCode>275</oos:countryCode><oos:countryFullName>Государство Палестина</oos:countryFullName><oos:actual>true</oos:actual></nsiOKSM><nsiOKSM><oos:countryCode>086</oos:countryCode><oos:countryFullName>БРИТАНСКАЯ ТЕРРИТОРИЯ В ИНДИЙСКОМ ОКЕАНЕ</oos:countryFullName><oos:actual>true</oos:actual></nsiOKSM><nsiOKSM><oos:countryCode>408</oos:countryCode><oos:countryFullName>Корейская Народно-Демократическая Республика</oos:countryFullName><oos:actual>true</oos:actual></nsiOKSM><nsiOKSM><oos:countryCode>239</oos:countryCode><oos:countryFullName>ЮЖНАЯ ДЖОРДЖИЯ И ЮЖНЫЕ САНДВИЧЕВЫ ОСТРОВА</oos:countryFullName><oos:actual>true</oos:actual></nsiOKSM><nsiOKSM><oos:countryCode>418</oos:countryCode><oos:countryFullName>ЛАОССКАЯ НАРОДНО-ДЕМОКРАТИЧЕСКАЯ РЕСПУБЛИКА</oos:countryFullName><oos:actual>true</oos:actual></nsiOKSM><nsiOKSM><oos:countryCode>336</oos:countryCode><oos:countryFullName>ПАПСКИЙ ПРЕСТОЛ (ГОСУДАРСТВО-ГОРОД ВАТИКАН)</oos:countryFullName><oos:actual>true</oos:actual></nsiOKSM><nsiOKSM><oos:countryCode>581</oos:countryCode><oos:countryFullName>МАЛЫЕ ТИХООКЕАНСКИЕ ОТДАЛЕННЫЕ ОСТРОВА СОЕДИНЕННЫХ ШТАТОВ</oos:countryFullName><oos:actual>true</oos:actual></nsiOKSM><nsiOKSM><oos:countryCode>895</oos:countryCode><oos:countryFullName>Республика Абхазия</oos:countryFullName><oos:actual>true</oos:actual></nsiOKSM><nsiOKSM><oos:countryCode>896</oos:countryCode><oos:countryFullName>Республика Южная Осетия</oos:countryFullName><oos:actual>true</oos:actual></nsiOKSM><nsiOKSM><oos:countryCode>729</oos:countryCode><oos:countryFullName>Республика Судан</oos:countryFullName><oos:actual>true</oos:actual></nsiOKSM><nsiOKSM><oos:countryCode>531</oos:countryCode><oos:countryFullName>КЮРАСАО</oos:countryFullName><oos:actual>true</oos:actual></nsiOKSM><nsiOKSM><oos:countryCode>663</oos:countryCode><oos:countryFullName>СЕН-МАРТЕН (ФРАНЦУЗСКАЯ ЧАСТЬ)</oos:countryFullName><oos:actual>true</oos:actual></nsiOKSM><nsiOKSM><oos:countryCode>728</oos:countryCode><oos:countryFullName>Республика Южный Судан</oos:countryFullName><oos:actual>true</oos:actual></nsiOKSM><nsiOKSM><oos:countryCode>652</oos:countryCode><oos:countryFullName>СЕН-БАРТЕЛЕМИ</oos:countryFullName><oos:actual>true</oos:actual></nsiOKSM><nsiOKSM><oos:countryCode>535</oos:countryCode><oos:countryFullName>БОНЭЙР, СИНТ-ЭСТАТИУС И САБА</oos:countryFullName><oos:actual>true</oos:actual></nsiOKSM><nsiOKSM><oos:countryCode>534</oos:countryCode><oos:countryFullName>СЕН-МАРТЕН (нидерландская часть)</oos:countryFullName><oos:actual>true</oos:actual></nsiOKSM></nsiOKSMList></export>