<?xml version="1.0" encoding="UTF-8"?><export xmlns:xsi="http://www.w3.org/2001/XMLSchema-instance" xmlns="http://zakupki.gov.ru/oos/export/1" xmlns:oos="http://zakupki.gov.ru/oos/types/1"><nsiKBKBudgetList><nsiKBKBudget><oos:kbk>0910707024E865620632</oos:kbk><oos:budget>99010001</oos:budget><oos:actual>true</oos:actual><oos:start_date>2021-03-01T00:00:00</oos:start_date></nsiKBKBudget><nsiKBKBudget><oos:kbk>3210412153D207100246</oos:kbk><oos:budget>99010001</oos:budget><oos:actual>true</oos:actual><oos:start_date>2021-03-03T00:00:00</oos:start_date></nsiKBKBudget><nsiKBKBudget><oos:kbk>0750709475S464820811</oos:kbk><oos:budget>99010001</oos:budget><oos:actual>true</oos:actual><oos:start_date>2021-03-03T00:00:00</oos:start_date></nsiKBKBudget><nsiKBKBudget><oos:kbk>07104109970060940812</oos:kbk><oos:budget>99010001</oos:budget><oos:actual>true</oos:actual><oos:start_date>2021-03-09T00:00:00</oos:start_date></nsiKBKBudget><nsiKBKBudget><oos:kbk>38810020430490059247</oos:kbk><oos:budget>99010001</oos:budget><oos:actual>true</oos:actual><oos:start_date>2021-03-10T00:00:00</oos:start_date></nsiKBKBudget><nsiKBKBudget><oos:kbk>0750110475S604500613</oos:kbk><oos:budget>99010001</oos:budget><oos:actual>true</oos:actual><oos:start_date>2021-03-12T00:00:00</oos:start_date></nsiKBKBudget><nsiKBKBudget><oos:kbk>386090101КN308800612</oos:kbk><oos:budget>99010001</oos:budget><oos:actual>true</oos:actual><oos:start_date>2021-03-11T00:00:00</oos:start_date></nsiKBKBudget><nsiKBKBudget><oos:kbk>727090901К0590000400</oos:kbk><oos:budget>99010001</oos:budget><oos:actual>true</oos:actual><oos:start_date>2021-03-15T00:00:00</oos:start_date></nsiKBKBudget><nsiKBKBudget><oos:kbk>30301047820092501129</oos:kbk><oos:budget>99010001</oos:budget><oos:actual>true</oos:actual><oos:start_date>2021-03-16T00:00:00</oos:start_date></nsiKBKBudget><nsiKBKBudget><oos:kbk>1500401071P260373632</oos:kbk><oos:budget>99010001</oos:budget><oos:actual>true</oos:actual><oos:start_date>2021-03-17T00:00:00</oos:start_date></nsiKBKBudget><nsiKBKBudget><oos:kbk>07107040210238930600</oos:kbk><oos:budget>99010001</oos:budget><oos:actual>true</oos:actual><oos:start_date>2021-03-17T00:00:00</oos:start_date></nsiKBKBudget><nsiKBKBudget><oos:kbk>06905010511356250500</oos:kbk><oos:budget>99010001</oos:budget><oos:actual>true</oos:actual><oos:start_date>2021-03-18T00:00:00</oos:start_date></nsiKBKBudget><nsiKBKBudget><oos:kbk>07501104730293987622</oos:kbk><oos:budget>99010001</oos:budget><oos:actual>true</oos:actual><oos:start_date>2021-03-18T00:00:00</oos:start_date></nsiKBKBudget><nsiKBKBudget><oos:kbk>72707040210294009414</oos:kbk><oos:budget>99010001</oos:budget><oos:actual>true</oos:actual><oos:start_date>2021-03-18T00:00:00</oos:start_date></nsiKBKBudget><nsiKBKBudget><oos:kbk>72707064720194009414</oos:kbk><oos:budget>99010001</oos:budget><oos:actual>true</oos:actual><oos:start_date>2021-03-18T00:00:00</oos:start_date></nsiKBKBudget><nsiKBKBudget><oos:kbk>35004124311662441632</oos:kbk><oos:budget>99010001</oos:budget><oos:actual>true</oos:actual><oos:start_date>2021-03-18T00:00:00</oos:start_date></nsiKBKBudget><nsiKBKBudget><oos:kbk>09204010710250310500</oos:kbk><oos:budget>99010001</oos:budget><oos:actual>true</oos:actual><oos:start_date>2021-03-18T00:00:00</oos:start_date></nsiKBKBudget><nsiKBKBudget><oos:kbk>0730709024EА60511632</oos:kbk><oos:budget>99010001</oos:budget><oos:actual>true</oos:actual><oos:start_date>2021-03-19T00:00:00</oos:start_date></nsiKBKBudget><nsiKBKBudget><oos:kbk>0910707024E865630632</oos:kbk><oos:budget>99010001</oos:budget><oos:actual>true</oos:actual><oos:start_date>2021-03-01T00:00:00</oos:start_date></nsiKBKBudget><nsiKBKBudget><oos:kbk>321041215Г0099998246</oos:kbk><oos:budget>99010001</oos:budget><oos:actual>true</oos:actual><oos:start_date>2021-03-01T00:00:00</oos:start_date></nsiKBKBudget><nsiKBKBudget><oos:kbk>13904121520165209800</oos:kbk><oos:budget>99010001</oos:budget><oos:actual>true</oos:actual><oos:start_date>2021-03-03T00:00:00</oos:start_date></nsiKBKBudget><nsiKBKBudget><oos:kbk>16701133960590019853</oos:kbk><oos:budget>99010001</oos:budget><oos:actual>true</oos:actual><oos:start_date>2021-03-09T00:00:00</oos:start_date></nsiKBKBudget><nsiKBKBudget><oos:kbk>18201063930292501246</oos:kbk><oos:budget>99010001</oos:budget><oos:actual>true</oos:actual><oos:start_date>2021-03-15T00:00:00</oos:start_date></nsiKBKBudget><nsiKBKBudget><oos:kbk>107090901КN308800612</oos:kbk><oos:budget>99010001</oos:budget><oos:actual>true</oos:actual><oos:start_date>2021-03-11T00:00:00</oos:start_date></nsiKBKBudget><nsiKBKBudget><oos:kbk>107090901КN3N0000600</oos:kbk><oos:budget>99010001</oos:budget><oos:actual>true</oos:actual><oos:start_date>2021-03-11T00:00:00</oos:start_date></nsiKBKBudget><nsiKBKBudget><oos:kbk>17703091010492501212</oos:kbk><oos:budget>99010001</oos:budget><oos:actual>true</oos:actual><oos:start_date>2021-03-15T00:00:00</oos:start_date></nsiKBKBudget><nsiKBKBudget><oos:kbk>17703101010492501212</oos:kbk><oos:budget>99010001</oos:budget><oos:actual>true</oos:actual><oos:start_date>2021-03-15T00:00:00</oos:start_date></nsiKBKBudget><nsiKBKBudget><oos:kbk>727090901К0594009414</oos:kbk><oos:budget>99010001</oos:budget><oos:actual>true</oos:actual><oos:start_date>2021-03-15T00:00:00</oos:start_date></nsiKBKBudget><nsiKBKBudget><oos:kbk>16701133960590000300</oos:kbk><oos:budget>99010001</oos:budget><oos:actual>true</oos:actual><oos:start_date>2021-03-17T00:00:00</oos:start_date></nsiKBKBudget><nsiKBKBudget><oos:kbk>0730707024EВ64856600</oos:kbk><oos:budget>99010001</oos:budget><oos:actual>true</oos:actual><oos:start_date>2021-03-19T00:00:00</oos:start_date></nsiKBKBudget><nsiKBKBudget><oos:kbk>1880302234D672400414</oos:kbk><oos:budget>99010001</oos:budget><oos:actual>true</oos:actual><oos:start_date>2021-03-17T00:00:00</oos:start_date></nsiKBKBudget><nsiKBKBudget><oos:kbk>0730707024EВ64856632</oos:kbk><oos:budget>99010001</oos:budget><oos:actual>true</oos:actual><oos:start_date>2021-03-19T00:00:00</oos:start_date></nsiKBKBudget><nsiKBKBudget><oos:kbk>49804011030290059612</oos:kbk><oos:budget>99010001</oos:budget><oos:actual>true</oos:actual><oos:start_date>2021-03-02T00:00:00</oos:start_date></nsiKBKBudget><nsiKBKBudget><oos:kbk>0750706474S401000613</oos:kbk><oos:budget>99010001</oos:budget><oos:actual>true</oos:actual><oos:start_date>2021-03-09T00:00:00</oos:start_date></nsiKBKBudget><nsiKBKBudget><oos:kbk>02004121940260980811</oos:kbk><oos:budget>99010001</oos:budget><oos:actual>true</oos:actual><oos:start_date>2021-03-11T00:00:00</oos:start_date></nsiKBKBudget><nsiKBKBudget><oos:kbk>07504121970390059612</oos:kbk><oos:budget>99010001</oos:budget><oos:actual>true</oos:actual><oos:start_date>2021-03-11T00:00:00</oos:start_date></nsiKBKBudget><nsiKBKBudget><oos:kbk>06905020521256260500</oos:kbk><oos:budget>99010001</oos:budget><oos:actual>true</oos:actual><oos:start_date>2021-03-18T00:00:00</oos:start_date></nsiKBKBudget><nsiKBKBudget><oos:kbk>056090101К0692011244</oos:kbk><oos:budget>99010001</oos:budget><oos:actual>true</oos:actual><oos:start_date>2021-03-18T00:00:00</oos:start_date></nsiKBKBudget><nsiKBKBudget><oos:kbk>0750110475S604500812</oos:kbk><oos:budget>99010001</oos:budget><oos:actual>true</oos:actual><oos:start_date>2021-03-02T00:00:00</oos:start_date></nsiKBKBudget><nsiKBKBudget><oos:kbk>02004121840190000400</oos:kbk><oos:budget>99010001</oos:budget><oos:actual>true</oos:actual><oos:start_date>2021-03-04T00:00:00</oos:start_date></nsiKBKBudget><nsiKBKBudget><oos:kbk>02004121840192016412</oos:kbk><oos:budget>99010001</oos:budget><oos:actual>true</oos:actual><oos:start_date>2021-03-04T00:00:00</oos:start_date></nsiKBKBudget><nsiKBKBudget><oos:kbk>11001124710230460300</oos:kbk><oos:budget>99010001</oos:budget><oos:actual>true</oos:actual><oos:start_date>2021-03-09T00:00:00</oos:start_date></nsiKBKBudget><nsiKBKBudget><oos:kbk>07307020220267366632</oos:kbk><oos:budget>99010001</oos:budget><oos:actual>true</oos:actual><oos:start_date>2021-03-11T00:00:00</oos:start_date></nsiKBKBudget><nsiKBKBudget><oos:kbk>386090101КN3N0000600</oos:kbk><oos:budget>99010001</oos:budget><oos:actual>true</oos:actual><oos:start_date>2021-03-11T00:00:00</oos:start_date></nsiKBKBudget><nsiKBKBudget><oos:kbk>72709050150190000400</oos:kbk><oos:budget>99010001</oos:budget><oos:actual>true</oos:actual><oos:start_date>2021-03-15T00:00:00</oos:start_date></nsiKBKBudget><nsiKBKBudget><oos:kbk>0750706475S604900613</oos:kbk><oos:budget>99010001</oos:budget><oos:actual>true</oos:actual><oos:start_date>2021-03-15T00:00:00</oos:start_date></nsiKBKBudget><nsiKBKBudget><oos:kbk>72701063930290000400</oos:kbk><oos:budget>99010001</oos:budget><oos:actual>true</oos:actual><oos:start_date>2021-03-15T00:00:00</oos:start_date></nsiKBKBudget><nsiKBKBudget><oos:kbk>725041222ЖU263851451</oos:kbk><oos:budget>99010001</oos:budget><oos:actual>true</oos:actual><oos:start_date>2021-03-17T00:00:00</oos:start_date></nsiKBKBudget><nsiKBKBudget><oos:kbk>16701133960590019321</oos:kbk><oos:budget>99010001</oos:budget><oos:actual>true</oos:actual><oos:start_date>2021-03-17T00:00:00</oos:start_date></nsiKBKBudget><nsiKBKBudget><oos:kbk>35004124311662441600</oos:kbk><oos:budget>99010001</oos:budget><oos:actual>true</oos:actual><oos:start_date>2021-03-18T00:00:00</oos:start_date></nsiKBKBudget><nsiKBKBudget><oos:kbk>16704029990065700452</oos:kbk><oos:budget>99010001</oos:budget><oos:actual>true</oos:actual><oos:start_date>2021-03-18T00:00:00</oos:start_date></nsiKBKBudget><nsiKBKBudget><oos:kbk>17710030312756130500</oos:kbk><oos:budget>99010001</oos:budget><oos:actual>true</oos:actual><oos:start_date>2021-03-19T00:00:00</oos:start_date></nsiKBKBudget><nsiKBKBudget><oos:kbk>18808010840390059247</oos:kbk><oos:budget>99010001</oos:budget><oos:actual>true</oos:actual><oos:start_date>2021-03-01T00:00:00</oos:start_date></nsiKBKBudget><nsiKBKBudget><oos:kbk>07104102310192044244</oos:kbk><oos:budget>99010001</oos:budget><oos:actual>true</oos:actual><oos:start_date>2021-03-01T00:00:00</oos:start_date></nsiKBKBudget><nsiKBKBudget><oos:kbk>388090901Б0490019247</oos:kbk><oos:budget>99010001</oos:budget><oos:actual>true</oos:actual><oos:start_date>2021-03-01T00:00:00</oos:start_date></nsiKBKBudget><nsiKBKBudget><oos:kbk>07504121970390059622</oos:kbk><oos:budget>99010001</oos:budget><oos:actual>true</oos:actual><oos:start_date>2021-03-11T00:00:00</oos:start_date></nsiKBKBudget><nsiKBKBudget><oos:kbk>02004121780264752811</oos:kbk><oos:budget>99010001</oos:budget><oos:actual>true</oos:actual><oos:start_date>2021-03-11T00:00:00</oos:start_date></nsiKBKBudget><nsiKBKBudget><oos:kbk>188090101КN308800244</oos:kbk><oos:budget>99010001</oos:budget><oos:actual>true</oos:actual><oos:start_date>2021-03-11T00:00:00</oos:start_date></nsiKBKBudget><nsiKBKBudget><oos:kbk>72709050150194009414</oos:kbk><oos:budget>99010001</oos:budget><oos:actual>true</oos:actual><oos:start_date>2021-03-15T00:00:00</oos:start_date></nsiKBKBudget><nsiKBKBudget><oos:kbk>07104102340153660540</oos:kbk><oos:budget>99010001</oos:budget><oos:actual>true</oos:actual><oos:start_date>2021-03-18T00:00:00</oos:start_date></nsiKBKBudget><nsiKBKBudget><oos:kbk>09204010710250310550</oos:kbk><oos:budget>99010001</oos:budget><oos:actual>true</oos:actual><oos:start_date>2021-03-18T00:00:00</oos:start_date></nsiKBKBudget><nsiKBKBudget><oos:kbk>0730709024EА60509632</oos:kbk><oos:budget>99010001</oos:budget><oos:actual>true</oos:actual><oos:start_date>2021-03-19T00:00:00</oos:start_date></nsiKBKBudget><nsiKBKBudget><oos:kbk>16707053960592040244</oos:kbk><oos:budget>99010001</oos:budget><oos:actual>true</oos:actual><oos:start_date>2021-03-19T00:00:00</oos:start_date></nsiKBKBudget><nsiKBKBudget><oos:kbk>1500401071P260373623</oos:kbk><oos:budget>99010001</oos:budget><oos:actual>true</oos:actual><oos:start_date>2021-03-19T00:00:00</oos:start_date></nsiKBKBudget><nsiKBKBudget><oos:kbk>07507040210290059622</oos:kbk><oos:budget>99010001</oos:budget><oos:actual>true</oos:actual><oos:start_date>2021-03-01T00:00:00</oos:start_date></nsiKBKBudget><nsiKBKBudget><oos:kbk>72700000000000000000</oos:kbk><oos:budget>99010001</oos:budget><oos:actual>true</oos:actual><oos:start_date>2021-03-01T00:00:00</oos:start_date></nsiKBKBudget><nsiKBKBudget><oos:kbk>0750708475S464820812</oos:kbk><oos:budget>99010001</oos:budget><oos:actual>true</oos:actual><oos:start_date>2021-03-02T00:00:00</oos:start_date></nsiKBKBudget><nsiKBKBudget><oos:kbk>0750708471S700300632</oos:kbk><oos:budget>99010001</oos:budget><oos:actual>true</oos:actual><oos:start_date>2021-03-02T00:00:00</oos:start_date></nsiKBKBudget><nsiKBKBudget><oos:kbk>02004121960260980811</oos:kbk><oos:budget>99010001</oos:budget><oos:actual>true</oos:actual><oos:start_date>2021-03-11T00:00:00</oos:start_date></nsiKBKBudget><nsiKBKBudget><oos:kbk>0750706474S401000623</oos:kbk><oos:budget>99010001</oos:budget><oos:actual>true</oos:actual><oos:start_date>2021-03-11T00:00:00</oos:start_date></nsiKBKBudget><nsiKBKBudget><oos:kbk>30301047820092501244</oos:kbk><oos:budget>99010001</oos:budget><oos:actual>true</oos:actual><oos:start_date>2021-03-16T00:00:00</oos:start_date></nsiKBKBudget><nsiKBKBudget><oos:kbk>72707053930290000400</oos:kbk><oos:budget>99010001</oos:budget><oos:actual>true</oos:actual><oos:start_date>2021-03-16T00:00:00</oos:start_date></nsiKBKBudget><nsiKBKBudget><oos:kbk>06905020521256260521</oos:kbk><oos:budget>99010001</oos:budget><oos:actual>true</oos:actual><oos:start_date>2021-03-18T00:00:00</oos:start_date></nsiKBKBudget><nsiKBKBudget><oos:kbk>07107040210238930612</oos:kbk><oos:budget>99010001</oos:budget><oos:actual>true</oos:actual><oos:start_date>2021-03-17T00:00:00</oos:start_date></nsiKBKBudget><nsiKBKBudget><oos:kbk>72707064720190000400</oos:kbk><oos:budget>99010001</oos:budget><oos:actual>true</oos:actual><oos:start_date>2021-03-18T00:00:00</oos:start_date></nsiKBKBudget><nsiKBKBudget><oos:kbk>0730709024EВ64857600</oos:kbk><oos:budget>99010001</oos:budget><oos:actual>true</oos:actual><oos:start_date>2021-03-19T00:00:00</oos:start_date></nsiKBKBudget><nsiKBKBudget><oos:kbk>0730709024EА60509600</oos:kbk><oos:budget>99010001</oos:budget><oos:actual>true</oos:actual><oos:start_date>2021-03-19T00:00:00</oos:start_date></nsiKBKBudget><nsiKBKBudget><oos:kbk>30301047820092501121</oos:kbk><oos:budget>99010001</oos:budget><oos:actual>true</oos:actual><oos:start_date>2021-03-16T00:00:00</oos:start_date></nsiKBKBudget><nsiKBKBudget><oos:kbk>16707053960590000200</oos:kbk><oos:budget>99010001</oos:budget><oos:actual>true</oos:actual><oos:start_date>2021-03-19T00:00:00</oos:start_date></nsiKBKBudget><nsiKBKBudget><oos:kbk>13904121520165209811</oos:kbk><oos:budget>99010001</oos:budget><oos:actual>true</oos:actual><oos:start_date>2021-03-03T00:00:00</oos:start_date></nsiKBKBudget><nsiKBKBudget><oos:kbk>0750110475S6S0000800</oos:kbk><oos:budget>99010001</oos:budget><oos:actual>true</oos:actual><oos:start_date>2021-03-02T00:00:00</oos:start_date></nsiKBKBudget><nsiKBKBudget><oos:kbk>07104109970060940800</oos:kbk><oos:budget>99010001</oos:budget><oos:actual>true</oos:actual><oos:start_date>2021-03-09T00:00:00</oos:start_date></nsiKBKBudget><nsiKBKBudget><oos:kbk>0750709474S401600632</oos:kbk><oos:budget>99010001</oos:budget><oos:actual>true</oos:actual><oos:start_date>2021-03-02T00:00:00</oos:start_date></nsiKBKBudget><nsiKBKBudget><oos:kbk>02004121950260980811</oos:kbk><oos:budget>99010001</oos:budget><oos:actual>true</oos:actual><oos:start_date>2021-03-11T00:00:00</oos:start_date></nsiKBKBudget><nsiKBKBudget><oos:kbk>056090101К0191110622</oos:kbk><oos:budget>99010001</oos:budget><oos:actual>true</oos:actual><oos:start_date>2021-03-12T00:00:00</oos:start_date></nsiKBKBudget><nsiKBKBudget><oos:kbk>0750411474S506400613</oos:kbk><oos:budget>99010001</oos:budget><oos:actual>true</oos:actual><oos:start_date>2021-03-18T00:00:00</oos:start_date></nsiKBKBudget><nsiKBKBudget><oos:kbk>16704029990065700400</oos:kbk><oos:budget>99010001</oos:budget><oos:actual>true</oos:actual><oos:start_date>2021-03-18T00:00:00</oos:start_date></nsiKBKBudget><nsiKBKBudget><oos:kbk>17710030312756130540</oos:kbk><oos:budget>99010001</oos:budget><oos:actual>true</oos:actual><oos:start_date>2021-03-19T00:00:00</oos:start_date></nsiKBKBudget><nsiKBKBudget><oos:kbk>1500401071P260373613</oos:kbk><oos:budget>99010001</oos:budget><oos:actual>true</oos:actual><oos:start_date>2021-03-19T00:00:00</oos:start_date></nsiKBKBudget><nsiKBKBudget><oos:kbk>49804011030390059612</oos:kbk><oos:budget>99010001</oos:budget><oos:actual>true</oos:actual><oos:start_date>2021-03-02T00:00:00</oos:start_date></nsiKBKBudget><nsiKBKBudget><oos:kbk>16104011560490019246</oos:kbk><oos:budget>99010001</oos:budget><oos:actual>true</oos:actual><oos:start_date>2021-03-01T00:00:00</oos:start_date></nsiKBKBudget><nsiKBKBudget><oos:kbk>02004121930260980811</oos:kbk><oos:budget>99010001</oos:budget><oos:actual>true</oos:actual><oos:start_date>2021-03-11T00:00:00</oos:start_date></nsiKBKBudget><nsiKBKBudget><oos:kbk>06910030511356180500</oos:kbk><oos:budget>99010001</oos:budget><oos:actual>true</oos:actual><oos:start_date>2021-03-11T00:00:00</oos:start_date></nsiKBKBudget><nsiKBKBudget><oos:kbk>06910030511356180540</oos:kbk><oos:budget>99010001</oos:budget><oos:actual>true</oos:actual><oos:start_date>2021-03-11T00:00:00</oos:start_date></nsiKBKBudget><nsiKBKBudget><oos:kbk>188090101КN3N0000200</oos:kbk><oos:budget>99010001</oos:budget><oos:actual>true</oos:actual><oos:start_date>2021-03-11T00:00:00</oos:start_date></nsiKBKBudget><nsiKBKBudget><oos:kbk>72707053930294009414</oos:kbk><oos:budget>99010001</oos:budget><oos:actual>true</oos:actual><oos:start_date>2021-03-16T00:00:00</oos:start_date></nsiKBKBudget><nsiKBKBudget><oos:kbk>06905010511356250540</oos:kbk><oos:budget>99010001</oos:budget><oos:actual>true</oos:actual><oos:start_date>2021-03-18T00:00:00</oos:start_date></nsiKBKBudget><nsiKBKBudget><oos:kbk>72707040210290000400</oos:kbk><oos:budget>99010001</oos:budget><oos:actual>true</oos:actual><oos:start_date>2021-03-18T00:00:00</oos:start_date></nsiKBKBudget><nsiKBKBudget><oos:kbk>07104102340153660500</oos:kbk><oos:budget>99010001</oos:budget><oos:actual>true</oos:actual><oos:start_date>2021-03-18T00:00:00</oos:start_date></nsiKBKBudget><nsiKBKBudget><oos:kbk>07507094750590059612</oos:kbk><oos:budget>99010001</oos:budget><oos:actual>true</oos:actual><oos:start_date>2021-03-18T00:00:00</oos:start_date></nsiKBKBudget><nsiKBKBudget><oos:kbk>0730709024EВ64857632</oos:kbk><oos:budget>99010001</oos:budget><oos:actual>true</oos:actual><oos:start_date>2021-03-19T00:00:00</oos:start_date></nsiKBKBudget><nsiKBKBudget><oos:kbk>0730709024EА60511600</oos:kbk><oos:budget>99010001</oos:budget><oos:actual>true</oos:actual><oos:start_date>2021-03-19T00:00:00</oos:start_date></nsiKBKBudget></nsiKBKBudgetList></export>