<?xml version="1.0" encoding="UTF-8"?><export xmlns:xsi="http://www.w3.org/2001/XMLSchema-instance" xmlns="http://zakupki.gov.ru/oos/export/1" xmlns:oos="http://zakupki.gov.ru/oos/types/1"><nsiTenderPlan2020PositionChangeReasons><nsiTenderPlan2020PositionChangeReason><oos:id>13</oos:id><oos:code>1</oos:code><oos:shortName>Приведение в соответствие в связи с изменением установленных в соответствии со статьей 19 Федерального закона № 44-ФЗ требований к закупаемым заказчиками товарам, работам, услугам (в том числе предельной цены товаров, работ, услуг) и (или) нормативных затрат на обеспечение функций государственных органов, органов управления государственными внебюджетными фондами, муниципальных органов;</oos:shortName><oos:actual>true</oos:actual></nsiTenderPlan2020PositionChangeReason><nsiTenderPlan2020PositionChangeReason><oos:id>14</oos:id><oos:code>2</oos:code><oos:shortName>Приведение в соответствие в связи с изменением доведенного до заказчика объема прав в денежном выражении на принятие и (или) исполнение обязательств в соответствии с бюджетным законодательством Российской Федерации, изменением показателей планов (программ) финансово-хозяйственной деятельности государственных, муниципальных учреждений, государственных, муниципальных унитарных предприятий, изменением соответствующих решений и (или) соглашений о предоставлении субсидий;</oos:shortName><oos:actual>true</oos:actual></nsiTenderPlan2020PositionChangeReason><nsiTenderPlan2020PositionChangeReason><oos:id>15</oos:id><oos:code>3</oos:code><oos:shortName>Реализация решения, принятого заказчиком по итогам обязательного общественного обсуждения закупки в соответствии со статьей 20 настоящего Федерального закона;</oos:shortName><oos:actual>true</oos:actual></nsiTenderPlan2020PositionChangeReason><nsiTenderPlan2020PositionChangeReason><oos:id>16</oos:id><oos:code>4</oos:code><oos:shortName>Использование в соответствии с законодательством Российской Федерации экономии, полученной при осуществлении закупки;</oos:shortName><oos:actual>true</oos:actual></nsiTenderPlan2020PositionChangeReason><nsiTenderPlan2020PositionChangeReason><oos:id>17</oos:id><oos:code>5</oos:code><oos:shortName>Уточнение информации об объекте закупки;</oos:shortName><oos:actual>true</oos:actual></nsiTenderPlan2020PositionChangeReason><nsiTenderPlan2020PositionChangeReason><oos:id>18</oos:id><oos:code>6</oos:code><oos:shortName>Исполнение предписания органов контроля, указанных в части 1 статьи 99 Федерального закона;</oos:shortName><oos:actual>true</oos:actual></nsiTenderPlan2020PositionChangeReason><nsiTenderPlan2020PositionChangeReason><oos:id>19</oos:id><oos:code>7</oos:code><oos:shortName>Признание определения поставщика (подрядчика, исполнителя) несостоявшимся;</oos:shortName><oos:actual>true</oos:actual></nsiTenderPlan2020PositionChangeReason><nsiTenderPlan2020PositionChangeReason><oos:id>20</oos:id><oos:code>8</oos:code><oos:shortName>Расторжение контракта;</oos:shortName><oos:actual>true</oos:actual></nsiTenderPlan2020PositionChangeReason><nsiTenderPlan2020PositionChangeReason><oos:id>21</oos:id><oos:code>9</oos:code><oos:shortName>Возникновения иных обстоятельств, предвидеть которые при утверждении плана-графика было невозможно</oos:shortName><oos:actual>true</oos:actual></nsiTenderPlan2020PositionChangeReason></nsiTenderPlan2020PositionChangeReasons></export>