<export xmlns:xsi="http://www.w3.org/2001/XMLSchema-instance" xmlns="http://zakupki.gov.ru/oos/export/1" xmlns:oos="http://zakupki.gov.ru/oos/types/1" xmlns:ns3="http://zakupki.gov.ru/oos/common/1"><nsiKTRUs><oos:position><oos:data><oos:code>17.12.41.120-00000003</oos:code><oos:version>1</oos:version><oos:inclusionDate>2021-04-05T15:33:07+03:00</oos:inclusionDate><oos:publishDate>2021-04-05T15:33:07+03:00</oos:publishDate><oos:name>Крафт-бумага</oos:name><oos:OKPD2><oos:code>17.12.41.120</oos:code><oos:name>Крафт-бумага мешочная крепированная или гофрированная</oos:name></oos:OKPD2><oos:actual>true</oos:actual><oos:applicationDateStart>2021-06-15T00:00:00+03:00</oos:applicationDateStart><oos:OKEIs><oos:OKEI><oos:code>736</oos:code><oos:name>Рулон</oos:name></oos:OKEI><oos:OKEI><oos:code>728</oos:code><oos:name>Пачка</oos:name></oos:OKEI></oos:OKEIs><oos:NSI><oos:standarts><oos:standart><oos:docName>ГОСТ 2228-81 Бумага мешочная. Технические условия (с Изменениями N 1, 2, 3)</oos:docName></oos:standart><oos:standart><oos:docName>ГОСТ 8273-75 Бумага оберточная. Технические условия (с Изменениями N 1, 2, 3)</oos:docName></oos:standart><oos:standart><oos:docName>ТР ТС 005/2011 Технический регламент Таможенного союза &quot;О безопасности упаковки&quot; (с изменениями на 18 октября 2016 года)</oos:docName></oos:standart></oos:standarts><oos:classifiers><oos:classifier><oos:name>Общероссийский классификатор продукции по видам экономической деятельности (ОКПД2)</oos:name><oos:values><oos:value><oos:code>17.12.41.120</oos:code><oos:name>Крафт-бумага мешочная крепированная или гофрированная</oos:name></oos:value></oos:values></oos:classifier></oos:classifiers></oos:NSI><oos:characteristics><oos:characteristic><oos:code>be0cc3b9-f</oos:code><oos:name>Форма выпуска</oos:name><oos:type>1</oos:type><oos:kind>1</oos:kind><oos:actual>true</oos:actual><oos:isRequired>true</oos:isRequired><oos:choiceType>1</oos:choiceType><oos:values><oos:value><oos:qualityDescription>Рулон</oos:qualityDescription></oos:value><oos:value><oos:qualityDescription>Лист</oos:qualityDescription></oos:value></oos:values></oos:characteristic><oos:characteristic><oos:code>1ca699c4-1</oos:code><oos:name>Вид бумаги</oos:name><oos:type>1</oos:type><oos:kind>2</oos:kind><oos:actual>true</oos:actual><oos:isRequired>false</oos:isRequired><oos:choiceType>2</oos:choiceType><oos:values><oos:value><oos:qualityDescription>Оберточная</oos:qualityDescription></oos:value><oos:value><oos:qualityDescription>Мешочная</oos:qualityDescription></oos:value></oos:values></oos:characteristic><oos:characteristic><oos:code>6696fe39-3</oos:code><oos:name>Тип бумаги</oos:name><oos:type>1</oos:type><oos:kind>2</oos:kind><oos:actual>true</oos:actual><oos:isRequired>false</oos:isRequired><oos:choiceType>2</oos:choiceType><oos:values><oos:value><oos:qualityDescription>Гофрированная</oos:qualityDescription></oos:value><oos:value><oos:qualityDescription>Крепированная</oos:qualityDescription></oos:value><oos:value><oos:qualityDescription>Гладкая</oos:qualityDescription></oos:value></oos:values></oos:characteristic><oos:characteristic><oos:code>b76a548f-5</oos:code><oos:name>Тип обработки бумаги</oos:name><oos:type>1</oos:type><oos:kind>3</oos:kind><oos:actual>true</oos:actual><oos:isRequired>false</oos:isRequired><oos:choiceType>2</oos:choiceType><oos:values><oos:value><oos:qualityDescription>Ламинированная</oos:qualityDescription></oos:value><oos:value><oos:qualityDescription>Битумированная</oos:qualityDescription></oos:value><oos:value><oos:qualityDescription>Влагопрочная</oos:qualityDescription></oos:value><oos:value><oos:qualityDescription>Непропитанная</oos:qualityDescription></oos:value></oos:values></oos:characteristic><oos:characteristic><oos:code>7936e60f-8</oos:code><oos:name>Масса бумаги площадью 1м2</oos:name><oos:type>2</oos:type><oos:kind>2</oos:kind><oos:actual>true</oos:actual><oos:isRequired>true</oos:isRequired><oos:choiceType>2</oos:choiceType><oos:values><oos:value><oos:OKEI><oos:code>163</oos:code><oos:name>Грамм</oos:name></oos:OKEI><oos:valueFormat>A</oos:valueFormat><oos:rangeSet><oos:valueRange><oos:minMathNotation>greaterOrEqual</oos:minMathNotation><oos:min>160.000</oos:min></oos:valueRange></oos:rangeSet></oos:value><oos:value><oos:OKEI><oos:code>163</oos:code><oos:name>Грамм</oos:name></oos:OKEI><oos:valueFormat>A</oos:valueFormat><oos:rangeSet><oos:valueRange><oos:minMathNotation>greaterOrEqual</oos:minMathNotation><oos:min>150.000</oos:min><oos:maxMathNotation>less</oos:maxMathNotation><oos:max>160.00</oos:max></oos:valueRange></oos:rangeSet></oos:value><oos:value><oos:OKEI><oos:code>163</oos:code><oos:name>Грамм</oos:name></oos:OKEI><oos:valueFormat>A</oos:valueFormat><oos:rangeSet><oos:valueRange><oos:minMathNotation>greaterOrEqual</oos:minMathNotation><oos:min>140.000</oos:min><oos:maxMathNotation>less</oos:maxMathNotation><oos:max>150.00</oos:max></oos:valueRange></oos:rangeSet></oos:value><oos:value><oos:OKEI><oos:code>163</oos:code><oos:name>Грамм</oos:name></oos:OKEI><oos:valueFormat>A</oos:valueFormat><oos:rangeSet><oos:valueRange><oos:minMathNotation>greaterOrEqual</oos:minMathNotation><oos:min>130.000</oos:min><oos:maxMathNotation>less</oos:maxMathNotation><oos:max>140.00</oos:max></oos:valueRange></oos:rangeSet></oos:value><oos:value><oos:OKEI><oos:code>163</oos:code><oos:name>Грамм</oos:name></oos:OKEI><oos:valueFormat>A</oos:valueFormat><oos:rangeSet><oos:valueRange><oos:minMathNotation>greaterOrEqual</oos:minMathNotation><oos:min>125.000</oos:min><oos:maxMathNotation>less</oos:maxMathNotation><oos:max>130.00</oos:max></oos:valueRange></oos:rangeSet></oos:value><oos:value><oos:OKEI><oos:code>163</oos:code><oos:name>Грамм</oos:name></oos:OKEI><oos:valueFormat>A</oos:valueFormat><oos:rangeSet><oos:valueRange><oos:minMathNotation>greaterOrEqual</oos:minMathNotation><oos:min>120.000</oos:min><oos:maxMathNotation>less</oos:maxMathNotation><oos:max>125.00</oos:max></oos:valueRange></oos:rangeSet></oos:value><oos:value><oos:OKEI><oos:code>163</oos:code><oos:name>Грамм</oos:name></oos:OKEI><oos:valueFormat>A</oos:valueFormat><oos:rangeSet><oos:valueRange><oos:minMathNotation>greaterOrEqual</oos:minMathNotation><oos:min>115.000</oos:min><oos:maxMathNotation>less</oos:maxMathNotation><oos:max>120.00</oos:max></oos:valueRange></oos:rangeSet></oos:value><oos:value><oos:OKEI><oos:code>163</oos:code><oos:name>Грамм</oos:name></oos:OKEI><oos:valueFormat>A</oos:valueFormat><oos:rangeSet><oos:valueRange><oos:minMathNotation>greaterOrEqual</oos:minMathNotation><oos:min>110.000</oos:min><oos:maxMathNotation>less</oos:maxMathNotation><oos:max>115.00</oos:max></oos:valueRange></oos:rangeSet></oos:value><oos:value><oos:OKEI><oos:code>163</oos:code><oos:name>Грамм</oos:name></oos:OKEI><oos:valueFormat>A</oos:valueFormat><oos:rangeSet><oos:valueRange><oos:minMathNotation>greaterOrEqual</oos:minMathNotation><oos:min>105.000</oos:min><oos:maxMathNotation>less</oos:maxMathNotation><oos:max>110.00</oos:max></oos:valueRange></oos:rangeSet></oos:value><oos:value><oos:OKEI><oos:code>163</oos:code><oos:name>Грамм</oos:name></oos:OKEI><oos:valueFormat>A</oos:valueFormat><oos:rangeSet><oos:valueRange><oos:minMathNotation>greaterOrEqual</oos:minMathNotation><oos:min>100.000</oos:min><oos:maxMathNotation>less</oos:maxMathNotation><oos:max>105.00</oos:max></oos:valueRange></oos:rangeSet></oos:value><oos:value><oos:OKEI><oos:code>163</oos:code><oos:name>Грамм</oos:name></oos:OKEI><oos:valueFormat>A</oos:valueFormat><oos:rangeSet><oos:valueRange><oos:minMathNotation>greaterOrEqual</oos:minMathNotation><oos:min>95.000</oos:min><oos:maxMathNotation>less</oos:maxMathNotation><oos:max>100.00</oos:max></oos:valueRange></oos:rangeSet></oos:value><oos:value><oos:OKEI><oos:code>163</oos:code><oos:name>Грамм</oos:name></oos:OKEI><oos:valueFormat>A</oos:valueFormat><oos:rangeSet><oos:valueRange><oos:minMathNotation>greaterOrEqual</oos:minMathNotation><oos:min>90.000</oos:min><oos:maxMathNotation>less</oos:maxMathNotation><oos:max>95.00</oos:max></oos:valueRange></oos:rangeSet></oos:value><oos:value><oos:OKEI><oos:code>163</oos:code><oos:name>Грамм</oos:name></oos:OKEI><oos:valueFormat>A</oos:valueFormat><oos:rangeSet><oos:valueRange><oos:minMathNotation>greaterOrEqual</oos:minMathNotation><oos:min>80.000</oos:min><oos:maxMathNotation>less</oos:maxMathNotation><oos:max>85.00</oos:max></oos:valueRange></oos:rangeSet></oos:value><oos:value><oos:OKEI><oos:code>163</oos:code><oos:name>Грамм</oos:name></oos:OKEI><oos:valueFormat>A</oos:valueFormat><oos:rangeSet><oos:valueRange><oos:minMathNotation>greaterOrEqual</oos:minMathNotation><oos:min>75.000</oos:min><oos:maxMathNotation>less</oos:maxMathNotation><oos:max>80.00</oos:max></oos:valueRange></oos:rangeSet></oos:value><oos:value><oos:OKEI><oos:code>163</oos:code><oos:name>Грамм</oos:name></oos:OKEI><oos:valueFormat>A</oos:valueFormat><oos:rangeSet><oos:valueRange><oos:minMathNotation>greaterOrEqual</oos:minMathNotation><oos:min>70.000</oos:min><oos:maxMathNotation>less</oos:maxMathNotation><oos:max>75.00</oos:max></oos:valueRange></oos:rangeSet></oos:value><oos:value><oos:OKEI><oos:code>163</oos:code><oos:name>Грамм</oos:name></oos:OKEI><oos:valueFormat>A</oos:valueFormat><oos:rangeSet><oos:valueRange><oos:minMathNotation>greaterOrEqual</oos:minMathNotation><oos:min>65.000</oos:min><oos:maxMathNotation>less</oos:maxMathNotation><oos:max>70.00</oos:max></oos:valueRange></oos:rangeSet></oos:value><oos:value><oos:OKEI><oos:code>163</oos:code><oos:name>Грамм</oos:name></oos:OKEI><oos:valueFormat>A</oos:valueFormat><oos:rangeSet><oos:valueRange><oos:minMathNotation>greaterOrEqual</oos:minMathNotation><oos:min>60.000</oos:min><oos:maxMathNotation>less</oos:maxMathNotation><oos:max>65.00</oos:max></oos:valueRange></oos:rangeSet></oos:value><oos:value><oos:OKEI><oos:code>163</oos:code><oos:name>Грамм</oos:name></oos:OKEI><oos:valueFormat>A</oos:valueFormat><oos:rangeSet><oos:valueRange><oos:minMathNotation>greaterOrEqual</oos:minMathNotation><oos:min>55.000</oos:min><oos:maxMathNotation>less</oos:maxMathNotation><oos:max>60.00</oos:max></oos:valueRange></oos:rangeSet></oos:value><oos:value><oos:OKEI><oos:code>163</oos:code><oos:name>Грамм</oos:name></oos:OKEI><oos:valueFormat>A</oos:valueFormat><oos:rangeSet><oos:valueRange><oos:minMathNotation>greaterOrEqual</oos:minMathNotation><oos:min>50.000</oos:min><oos:maxMathNotation>less</oos:maxMathNotation><oos:max>55.00</oos:max></oos:valueRange></oos:rangeSet></oos:value><oos:value><oos:OKEI><oos:code>163</oos:code><oos:name>Грамм</oos:name></oos:OKEI><oos:valueFormat>A</oos:valueFormat><oos:rangeSet><oos:valueRange><oos:minMathNotation>greaterOrEqual</oos:minMathNotation><oos:min>45.000</oos:min><oos:maxMathNotation>less</oos:maxMathNotation><oos:max>50.00</oos:max></oos:valueRange></oos:rangeSet></oos:value><oos:value><oos:OKEI><oos:code>163</oos:code><oos:name>Грамм</oos:name></oos:OKEI><oos:valueFormat>A</oos:valueFormat><oos:rangeSet><oos:valueRange><oos:minMathNotation>greaterOrEqual</oos:minMathNotation><oos:min>40.000</oos:min><oos:maxMathNotation>less</oos:maxMathNotation><oos:max>45.00</oos:max></oos:valueRange></oos:rangeSet></oos:value><oos:value><oos:OKEI><oos:code>163</oos:code><oos:name>Грамм</oos:name></oos:OKEI><oos:valueFormat>A</oos:valueFormat><oos:rangeSet><oos:valueRange><oos:minMathNotation>greaterOrEqual</oos:minMathNotation><oos:min>35.000</oos:min><oos:maxMathNotation>less</oos:maxMathNotation><oos:max>40.00</oos:max></oos:valueRange></oos:rangeSet></oos:value><oos:value><oos:OKEI><oos:code>163</oos:code><oos:name>Грамм</oos:name></oos:OKEI><oos:valueFormat>A</oos:valueFormat><oos:rangeSet><oos:valueRange><oos:minMathNotation>greaterOrEqual</oos:minMathNotation><oos:min>30.000</oos:min><oos:maxMathNotation>less</oos:maxMathNotation><oos:max>35.00</oos:max></oos:valueRange></oos:rangeSet></oos:value><oos:value><oos:OKEI><oos:code>163</oos:code><oos:name>Грамм</oos:name></oos:OKEI><oos:valueFormat>A</oos:valueFormat><oos:rangeSet><oos:valueRange><oos:minMathNotation>greaterOrEqual</oos:minMathNotation><oos:min>25.000</oos:min><oos:maxMathNotation>less</oos:maxMathNotation><oos:max>30.00</oos:max></oos:valueRange></oos:rangeSet></oos:value><oos:value><oos:OKEI><oos:code>163</oos:code><oos:name>Грамм</oos:name></oos:OKEI><oos:valueFormat>A</oos:valueFormat><oos:rangeSet><oos:valueRange><oos:minMathNotation>greaterOrEqual</oos:minMathNotation><oos:min>20.000</oos:min><oos:maxMathNotation>less</oos:maxMathNotation><oos:max>25.00</oos:max></oos:valueRange></oos:rangeSet></oos:value></oos:values></oos:characteristic><oos:characteristic><oos:code>52cc625a-9</oos:code><oos:name>Влажность</oos:name><oos:type>2</oos:type><oos:kind>2</oos:kind><oos:actual>true</oos:actual><oos:isRequired>false</oos:isRequired><oos:choiceType>2</oos:choiceType><oos:values><oos:value><oos:OKEI><oos:code>744</oos:code><oos:name>Процент</oos:name></oos:OKEI><oos:valueFormat>A</oos:valueFormat><oos:rangeSet><oos:valueRange><oos:minMathNotation>greaterOrEqual</oos:minMathNotation><oos:min>15.000</oos:min></oos:valueRange></oos:rangeSet></oos:value><oos:value><oos:OKEI><oos:code>744</oos:code><oos:name>Процент</oos:name></oos:OKEI><oos:valueFormat>A</oos:valueFormat><oos:rangeSet><oos:valueRange><oos:minMathNotation>greaterOrEqual</oos:minMathNotation><oos:min>14.000</oos:min></oos:valueRange></oos:rangeSet></oos:value><oos:value><oos:OKEI><oos:code>744</oos:code><oos:name>Процент</oos:name></oos:OKEI><oos:valueFormat>A</oos:valueFormat><oos:rangeSet><oos:valueRange><oos:minMathNotation>greaterOrEqual</oos:minMathNotation><oos:min>13.000</oos:min></oos:valueRange></oos:rangeSet></oos:value><oos:value><oos:OKEI><oos:code>744</oos:code><oos:name>Процент</oos:name></oos:OKEI><oos:valueFormat>A</oos:valueFormat><oos:rangeSet><oos:valueRange><oos:minMathNotation>greaterOrEqual</oos:minMathNotation><oos:min>12.000</oos:min></oos:valueRange></oos:rangeSet></oos:value><oos:value><oos:OKEI><oos:code>744</oos:code><oos:name>Процент</oos:name></oos:OKEI><oos:valueFormat>A</oos:valueFormat><oos:rangeSet><oos:valueRange><oos:minMathNotation>greaterOrEqual</oos:minMathNotation><oos:min>11.000</oos:min></oos:valueRange></oos:rangeSet></oos:value><oos:value><oos:OKEI><oos:code>744</oos:code><oos:name>Процент</oos:name></oos:OKEI><oos:valueFormat>A</oos:valueFormat><oos:rangeSet><oos:valueRange><oos:minMathNotation>greaterOrEqual</oos:minMathNotation><oos:min>10.000</oos:min></oos:valueRange></oos:rangeSet></oos:value><oos:value><oos:OKEI><oos:code>744</oos:code><oos:name>Процент</oos:name></oos:OKEI><oos:valueFormat>A</oos:valueFormat><oos:rangeSet><oos:valueRange><oos:minMathNotation>greaterOrEqual</oos:minMathNotation><oos:min>9.000</oos:min></oos:valueRange></oos:rangeSet></oos:value><oos:value><oos:OKEI><oos:code>744</oos:code><oos:name>Процент</oos:name></oos:OKEI><oos:valueFormat>A</oos:valueFormat><oos:rangeSet><oos:valueRange><oos:minMathNotation>greaterOrEqual</oos:minMathNotation><oos:min>8.000</oos:min></oos:valueRange></oos:rangeSet></oos:value><oos:value><oos:OKEI><oos:code>744</oos:code><oos:name>Процент</oos:name></oos:OKEI><oos:valueFormat>A</oos:valueFormat><oos:rangeSet><oos:valueRange><oos:minMathNotation>greaterOrEqual</oos:minMathNotation><oos:min>7.000</oos:min></oos:valueRange></oos:rangeSet></oos:value><oos:value><oos:OKEI><oos:code>744</oos:code><oos:name>Процент</oos:name></oos:OKEI><oos:valueFormat>A</oos:valueFormat><oos:rangeSet><oos:valueRange><oos:minMathNotation>greaterOrEqual</oos:minMathNotation><oos:min>6.000</oos:min></oos:valueRange></oos:rangeSet></oos:value></oos:values></oos:characteristic><oos:characteristic><oos:code>e0a7a61c-3</oos:code><oos:name>Длина листа</oos:name><oos:type>2</oos:type><oos:kind>2</oos:kind><oos:actual>true</oos:actual><oos:isRequired>false</oos:isRequired><oos:choiceType>2</oos:choiceType><oos:values><oos:value><oos:OKEI><oos:code>003</oos:code><oos:name>Миллиметр</oos:name></oos:OKEI><oos:valueFormat>A</oos:valueFormat><oos:rangeSet><oos:valueRange><oos:minMathNotation>greaterOrEqual</oos:minMathNotation><oos:min>1100.000</oos:min></oos:valueRange></oos:rangeSet></oos:value><oos:value><oos:OKEI><oos:code>003</oos:code><oos:name>Миллиметр</oos:name></oos:OKEI><oos:valueFormat>A</oos:valueFormat><oos:rangeSet><oos:valueRange><oos:minMathNotation>greaterOrEqual</oos:minMathNotation><oos:min>1050.000</oos:min><oos:maxMathNotation>less</oos:maxMathNotation><oos:max>1100.00</oos:max></oos:valueRange></oos:rangeSet></oos:value><oos:value><oos:OKEI><oos:code>003</oos:code><oos:name>Миллиметр</oos:name></oos:OKEI><oos:valueFormat>A</oos:valueFormat><oos:rangeSet><oos:valueRange><oos:minMathNotation>greaterOrEqual</oos:minMathNotation><oos:min>1000.000</oos:min><oos:maxMathNotation>less</oos:maxMathNotation><oos:max>1050.00</oos:max></oos:valueRange></oos:rangeSet></oos:value><oos:value><oos:OKEI><oos:code>003</oos:code><oos:name>Миллиметр</oos:name></oos:OKEI><oos:valueFormat>A</oos:valueFormat><oos:rangeSet><oos:valueRange><oos:minMathNotation>greaterOrEqual</oos:minMathNotation><oos:min>950.000</oos:min><oos:maxMathNotation>less</oos:maxMathNotation><oos:max>1000.00</oos:max></oos:valueRange></oos:rangeSet></oos:value><oos:value><oos:OKEI><oos:code>003</oos:code><oos:name>Миллиметр</oos:name></oos:OKEI><oos:valueFormat>A</oos:valueFormat><oos:rangeSet><oos:valueRange><oos:minMathNotation>greaterOrEqual</oos:minMathNotation><oos:min>900.000</oos:min><oos:maxMathNotation>less</oos:maxMathNotation><oos:max>950.00</oos:max></oos:valueRange></oos:rangeSet></oos:value><oos:value><oos:OKEI><oos:code>003</oos:code><oos:name>Миллиметр</oos:name></oos:OKEI><oos:valueFormat>A</oos:valueFormat><oos:rangeSet><oos:valueRange><oos:minMathNotation>greaterOrEqual</oos:minMathNotation><oos:min>850.000</oos:min><oos:maxMathNotation>less</oos:maxMathNotation><oos:max>900.00</oos:max></oos:valueRange></oos:rangeSet></oos:value><oos:value><oos:OKEI><oos:code>003</oos:code><oos:name>Миллиметр</oos:name></oos:OKEI><oos:valueFormat>A</oos:valueFormat><oos:rangeSet><oos:valueRange><oos:minMathNotation>greaterOrEqual</oos:minMathNotation><oos:min>800.000</oos:min><oos:maxMathNotation>less</oos:maxMathNotation><oos:max>850.00</oos:max></oos:valueRange></oos:rangeSet></oos:value><oos:value><oos:OKEI><oos:code>003</oos:code><oos:name>Миллиметр</oos:name></oos:OKEI><oos:valueFormat>A</oos:valueFormat><oos:rangeSet><oos:valueRange><oos:minMathNotation>greaterOrEqual</oos:minMathNotation><oos:min>750.000</oos:min><oos:maxMathNotation>less</oos:maxMathNotation><oos:max>800.00</oos:max></oos:valueRange></oos:rangeSet></oos:value><oos:value><oos:OKEI><oos:code>003</oos:code><oos:name>Миллиметр</oos:name></oos:OKEI><oos:valueFormat>A</oos:valueFormat><oos:rangeSet><oos:valueRange><oos:minMathNotation>greaterOrEqual</oos:minMathNotation><oos:min>700.000</oos:min><oos:maxMathNotation>less</oos:maxMathNotation><oos:max>750.00</oos:max></oos:valueRange></oos:rangeSet></oos:value><oos:value><oos:OKEI><oos:code>003</oos:code><oos:name>Миллиметр</oos:name></oos:OKEI><oos:valueFormat>A</oos:valueFormat><oos:rangeSet><oos:valueRange><oos:minMathNotation>greaterOrEqual</oos:minMathNotation><oos:min>650.000</oos:min><oos:maxMathNotation>less</oos:maxMathNotation><oos:max>700.00</oos:max></oos:valueRange></oos:rangeSet></oos:value><oos:value><oos:OKEI><oos:code>003</oos:code><oos:name>Миллиметр</oos:name></oos:OKEI><oos:valueFormat>A</oos:valueFormat><oos:rangeSet><oos:valueRange><oos:minMathNotation>greaterOrEqual</oos:minMathNotation><oos:min>600.000</oos:min><oos:maxMathNotation>less</oos:maxMathNotation><oos:max>650.00</oos:max></oos:valueRange></oos:rangeSet></oos:value><oos:value><oos:OKEI><oos:code>003</oos:code><oos:name>Миллиметр</oos:name></oos:OKEI><oos:valueFormat>A</oos:valueFormat><oos:rangeSet><oos:valueRange><oos:minMathNotation>greaterOrEqual</oos:minMathNotation><oos:min>550.000</oos:min><oos:maxMathNotation>less</oos:maxMathNotation><oos:max>600.00</oos:max></oos:valueRange></oos:rangeSet></oos:value><oos:value><oos:OKEI><oos:code>003</oos:code><oos:name>Миллиметр</oos:name></oos:OKEI><oos:valueFormat>A</oos:valueFormat><oos:rangeSet><oos:valueRange><oos:minMathNotation>greaterOrEqual</oos:minMathNotation><oos:min>500.000</oos:min><oos:maxMathNotation>less</oos:maxMathNotation><oos:max>550.00</oos:max></oos:valueRange></oos:rangeSet></oos:value><oos:value><oos:OKEI><oos:code>003</oos:code><oos:name>Миллиметр</oos:name></oos:OKEI><oos:valueFormat>A</oos:valueFormat><oos:rangeSet><oos:valueRange><oos:minMathNotation>greaterOrEqual</oos:minMathNotation><oos:min>450.000</oos:min><oos:maxMathNotation>less</oos:maxMathNotation><oos:max>500.00</oos:max></oos:valueRange></oos:rangeSet></oos:value><oos:value><oos:OKEI><oos:code>003</oos:code><oos:name>Миллиметр</oos:name></oos:OKEI><oos:valueFormat>A</oos:valueFormat><oos:rangeSet><oos:valueRange><oos:minMathNotation>greaterOrEqual</oos:minMathNotation><oos:min>400.000</oos:min><oos:maxMathNotation>less</oos:maxMathNotation><oos:max>450.00</oos:max></oos:valueRange></oos:rangeSet></oos:value><oos:value><oos:OKEI><oos:code>003</oos:code><oos:name>Миллиметр</oos:name></oos:OKEI><oos:valueFormat>A</oos:valueFormat><oos:rangeSet><oos:valueRange><oos:minMathNotation>greaterOrEqual</oos:minMathNotation><oos:min>350.000</oos:min><oos:maxMathNotation>less</oos:maxMathNotation><oos:max>400.00</oos:max></oos:valueRange></oos:rangeSet></oos:value><oos:value><oos:OKEI><oos:code>003</oos:code><oos:name>Миллиметр</oos:name></oos:OKEI><oos:valueFormat>A</oos:valueFormat><oos:rangeSet><oos:valueRange><oos:minMathNotation>greaterOrEqual</oos:minMathNotation><oos:min>300.000</oos:min><oos:maxMathNotation>less</oos:maxMathNotation><oos:max>350.00</oos:max></oos:valueRange></oos:rangeSet></oos:value><oos:value><oos:OKEI><oos:code>003</oos:code><oos:name>Миллиметр</oos:name></oos:OKEI><oos:valueFormat>A</oos:valueFormat><oos:rangeSet><oos:valueRange><oos:minMathNotation>greaterOrEqual</oos:minMathNotation><oos:min>250.000</oos:min><oos:maxMathNotation>less</oos:maxMathNotation><oos:max>300.00</oos:max></oos:valueRange></oos:rangeSet></oos:value><oos:value><oos:OKEI><oos:code>003</oos:code><oos:name>Миллиметр</oos:name></oos:OKEI><oos:valueFormat>A</oos:valueFormat><oos:rangeSet><oos:valueRange><oos:minMathNotation>greaterOrEqual</oos:minMathNotation><oos:min>150.000</oos:min><oos:maxMathNotation>less</oos:maxMathNotation><oos:max>200.00</oos:max></oos:valueRange></oos:rangeSet></oos:value></oos:values></oos:characteristic><oos:characteristic><oos:code>c86c5819-7</oos:code><oos:name>Ширина листа</oos:name><oos:type>2</oos:type><oos:kind>2</oos:kind><oos:actual>true</oos:actual><oos:isRequired>false</oos:isRequired><oos:choiceType>2</oos:choiceType><oos:values><oos:value><oos:OKEI><oos:code>003</oos:code><oos:name>Миллиметр</oos:name></oos:OKEI><oos:valueFormat>A</oos:valueFormat><oos:rangeSet><oos:valueRange><oos:minMathNotation>greaterOrEqual</oos:minMathNotation><oos:min>1000.000</oos:min></oos:valueRange></oos:rangeSet></oos:value><oos:value><oos:OKEI><oos:code>003</oos:code><oos:name>Миллиметр</oos:name></oos:OKEI><oos:valueFormat>A</oos:valueFormat><oos:rangeSet><oos:valueRange><oos:minMathNotation>greaterOrEqual</oos:minMathNotation><oos:min>950.000</oos:min><oos:maxMathNotation>less</oos:maxMathNotation><oos:max>1000.00</oos:max></oos:valueRange></oos:rangeSet></oos:value><oos:value><oos:OKEI><oos:code>003</oos:code><oos:name>Миллиметр</oos:name></oos:OKEI><oos:valueFormat>A</oos:valueFormat><oos:rangeSet><oos:valueRange><oos:minMathNotation>greaterOrEqual</oos:minMathNotation><oos:min>900.000</oos:min><oos:maxMathNotation>less</oos:maxMathNotation><oos:max>950.00</oos:max></oos:valueRange></oos:rangeSet></oos:value><oos:value><oos:OKEI><oos:code>003</oos:code><oos:name>Миллиметр</oos:name></oos:OKEI><oos:valueFormat>A</oos:valueFormat><oos:rangeSet><oos:valueRange><oos:minMathNotation>greaterOrEqual</oos:minMathNotation><oos:min>850.000</oos:min><oos:maxMathNotation>less</oos:maxMathNotation><oos:max>900.00</oos:max></oos:valueRange></oos:rangeSet></oos:value><oos:value><oos:OKEI><oos:code>003</oos:code><oos:name>Миллиметр</oos:name></oos:OKEI><oos:valueFormat>A</oos:valueFormat><oos:rangeSet><oos:valueRange><oos:minMathNotation>greaterOrEqual</oos:minMathNotation><oos:min>800.000</oos:min><oos:maxMathNotation>less</oos:maxMathNotation><oos:max>850.00</oos:max></oos:valueRange></oos:rangeSet></oos:value><oos:value><oos:OKEI><oos:code>003</oos:code><oos:name>Миллиметр</oos:name></oos:OKEI><oos:valueFormat>A</oos:valueFormat><oos:rangeSet><oos:valueRange><oos:minMathNotation>greaterOrEqual</oos:minMathNotation><oos:min>750.000</oos:min><oos:maxMathNotation>less</oos:maxMathNotation><oos:max>800.00</oos:max></oos:valueRange></oos:rangeSet></oos:value><oos:value><oos:OKEI><oos:code>003</oos:code><oos:name>Миллиметр</oos:name></oos:OKEI><oos:valueFormat>A</oos:valueFormat><oos:rangeSet><oos:valueRange><oos:minMathNotation>greaterOrEqual</oos:minMathNotation><oos:min>700.000</oos:min><oos:maxMathNotation>less</oos:maxMathNotation><oos:max>750.00</oos:max></oos:valueRange></oos:rangeSet></oos:value><oos:value><oos:OKEI><oos:code>003</oos:code><oos:name>Миллиметр</oos:name></oos:OKEI><oos:valueFormat>A</oos:valueFormat><oos:rangeSet><oos:valueRange><oos:minMathNotation>greaterOrEqual</oos:minMathNotation><oos:min>650.000</oos:min><oos:maxMathNotation>less</oos:maxMathNotation><oos:max>700.00</oos:max></oos:valueRange></oos:rangeSet></oos:value><oos:value><oos:OKEI><oos:code>003</oos:code><oos:name>Миллиметр</oos:name></oos:OKEI><oos:valueFormat>A</oos:valueFormat><oos:rangeSet><oos:valueRange><oos:minMathNotation>greaterOrEqual</oos:minMathNotation><oos:min>600.000</oos:min><oos:maxMathNotation>less</oos:maxMathNotation><oos:max>650.00</oos:max></oos:valueRange></oos:rangeSet></oos:value><oos:value><oos:OKEI><oos:code>003</oos:code><oos:name>Миллиметр</oos:name></oos:OKEI><oos:valueFormat>A</oos:valueFormat><oos:rangeSet><oos:valueRange><oos:minMathNotation>greaterOrEqual</oos:minMathNotation><oos:min>550.000</oos:min><oos:maxMathNotation>less</oos:maxMathNotation><oos:max>600.00</oos:max></oos:valueRange></oos:rangeSet></oos:value><oos:value><oos:OKEI><oos:code>003</oos:code><oos:name>Миллиметр</oos:name></oos:OKEI><oos:valueFormat>A</oos:valueFormat><oos:rangeSet><oos:valueRange><oos:minMathNotation>greaterOrEqual</oos:minMathNotation><oos:min>500.000</oos:min><oos:maxMathNotation>less</oos:maxMathNotation><oos:max>550.00</oos:max></oos:valueRange></oos:rangeSet></oos:value><oos:value><oos:OKEI><oos:code>003</oos:code><oos:name>Миллиметр</oos:name></oos:OKEI><oos:valueFormat>A</oos:valueFormat><oos:rangeSet><oos:valueRange><oos:minMathNotation>greaterOrEqual</oos:minMathNotation><oos:min>450.000</oos:min><oos:maxMathNotation>less</oos:maxMathNotation><oos:max>500.00</oos:max></oos:valueRange></oos:rangeSet></oos:value><oos:value><oos:OKEI><oos:code>003</oos:code><oos:name>Миллиметр</oos:name></oos:OKEI><oos:valueFormat>A</oos:valueFormat><oos:rangeSet><oos:valueRange><oos:minMathNotation>greaterOrEqual</oos:minMathNotation><oos:min>400.000</oos:min><oos:maxMathNotation>less</oos:maxMathNotation><oos:max>450.00</oos:max></oos:valueRange></oos:rangeSet></oos:value><oos:value><oos:OKEI><oos:code>003</oos:code><oos:name>Миллиметр</oos:name></oos:OKEI><oos:valueFormat>A</oos:valueFormat><oos:rangeSet><oos:valueRange><oos:minMathNotation>greaterOrEqual</oos:minMathNotation><oos:min>350.000</oos:min><oos:maxMathNotation>less</oos:maxMathNotation><oos:max>400.00</oos:max></oos:valueRange></oos:rangeSet></oos:value><oos:value><oos:OKEI><oos:code>003</oos:code><oos:name>Миллиметр</oos:name></oos:OKEI><oos:valueFormat>A</oos:valueFormat><oos:rangeSet><oos:valueRange><oos:minMathNotation>greaterOrEqual</oos:minMathNotation><oos:min>300.000</oos:min><oos:maxMathNotation>less</oos:maxMathNotation><oos:max>350.00</oos:max></oos:valueRange></oos:rangeSet></oos:value><oos:value><oos:OKEI><oos:code>003</oos:code><oos:name>Миллиметр</oos:name></oos:OKEI><oos:valueFormat>A</oos:valueFormat><oos:rangeSet><oos:valueRange><oos:minMathNotation>greaterOrEqual</oos:minMathNotation><oos:min>250.000</oos:min><oos:maxMathNotation>less</oos:maxMathNotation><oos:max>300.00</oos:max></oos:valueRange></oos:rangeSet></oos:value><oos:value><oos:OKEI><oos:code>003</oos:code><oos:name>Миллиметр</oos:name></oos:OKEI><oos:valueFormat>A</oos:valueFormat><oos:rangeSet><oos:valueRange><oos:minMathNotation>greaterOrEqual</oos:minMathNotation><oos:min>150.000</oos:min><oos:maxMathNotation>less</oos:maxMathNotation><oos:max>200.00</oos:max></oos:valueRange></oos:rangeSet></oos:value><oos:value><oos:OKEI><oos:code>003</oos:code><oos:name>Миллиметр</oos:name></oos:OKEI><oos:valueFormat>A</oos:valueFormat><oos:rangeSet><oos:valueRange><oos:minMathNotation>greaterOrEqual</oos:minMathNotation><oos:min>100.000</oos:min><oos:maxMathNotation>less</oos:maxMathNotation><oos:max>150.00</oos:max></oos:valueRange></oos:rangeSet></oos:value></oos:values></oos:characteristic><oos:characteristic><oos:code>61ccb2f8-f</oos:code><oos:name>Количество листов в пачке</oos:name><oos:type>2</oos:type><oos:kind>2</oos:kind><oos:actual>true</oos:actual><oos:isRequired>false</oos:isRequired><oos:choiceType>2</oos:choiceType><oos:values><oos:value><oos:OKEI><oos:code>796</oos:code><oos:name>Штука</oos:name></oos:OKEI><oos:valueFormat>A</oos:valueFormat><oos:rangeSet><oos:valueRange><oos:minMathNotation>greaterOrEqual</oos:minMathNotation><oos:min>1000.000</oos:min></oos:valueRange></oos:rangeSet></oos:value><oos:value><oos:OKEI><oos:code>796</oos:code><oos:name>Штука</oos:name></oos:OKEI><oos:valueFormat>A</oos:valueFormat><oos:rangeSet><oos:valueRange><oos:minMathNotation>greaterOrEqual</oos:minMathNotation><oos:min>700.000</oos:min><oos:maxMathNotation>less</oos:maxMathNotation><oos:max>1000.00</oos:max></oos:valueRange></oos:rangeSet></oos:value><oos:value><oos:OKEI><oos:code>796</oos:code><oos:name>Штука</oos:name></oos:OKEI><oos:valueFormat>A</oos:valueFormat><oos:rangeSet><oos:valueRange><oos:minMathNotation>greaterOrEqual</oos:minMathNotation><oos:min>500.000</oos:min><oos:maxMathNotation>less</oos:maxMathNotation><oos:max>700.00</oos:max></oos:valueRange></oos:rangeSet></oos:value><oos:value><oos:OKEI><oos:code>796</oos:code><oos:name>Штука</oos:name></oos:OKEI><oos:valueFormat>A</oos:valueFormat><oos:rangeSet><oos:valueRange><oos:minMathNotation>greaterOrEqual</oos:minMathNotation><oos:min>300.000</oos:min><oos:maxMathNotation>less</oos:maxMathNotation><oos:max>500.00</oos:max></oos:valueRange></oos:rangeSet></oos:value><oos:value><oos:OKEI><oos:code>796</oos:code><oos:name>Штука</oos:name></oos:OKEI><oos:valueFormat>A</oos:valueFormat><oos:rangeSet><oos:valueRange><oos:minMathNotation>greaterOrEqual</oos:minMathNotation><oos:min>200.000</oos:min><oos:maxMathNotation>less</oos:maxMathNotation><oos:max>300.00</oos:max></oos:valueRange></oos:rangeSet></oos:value><oos:value><oos:OKEI><oos:code>796</oos:code><oos:name>Штука</oos:name></oos:OKEI><oos:valueFormat>A</oos:valueFormat><oos:rangeSet><oos:valueRange><oos:minMathNotation>greaterOrEqual</oos:minMathNotation><oos:min>100.000</oos:min><oos:maxMathNotation>less</oos:maxMathNotation><oos:max>200.00</oos:max></oos:valueRange></oos:rangeSet></oos:value><oos:value><oos:OKEI><oos:code>796</oos:code><oos:name>Штука</oos:name></oos:OKEI><oos:valueFormat>A</oos:valueFormat><oos:rangeSet><oos:valueRange><oos:minMathNotation>greaterOrEqual</oos:minMathNotation><oos:min>50.000</oos:min><oos:maxMathNotation>less</oos:maxMathNotation><oos:max>100.00</oos:max></oos:valueRange></oos:rangeSet></oos:value><oos:value><oos:OKEI><oos:code>796</oos:code><oos:name>Штука</oos:name></oos:OKEI><oos:valueFormat>A</oos:valueFormat><oos:rangeSet><oos:valueRange><oos:minMathNotation>greaterOrEqual</oos:minMathNotation><oos:min>40.000</oos:min><oos:maxMathNotation>less</oos:maxMathNotation><oos:max>50.00</oos:max></oos:valueRange></oos:rangeSet></oos:value><oos:value><oos:OKEI><oos:code>796</oos:code><oos:name>Штука</oos:name></oos:OKEI><oos:valueFormat>A</oos:valueFormat><oos:rangeSet><oos:valueRange><oos:minMathNotation>greaterOrEqual</oos:minMathNotation><oos:min>30.000</oos:min><oos:maxMathNotation>less</oos:maxMathNotation><oos:max>40.00</oos:max></oos:valueRange></oos:rangeSet></oos:value><oos:value><oos:OKEI><oos:code>796</oos:code><oos:name>Штука</oos:name></oos:OKEI><oos:valueFormat>A</oos:valueFormat><oos:rangeSet><oos:valueRange><oos:minMathNotation>greaterOrEqual</oos:minMathNotation><oos:min>20.000</oos:min><oos:maxMathNotation>less</oos:maxMathNotation><oos:max>30.00</oos:max></oos:valueRange></oos:rangeSet></oos:value><oos:value><oos:OKEI><oos:code>796</oos:code><oos:name>Штука</oos:name></oos:OKEI><oos:valueFormat>A</oos:valueFormat><oos:rangeSet><oos:valueRange><oos:minMathNotation>greaterOrEqual</oos:minMathNotation><oos:min>10.000</oos:min><oos:maxMathNotation>less</oos:maxMathNotation><oos:max>20.00</oos:max></oos:valueRange></oos:rangeSet></oos:value><oos:value><oos:OKEI><oos:code>796</oos:code><oos:name>Штука</oos:name></oos:OKEI><oos:valueFormat>A</oos:valueFormat><oos:rangeSet><oos:valueRange><oos:maxMathNotation>less</oos:maxMathNotation><oos:max>10.00</oos:max></oos:valueRange></oos:rangeSet></oos:value></oos:values></oos:characteristic><oos:characteristic><oos:code>396a8885-2</oos:code><oos:name>Ширина рулона</oos:name><oos:type>2</oos:type><oos:kind>2</oos:kind><oos:actual>true</oos:actual><oos:isRequired>false</oos:isRequired><oos:choiceType>2</oos:choiceType><oos:values><oos:value><oos:OKEI><oos:code>003</oos:code><oos:name>Миллиметр</oos:name></oos:OKEI><oos:valueFormat>A</oos:valueFormat><oos:rangeSet><oos:valueRange><oos:minMathNotation>greaterOrEqual</oos:minMathNotation><oos:min>1500.000</oos:min></oos:valueRange></oos:rangeSet></oos:value><oos:value><oos:OKEI><oos:code>003</oos:code><oos:name>Миллиметр</oos:name></oos:OKEI><oos:valueFormat>A</oos:valueFormat><oos:rangeSet><oos:valueRange><oos:minMathNotation>greaterOrEqual</oos:minMathNotation><oos:min>1400.000</oos:min><oos:maxMathNotation>less</oos:maxMathNotation><oos:max>1500.00</oos:max></oos:valueRange></oos:rangeSet></oos:value><oos:value><oos:OKEI><oos:code>003</oos:code><oos:name>Миллиметр</oos:name></oos:OKEI><oos:valueFormat>A</oos:valueFormat><oos:rangeSet><oos:valueRange><oos:minMathNotation>greaterOrEqual</oos:minMathNotation><oos:min>1300.000</oos:min><oos:maxMathNotation>less</oos:maxMathNotation><oos:max>1400.00</oos:max></oos:valueRange></oos:rangeSet></oos:value><oos:value><oos:OKEI><oos:code>003</oos:code><oos:name>Миллиметр</oos:name></oos:OKEI><oos:valueFormat>A</oos:valueFormat><oos:rangeSet><oos:valueRange><oos:minMathNotation>greaterOrEqual</oos:minMathNotation><oos:min>1200.000</oos:min><oos:maxMathNotation>less</oos:maxMathNotation><oos:max>1300.00</oos:max></oos:valueRange></oos:rangeSet></oos:value><oos:value><oos:OKEI><oos:code>003</oos:code><oos:name>Миллиметр</oos:name></oos:OKEI><oos:valueFormat>A</oos:valueFormat><oos:rangeSet><oos:valueRange><oos:minMathNotation>greaterOrEqual</oos:minMathNotation><oos:min>1100.000</oos:min><oos:maxMathNotation>less</oos:maxMathNotation><oos:max>1200.00</oos:max></oos:valueRange></oos:rangeSet></oos:value><oos:value><oos:OKEI><oos:code>003</oos:code><oos:name>Миллиметр</oos:name></oos:OKEI><oos:valueFormat>A</oos:valueFormat><oos:rangeSet><oos:valueRange><oos:minMathNotation>greaterOrEqual</oos:minMathNotation><oos:min>1000.000</oos:min><oos:maxMathNotation>less</oos:maxMathNotation><oos:max>1100.00</oos:max></oos:valueRange></oos:rangeSet></oos:value><oos:value><oos:OKEI><oos:code>003</oos:code><oos:name>Миллиметр</oos:name></oos:OKEI><oos:valueFormat>A</oos:valueFormat><oos:rangeSet><oos:valueRange><oos:minMathNotation>greaterOrEqual</oos:minMathNotation><oos:min>900.000</oos:min><oos:maxMathNotation>less</oos:maxMathNotation><oos:max>1000.00</oos:max></oos:valueRange></oos:rangeSet></oos:value><oos:value><oos:OKEI><oos:code>003</oos:code><oos:name>Миллиметр</oos:name></oos:OKEI><oos:valueFormat>A</oos:valueFormat><oos:rangeSet><oos:valueRange><oos:maxMathNotation>less</oos:maxMathNotation><oos:max>900.00</oos:max></oos:valueRange></oos:rangeSet></oos:value></oos:values></oos:characteristic><oos:characteristic><oos:code>ec6558a9-5</oos:code><oos:name>Длина рулона</oos:name><oos:type>2</oos:type><oos:kind>2</oos:kind><oos:actual>true</oos:actual><oos:isRequired>false</oos:isRequired><oos:choiceType>2</oos:choiceType><oos:values><oos:value><oos:OKEI><oos:code>006</oos:code><oos:name>Метр</oos:name></oos:OKEI><oos:valueFormat>A</oos:valueFormat><oos:rangeSet><oos:valueRange><oos:minMathNotation>greaterOrEqual</oos:minMathNotation><oos:min>150.000</oos:min></oos:valueRange></oos:rangeSet></oos:value><oos:value><oos:OKEI><oos:code>006</oos:code><oos:name>Метр</oos:name></oos:OKEI><oos:valueFormat>A</oos:valueFormat><oos:rangeSet><oos:valueRange><oos:minMathNotation>greaterOrEqual</oos:minMathNotation><oos:min>100.000</oos:min><oos:maxMathNotation>less</oos:maxMathNotation><oos:max>150.00</oos:max></oos:valueRange></oos:rangeSet></oos:value><oos:value><oos:OKEI><oos:code>006</oos:code><oos:name>Метр</oos:name></oos:OKEI><oos:valueFormat>A</oos:valueFormat><oos:rangeSet><oos:valueRange><oos:minMathNotation>greaterOrEqual</oos:minMathNotation><oos:min>50.000</oos:min><oos:maxMathNotation>less</oos:maxMathNotation><oos:max>100.00</oos:max></oos:valueRange></oos:rangeSet></oos:value><oos:value><oos:OKEI><oos:code>006</oos:code><oos:name>Метр</oos:name></oos:OKEI><oos:valueFormat>A</oos:valueFormat><oos:rangeSet><oos:valueRange><oos:maxMathNotation>less</oos:maxMathNotation><oos:max>50.00</oos:max></oos:valueRange></oos:rangeSet></oos:value></oos:values></oos:characteristic></oos:characteristics><oos:rubricators><oos:rubricatorInfo><oos:name>Бумага и канцелярские товары</oos:name></oos:rubricatorInfo></oos:rubricators><oos:isTemplate>true</oos:isTemplate><oos:noNewFeatures>false</oos:noNewFeatures></oos:data></oos:position><oos:position><oos:data><oos:code>17.12.41.120-00000002</oos:code><oos:version>1</oos:version><oos:inclusionDate>2021-04-05T15:32:11+03:00</oos:inclusionDate><oos:publishDate>2021-04-05T15:32:11+03:00</oos:publishDate><oos:name>Крафт-бумага</oos:name><oos:OKPD2><oos:code>17.12.41.120</oos:code><oos:name>Крафт-бумага мешочная крепированная или гофрированная</oos:name></oos:OKPD2><oos:actual>true</oos:actual><oos:applicationDateStart>2021-06-15T00:00:00+03:00</oos:applicationDateStart><oos:OKEIs><oos:OKEI><oos:code>728</oos:code><oos:name>Пачка</oos:name></oos:OKEI></oos:OKEIs><oos:NSI><oos:standarts><oos:standart><oos:docName>ГОСТ 8273-75 Бумага оберточная. Технические условия (с Изменениями N 1, 2, 3)</oos:docName></oos:standart><oos:standart><oos:docName>ГОСТ 2228-81 Бумага мешочная. Технические условия (с Изменениями N 1, 2, 3)</oos:docName></oos:standart><oos:standart><oos:docName>ТР ТС 005/2011 Технический регламент Таможенного союза &quot;О безопасности упаковки&quot; (с изменениями на 18 октября 2016 года)</oos:docName></oos:standart></oos:standarts><oos:classifiers><oos:classifier><oos:name>Общероссийский классификатор продукции по видам экономической деятельности (ОКПД2)</oos:name><oos:values><oos:value><oos:code>17.12.41.120</oos:code><oos:name>Крафт-бумага мешочная крепированная или гофрированная</oos:name></oos:value></oos:values></oos:classifier></oos:classifiers></oos:NSI><oos:characteristics><oos:characteristic><oos:code>1ca699c4-1</oos:code><oos:name>Вид бумаги</oos:name><oos:type>1</oos:type><oos:kind>2</oos:kind><oos:actual>true</oos:actual><oos:isRequired>false</oos:isRequired><oos:choiceType>2</oos:choiceType><oos:values><oos:value><oos:qualityDescription>Оберточная</oos:qualityDescription></oos:value><oos:value><oos:qualityDescription>Мешочная</oos:qualityDescription></oos:value></oos:values></oos:characteristic><oos:characteristic><oos:code>6696fe39-3</oos:code><oos:name>Тип бумаги</oos:name><oos:type>1</oos:type><oos:kind>2</oos:kind><oos:actual>true</oos:actual><oos:isRequired>false</oos:isRequired><oos:choiceType>2</oos:choiceType><oos:values><oos:value><oos:qualityDescription>Гофрированная</oos:qualityDescription></oos:value><oos:value><oos:qualityDescription>Крепированная</oos:qualityDescription></oos:value><oos:value><oos:qualityDescription>Гладкая</oos:qualityDescription></oos:value></oos:values></oos:characteristic><oos:characteristic><oos:code>b76a548f-5</oos:code><oos:name>Тип обработки бумаги</oos:name><oos:type>1</oos:type><oos:kind>3</oos:kind><oos:actual>true</oos:actual><oos:isRequired>false</oos:isRequired><oos:choiceType>2</oos:choiceType><oos:values><oos:value><oos:qualityDescription>Ламинированная</oos:qualityDescription></oos:value><oos:value><oos:qualityDescription>Битумированная</oos:qualityDescription></oos:value><oos:value><oos:qualityDescription>Влагопрочная</oos:qualityDescription></oos:value><oos:value><oos:qualityDescription>Непропитанная</oos:qualityDescription></oos:value></oos:values></oos:characteristic><oos:characteristic><oos:code>7936e60f-8</oos:code><oos:name>Масса бумаги площадью 1м2</oos:name><oos:type>2</oos:type><oos:kind>2</oos:kind><oos:actual>true</oos:actual><oos:isRequired>true</oos:isRequired><oos:choiceType>2</oos:choiceType><oos:values><oos:value><oos:OKEI><oos:code>163</oos:code><oos:name>Грамм</oos:name></oos:OKEI><oos:valueFormat>A</oos:valueFormat><oos:rangeSet><oos:valueRange><oos:minMathNotation>greaterOrEqual</oos:minMathNotation><oos:min>160.000</oos:min></oos:valueRange></oos:rangeSet></oos:value><oos:value><oos:OKEI><oos:code>163</oos:code><oos:name>Грамм</oos:name></oos:OKEI><oos:valueFormat>A</oos:valueFormat><oos:rangeSet><oos:valueRange><oos:minMathNotation>greaterOrEqual</oos:minMathNotation><oos:min>150.000</oos:min><oos:maxMathNotation>less</oos:maxMathNotation><oos:max>160.00</oos:max></oos:valueRange></oos:rangeSet></oos:value><oos:value><oos:OKEI><oos:code>163</oos:code><oos:name>Грамм</oos:name></oos:OKEI><oos:valueFormat>A</oos:valueFormat><oos:rangeSet><oos:valueRange><oos:minMathNotation>greaterOrEqual</oos:minMathNotation><oos:min>140.000</oos:min><oos:maxMathNotation>less</oos:maxMathNotation><oos:max>150.00</oos:max></oos:valueRange></oos:rangeSet></oos:value><oos:value><oos:OKEI><oos:code>163</oos:code><oos:name>Грамм</oos:name></oos:OKEI><oos:valueFormat>A</oos:valueFormat><oos:rangeSet><oos:valueRange><oos:minMathNotation>greaterOrEqual</oos:minMathNotation><oos:min>130.000</oos:min><oos:maxMathNotation>less</oos:maxMathNotation><oos:max>140.00</oos:max></oos:valueRange></oos:rangeSet></oos:value><oos:value><oos:OKEI><oos:code>163</oos:code><oos:name>Грамм</oos:name></oos:OKEI><oos:valueFormat>A</oos:valueFormat><oos:rangeSet><oos:valueRange><oos:minMathNotation>greaterOrEqual</oos:minMathNotation><oos:min>125.000</oos:min><oos:maxMathNotation>less</oos:maxMathNotation><oos:max>130.00</oos:max></oos:valueRange></oos:rangeSet></oos:value><oos:value><oos:OKEI><oos:code>163</oos:code><oos:name>Грамм</oos:name></oos:OKEI><oos:valueFormat>A</oos:valueFormat><oos:rangeSet><oos:valueRange><oos:minMathNotation>greaterOrEqual</oos:minMathNotation><oos:min>120.000</oos:min><oos:maxMathNotation>less</oos:maxMathNotation><oos:max>125.00</oos:max></oos:valueRange></oos:rangeSet></oos:value><oos:value><oos:OKEI><oos:code>163</oos:code><oos:name>Грамм</oos:name></oos:OKEI><oos:valueFormat>A</oos:valueFormat><oos:rangeSet><oos:valueRange><oos:minMathNotation>greaterOrEqual</oos:minMathNotation><oos:min>115.000</oos:min><oos:maxMathNotation>less</oos:maxMathNotation><oos:max>120.00</oos:max></oos:valueRange></oos:rangeSet></oos:value><oos:value><oos:OKEI><oos:code>163</oos:code><oos:name>Грамм</oos:name></oos:OKEI><oos:valueFormat>A</oos:valueFormat><oos:rangeSet><oos:valueRange><oos:minMathNotation>greaterOrEqual</oos:minMathNotation><oos:min>110.000</oos:min><oos:maxMathNotation>less</oos:maxMathNotation><oos:max>115.00</oos:max></oos:valueRange></oos:rangeSet></oos:value><oos:value><oos:OKEI><oos:code>163</oos:code><oos:name>Грамм</oos:name></oos:OKEI><oos:valueFormat>A</oos:valueFormat><oos:rangeSet><oos:valueRange><oos:minMathNotation>greaterOrEqual</oos:minMathNotation><oos:min>105.000</oos:min><oos:maxMathNotation>less</oos:maxMathNotation><oos:max>110.00</oos:max></oos:valueRange></oos:rangeSet></oos:value><oos:value><oos:OKEI><oos:code>163</oos:code><oos:name>Грамм</oos:name></oos:OKEI><oos:valueFormat>A</oos:valueFormat><oos:rangeSet><oos:valueRange><oos:minMathNotation>greaterOrEqual</oos:minMathNotation><oos:min>100.000</oos:min><oos:maxMathNotation>less</oos:maxMathNotation><oos:max>105.00</oos:max></oos:valueRange></oos:rangeSet></oos:value><oos:value><oos:OKEI><oos:code>163</oos:code><oos:name>Грамм</oos:name></oos:OKEI><oos:valueFormat>A</oos:valueFormat><oos:rangeSet><oos:valueRange><oos:minMathNotation>greaterOrEqual</oos:minMathNotation><oos:min>95.000</oos:min><oos:maxMathNotation>less</oos:maxMathNotation><oos:max>100.00</oos:max></oos:valueRange></oos:rangeSet></oos:value><oos:value><oos:OKEI><oos:code>163</oos:code><oos:name>Грамм</oos:name></oos:OKEI><oos:valueFormat>A</oos:valueFormat><oos:rangeSet><oos:valueRange><oos:minMathNotation>greaterOrEqual</oos:minMathNotation><oos:min>90.000</oos:min><oos:maxMathNotation>less</oos:maxMathNotation><oos:max>95.00</oos:max></oos:valueRange></oos:rangeSet></oos:value><oos:value><oos:OKEI><oos:code>163</oos:code><oos:name>Грамм</oos:name></oos:OKEI><oos:valueFormat>A</oos:valueFormat><oos:rangeSet><oos:valueRange><oos:minMathNotation>greaterOrEqual</oos:minMathNotation><oos:min>80.000</oos:min><oos:maxMathNotation>less</oos:maxMathNotation><oos:max>85.00</oos:max></oos:valueRange></oos:rangeSet></oos:value><oos:value><oos:OKEI><oos:code>163</oos:code><oos:name>Грамм</oos:name></oos:OKEI><oos:valueFormat>A</oos:valueFormat><oos:rangeSet><oos:valueRange><oos:minMathNotation>greaterOrEqual</oos:minMathNotation><oos:min>75.000</oos:min><oos:maxMathNotation>less</oos:maxMathNotation><oos:max>80.00</oos:max></oos:valueRange></oos:rangeSet></oos:value><oos:value><oos:OKEI><oos:code>163</oos:code><oos:name>Грамм</oos:name></oos:OKEI><oos:valueFormat>A</oos:valueFormat><oos:rangeSet><oos:valueRange><oos:minMathNotation>greaterOrEqual</oos:minMathNotation><oos:min>70.000</oos:min><oos:maxMathNotation>less</oos:maxMathNotation><oos:max>75.00</oos:max></oos:valueRange></oos:rangeSet></oos:value><oos:value><oos:OKEI><oos:code>163</oos:code><oos:name>Грамм</oos:name></oos:OKEI><oos:valueFormat>A</oos:valueFormat><oos:rangeSet><oos:valueRange><oos:minMathNotation>greaterOrEqual</oos:minMathNotation><oos:min>65.000</oos:min><oos:maxMathNotation>less</oos:maxMathNotation><oos:max>70.00</oos:max></oos:valueRange></oos:rangeSet></oos:value><oos:value><oos:OKEI><oos:code>163</oos:code><oos:name>Грамм</oos:name></oos:OKEI><oos:valueFormat>A</oos:valueFormat><oos:rangeSet><oos:valueRange><oos:minMathNotation>greaterOrEqual</oos:minMathNotation><oos:min>60.000</oos:min><oos:maxMathNotation>less</oos:maxMathNotation><oos:max>65.00</oos:max></oos:valueRange></oos:rangeSet></oos:value><oos:value><oos:OKEI><oos:code>163</oos:code><oos:name>Грамм</oos:name></oos:OKEI><oos:valueFormat>A</oos:valueFormat><oos:rangeSet><oos:valueRange><oos:minMathNotation>greaterOrEqual</oos:minMathNotation><oos:min>55.000</oos:min><oos:maxMathNotation>less</oos:maxMathNotation><oos:max>60.00</oos:max></oos:valueRange></oos:rangeSet></oos:value><oos:value><oos:OKEI><oos:code>163</oos:code><oos:name>Грамм</oos:name></oos:OKEI><oos:valueFormat>A</oos:valueFormat><oos:rangeSet><oos:valueRange><oos:minMathNotation>greaterOrEqual</oos:minMathNotation><oos:min>50.000</oos:min><oos:maxMathNotation>less</oos:maxMathNotation><oos:max>55.00</oos:max></oos:valueRange></oos:rangeSet></oos:value><oos:value><oos:OKEI><oos:code>163</oos:code><oos:name>Грамм</oos:name></oos:OKEI><oos:valueFormat>A</oos:valueFormat><oos:rangeSet><oos:valueRange><oos:minMathNotation>greaterOrEqual</oos:minMathNotation><oos:min>45.000</oos:min><oos:maxMathNotation>less</oos:maxMathNotation><oos:max>50.00</oos:max></oos:valueRange></oos:rangeSet></oos:value><oos:value><oos:OKEI><oos:code>163</oos:code><oos:name>Грамм</oos:name></oos:OKEI><oos:valueFormat>A</oos:valueFormat><oos:rangeSet><oos:valueRange><oos:minMathNotation>greaterOrEqual</oos:minMathNotation><oos:min>40.000</oos:min><oos:maxMathNotation>less</oos:maxMathNotation><oos:max>45.00</oos:max></oos:valueRange></oos:rangeSet></oos:value><oos:value><oos:OKEI><oos:code>163</oos:code><oos:name>Грамм</oos:name></oos:OKEI><oos:valueFormat>A</oos:valueFormat><oos:rangeSet><oos:valueRange><oos:minMathNotation>greaterOrEqual</oos:minMathNotation><oos:min>35.000</oos:min><oos:maxMathNotation>less</oos:maxMathNotation><oos:max>40.00</oos:max></oos:valueRange></oos:rangeSet></oos:value><oos:value><oos:OKEI><oos:code>163</oos:code><oos:name>Грамм</oos:name></oos:OKEI><oos:valueFormat>A</oos:valueFormat><oos:rangeSet><oos:valueRange><oos:minMathNotation>greaterOrEqual</oos:minMathNotation><oos:min>30.000</oos:min><oos:maxMathNotation>less</oos:maxMathNotation><oos:max>35.00</oos:max></oos:valueRange></oos:rangeSet></oos:value><oos:value><oos:OKEI><oos:code>163</oos:code><oos:name>Грамм</oos:name></oos:OKEI><oos:valueFormat>A</oos:valueFormat><oos:rangeSet><oos:valueRange><oos:minMathNotation>greaterOrEqual</oos:minMathNotation><oos:min>25.000</oos:min><oos:maxMathNotation>less</oos:maxMathNotation><oos:max>30.00</oos:max></oos:valueRange></oos:rangeSet></oos:value><oos:value><oos:OKEI><oos:code>163</oos:code><oos:name>Грамм</oos:name></oos:OKEI><oos:valueFormat>A</oos:valueFormat><oos:rangeSet><oos:valueRange><oos:minMathNotation>greaterOrEqual</oos:minMathNotation><oos:min>20.000</oos:min><oos:maxMathNotation>less</oos:maxMathNotation><oos:max>25.00</oos:max></oos:valueRange></oos:rangeSet></oos:value></oos:values></oos:characteristic><oos:characteristic><oos:code>52cc625a-9</oos:code><oos:name>Влажность</oos:name><oos:type>2</oos:type><oos:kind>2</oos:kind><oos:actual>true</oos:actual><oos:isRequired>false</oos:isRequired><oos:choiceType>2</oos:choiceType><oos:values><oos:value><oos:OKEI><oos:code>744</oos:code><oos:name>Процент</oos:name></oos:OKEI><oos:valueFormat>A</oos:valueFormat><oos:rangeSet><oos:valueRange><oos:minMathNotation>greaterOrEqual</oos:minMathNotation><oos:min>15.000</oos:min></oos:valueRange></oos:rangeSet></oos:value><oos:value><oos:OKEI><oos:code>744</oos:code><oos:name>Процент</oos:name></oos:OKEI><oos:valueFormat>A</oos:valueFormat><oos:rangeSet><oos:valueRange><oos:minMathNotation>greaterOrEqual</oos:minMathNotation><oos:min>14.000</oos:min></oos:valueRange></oos:rangeSet></oos:value><oos:value><oos:OKEI><oos:code>744</oos:code><oos:name>Процент</oos:name></oos:OKEI><oos:valueFormat>A</oos:valueFormat><oos:rangeSet><oos:valueRange><oos:minMathNotation>greaterOrEqual</oos:minMathNotation><oos:min>13.000</oos:min></oos:valueRange></oos:rangeSet></oos:value><oos:value><oos:OKEI><oos:code>744</oos:code><oos:name>Процент</oos:name></oos:OKEI><oos:valueFormat>A</oos:valueFormat><oos:rangeSet><oos:valueRange><oos:minMathNotation>greaterOrEqual</oos:minMathNotation><oos:min>12.000</oos:min></oos:valueRange></oos:rangeSet></oos:value><oos:value><oos:OKEI><oos:code>744</oos:code><oos:name>Процент</oos:name></oos:OKEI><oos:valueFormat>A</oos:valueFormat><oos:rangeSet><oos:valueRange><oos:minMathNotation>greaterOrEqual</oos:minMathNotation><oos:min>11.000</oos:min></oos:valueRange></oos:rangeSet></oos:value><oos:value><oos:OKEI><oos:code>744</oos:code><oos:name>Процент</oos:name></oos:OKEI><oos:valueFormat>A</oos:valueFormat><oos:rangeSet><oos:valueRange><oos:minMathNotation>greaterOrEqual</oos:minMathNotation><oos:min>10.000</oos:min></oos:valueRange></oos:rangeSet></oos:value><oos:value><oos:OKEI><oos:code>744</oos:code><oos:name>Процент</oos:name></oos:OKEI><oos:valueFormat>A</oos:valueFormat><oos:rangeSet><oos:valueRange><oos:minMathNotation>greaterOrEqual</oos:minMathNotation><oos:min>9.000</oos:min></oos:valueRange></oos:rangeSet></oos:value><oos:value><oos:OKEI><oos:code>744</oos:code><oos:name>Процент</oos:name></oos:OKEI><oos:valueFormat>A</oos:valueFormat><oos:rangeSet><oos:valueRange><oos:minMathNotation>greaterOrEqual</oos:minMathNotation><oos:min>8.000</oos:min></oos:valueRange></oos:rangeSet></oos:value><oos:value><oos:OKEI><oos:code>744</oos:code><oos:name>Процент</oos:name></oos:OKEI><oos:valueFormat>A</oos:valueFormat><oos:rangeSet><oos:valueRange><oos:minMathNotation>greaterOrEqual</oos:minMathNotation><oos:min>7.000</oos:min></oos:valueRange></oos:rangeSet></oos:value><oos:value><oos:OKEI><oos:code>744</oos:code><oos:name>Процент</oos:name></oos:OKEI><oos:valueFormat>A</oos:valueFormat><oos:rangeSet><oos:valueRange><oos:minMathNotation>greaterOrEqual</oos:minMathNotation><oos:min>6.000</oos:min></oos:valueRange></oos:rangeSet></oos:value></oos:values></oos:characteristic><oos:characteristic><oos:code>e0a7a61c-3</oos:code><oos:name>Длина листа</oos:name><oos:type>2</oos:type><oos:kind>2</oos:kind><oos:actual>true</oos:actual><oos:isRequired>false</oos:isRequired><oos:choiceType>2</oos:choiceType><oos:values><oos:value><oos:OKEI><oos:code>003</oos:code><oos:name>Миллиметр</oos:name></oos:OKEI><oos:valueFormat>A</oos:valueFormat><oos:rangeSet><oos:valueRange><oos:minMathNotation>greaterOrEqual</oos:minMathNotation><oos:min>1100.000</oos:min></oos:valueRange></oos:rangeSet></oos:value><oos:value><oos:OKEI><oos:code>003</oos:code><oos:name>Миллиметр</oos:name></oos:OKEI><oos:valueFormat>A</oos:valueFormat><oos:rangeSet><oos:valueRange><oos:minMathNotation>greaterOrEqual</oos:minMathNotation><oos:min>1050.000</oos:min><oos:maxMathNotation>less</oos:maxMathNotation><oos:max>1100.00</oos:max></oos:valueRange></oos:rangeSet></oos:value><oos:value><oos:OKEI><oos:code>003</oos:code><oos:name>Миллиметр</oos:name></oos:OKEI><oos:valueFormat>A</oos:valueFormat><oos:rangeSet><oos:valueRange><oos:minMathNotation>greaterOrEqual</oos:minMathNotation><oos:min>1000.000</oos:min><oos:maxMathNotation>less</oos:maxMathNotation><oos:max>1050.00</oos:max></oos:valueRange></oos:rangeSet></oos:value><oos:value><oos:OKEI><oos:code>003</oos:code><oos:name>Миллиметр</oos:name></oos:OKEI><oos:valueFormat>A</oos:valueFormat><oos:rangeSet><oos:valueRange><oos:minMathNotation>greaterOrEqual</oos:minMathNotation><oos:min>950.000</oos:min><oos:maxMathNotation>less</oos:maxMathNotation><oos:max>1000.00</oos:max></oos:valueRange></oos:rangeSet></oos:value><oos:value><oos:OKEI><oos:code>003</oos:code><oos:name>Миллиметр</oos:name></oos:OKEI><oos:valueFormat>A</oos:valueFormat><oos:rangeSet><oos:valueRange><oos:minMathNotation>greaterOrEqual</oos:minMathNotation><oos:min>900.000</oos:min><oos:maxMathNotation>less</oos:maxMathNotation><oos:max>950.00</oos:max></oos:valueRange></oos:rangeSet></oos:value><oos:value><oos:OKEI><oos:code>003</oos:code><oos:name>Миллиметр</oos:name></oos:OKEI><oos:valueFormat>A</oos:valueFormat><oos:rangeSet><oos:valueRange><oos:minMathNotation>greaterOrEqual</oos:minMathNotation><oos:min>850.000</oos:min><oos:maxMathNotation>less</oos:maxMathNotation><oos:max>900.00</oos:max></oos:valueRange></oos:rangeSet></oos:value><oos:value><oos:OKEI><oos:code>003</oos:code><oos:name>Миллиметр</oos:name></oos:OKEI><oos:valueFormat>A</oos:valueFormat><oos:rangeSet><oos:valueRange><oos:minMathNotation>greaterOrEqual</oos:minMathNotation><oos:min>800.000</oos:min><oos:maxMathNotation>less</oos:maxMathNotation><oos:max>850.00</oos:max></oos:valueRange></oos:rangeSet></oos:value><oos:value><oos:OKEI><oos:code>003</oos:code><oos:name>Миллиметр</oos:name></oos:OKEI><oos:valueFormat>A</oos:valueFormat><oos:rangeSet><oos:valueRange><oos:minMathNotation>greaterOrEqual</oos:minMathNotation><oos:min>750.000</oos:min><oos:maxMathNotation>less</oos:maxMathNotation><oos:max>800.00</oos:max></oos:valueRange></oos:rangeSet></oos:value><oos:value><oos:OKEI><oos:code>003</oos:code><oos:name>Миллиметр</oos:name></oos:OKEI><oos:valueFormat>A</oos:valueFormat><oos:rangeSet><oos:valueRange><oos:minMathNotation>greaterOrEqual</oos:minMathNotation><oos:min>700.000</oos:min><oos:maxMathNotation>less</oos:maxMathNotation><oos:max>750.00</oos:max></oos:valueRange></oos:rangeSet></oos:value><oos:value><oos:OKEI><oos:code>003</oos:code><oos:name>Миллиметр</oos:name></oos:OKEI><oos:valueFormat>A</oos:valueFormat><oos:rangeSet><oos:valueRange><oos:minMathNotation>greaterOrEqual</oos:minMathNotation><oos:min>650.000</oos:min><oos:maxMathNotation>less</oos:maxMathNotation><oos:max>700.00</oos:max></oos:valueRange></oos:rangeSet></oos:value><oos:value><oos:OKEI><oos:code>003</oos:code><oos:name>Миллиметр</oos:name></oos:OKEI><oos:valueFormat>A</oos:valueFormat><oos:rangeSet><oos:valueRange><oos:minMathNotation>greaterOrEqual</oos:minMathNotation><oos:min>600.000</oos:min><oos:maxMathNotation>less</oos:maxMathNotation><oos:max>650.00</oos:max></oos:valueRange></oos:rangeSet></oos:value><oos:value><oos:OKEI><oos:code>003</oos:code><oos:name>Миллиметр</oos:name></oos:OKEI><oos:valueFormat>A</oos:valueFormat><oos:rangeSet><oos:valueRange><oos:minMathNotation>greaterOrEqual</oos:minMathNotation><oos:min>550.000</oos:min><oos:maxMathNotation>less</oos:maxMathNotation><oos:max>600.00</oos:max></oos:valueRange></oos:rangeSet></oos:value><oos:value><oos:OKEI><oos:code>003</oos:code><oos:name>Миллиметр</oos:name></oos:OKEI><oos:valueFormat>A</oos:valueFormat><oos:rangeSet><oos:valueRange><oos:minMathNotation>greaterOrEqual</oos:minMathNotation><oos:min>500.000</oos:min><oos:maxMathNotation>less</oos:maxMathNotation><oos:max>550.00</oos:max></oos:valueRange></oos:rangeSet></oos:value><oos:value><oos:OKEI><oos:code>003</oos:code><oos:name>Миллиметр</oos:name></oos:OKEI><oos:valueFormat>A</oos:valueFormat><oos:rangeSet><oos:valueRange><oos:minMathNotation>greaterOrEqual</oos:minMathNotation><oos:min>450.000</oos:min><oos:maxMathNotation>less</oos:maxMathNotation><oos:max>500.00</oos:max></oos:valueRange></oos:rangeSet></oos:value><oos:value><oos:OKEI><oos:code>003</oos:code><oos:name>Миллиметр</oos:name></oos:OKEI><oos:valueFormat>A</oos:valueFormat><oos:rangeSet><oos:valueRange><oos:minMathNotation>greaterOrEqual</oos:minMathNotation><oos:min>400.000</oos:min><oos:maxMathNotation>less</oos:maxMathNotation><oos:max>450.00</oos:max></oos:valueRange></oos:rangeSet></oos:value><oos:value><oos:OKEI><oos:code>003</oos:code><oos:name>Миллиметр</oos:name></oos:OKEI><oos:valueFormat>A</oos:valueFormat><oos:rangeSet><oos:valueRange><oos:minMathNotation>greaterOrEqual</oos:minMathNotation><oos:min>350.000</oos:min><oos:maxMathNotation>less</oos:maxMathNotation><oos:max>400.00</oos:max></oos:valueRange></oos:rangeSet></oos:value><oos:value><oos:OKEI><oos:code>003</oos:code><oos:name>Миллиметр</oos:name></oos:OKEI><oos:valueFormat>A</oos:valueFormat><oos:rangeSet><oos:valueRange><oos:minMathNotation>greaterOrEqual</oos:minMathNotation><oos:min>300.000</oos:min><oos:maxMathNotation>less</oos:maxMathNotation><oos:max>350.00</oos:max></oos:valueRange></oos:rangeSet></oos:value><oos:value><oos:OKEI><oos:code>003</oos:code><oos:name>Миллиметр</oos:name></oos:OKEI><oos:valueFormat>A</oos:valueFormat><oos:rangeSet><oos:valueRange><oos:minMathNotation>greaterOrEqual</oos:minMathNotation><oos:min>250.000</oos:min><oos:maxMathNotation>less</oos:maxMathNotation><oos:max>300.00</oos:max></oos:valueRange></oos:rangeSet></oos:value><oos:value><oos:OKEI><oos:code>003</oos:code><oos:name>Миллиметр</oos:name></oos:OKEI><oos:valueFormat>A</oos:valueFormat><oos:rangeSet><oos:valueRange><oos:minMathNotation>greaterOrEqual</oos:minMathNotation><oos:min>150.000</oos:min><oos:maxMathNotation>less</oos:maxMathNotation><oos:max>200.00</oos:max></oos:valueRange></oos:rangeSet></oos:value></oos:values></oos:characteristic><oos:characteristic><oos:code>c86c5819-7</oos:code><oos:name>Ширина листа</oos:name><oos:type>2</oos:type><oos:kind>2</oos:kind><oos:actual>true</oos:actual><oos:isRequired>false</oos:isRequired><oos:choiceType>2</oos:choiceType><oos:values><oos:value><oos:OKEI><oos:code>003</oos:code><oos:name>Миллиметр</oos:name></oos:OKEI><oos:valueFormat>A</oos:valueFormat><oos:rangeSet><oos:valueRange><oos:minMathNotation>greaterOrEqual</oos:minMathNotation><oos:min>1000.000</oos:min></oos:valueRange></oos:rangeSet></oos:value><oos:value><oos:OKEI><oos:code>003</oos:code><oos:name>Миллиметр</oos:name></oos:OKEI><oos:valueFormat>A</oos:valueFormat><oos:rangeSet><oos:valueRange><oos:minMathNotation>greaterOrEqual</oos:minMathNotation><oos:min>950.000</oos:min><oos:maxMathNotation>less</oos:maxMathNotation><oos:max>1000.00</oos:max></oos:valueRange></oos:rangeSet></oos:value><oos:value><oos:OKEI><oos:code>003</oos:code><oos:name>Миллиметр</oos:name></oos:OKEI><oos:valueFormat>A</oos:valueFormat><oos:rangeSet><oos:valueRange><oos:minMathNotation>greaterOrEqual</oos:minMathNotation><oos:min>900.000</oos:min><oos:maxMathNotation>less</oos:maxMathNotation><oos:max>950.00</oos:max></oos:valueRange></oos:rangeSet></oos:value><oos:value><oos:OKEI><oos:code>003</oos:code><oos:name>Миллиметр</oos:name></oos:OKEI><oos:valueFormat>A</oos:valueFormat><oos:rangeSet><oos:valueRange><oos:minMathNotation>greaterOrEqual</oos:minMathNotation><oos:min>850.000</oos:min><oos:maxMathNotation>less</oos:maxMathNotation><oos:max>900.00</oos:max></oos:valueRange></oos:rangeSet></oos:value><oos:value><oos:OKEI><oos:code>003</oos:code><oos:name>Миллиметр</oos:name></oos:OKEI><oos:valueFormat>A</oos:valueFormat><oos:rangeSet><oos:valueRange><oos:minMathNotation>greaterOrEqual</oos:minMathNotation><oos:min>800.000</oos:min><oos:maxMathNotation>less</oos:maxMathNotation><oos:max>850.00</oos:max></oos:valueRange></oos:rangeSet></oos:value><oos:value><oos:OKEI><oos:code>003</oos:code><oos:name>Миллиметр</oos:name></oos:OKEI><oos:valueFormat>A</oos:valueFormat><oos:rangeSet><oos:valueRange><oos:minMathNotation>greaterOrEqual</oos:minMathNotation><oos:min>750.000</oos:min><oos:maxMathNotation>less</oos:maxMathNotation><oos:max>800.00</oos:max></oos:valueRange></oos:rangeSet></oos:value><oos:value><oos:OKEI><oos:code>003</oos:code><oos:name>Миллиметр</oos:name></oos:OKEI><oos:valueFormat>A</oos:valueFormat><oos:rangeSet><oos:valueRange><oos:minMathNotation>greaterOrEqual</oos:minMathNotation><oos:min>700.000</oos:min><oos:maxMathNotation>less</oos:maxMathNotation><oos:max>750.00</oos:max></oos:valueRange></oos:rangeSet></oos:value><oos:value><oos:OKEI><oos:code>003</oos:code><oos:name>Миллиметр</oos:name></oos:OKEI><oos:valueFormat>A</oos:valueFormat><oos:rangeSet><oos:valueRange><oos:minMathNotation>greaterOrEqual</oos:minMathNotation><oos:min>650.000</oos:min><oos:maxMathNotation>less</oos:maxMathNotation><oos:max>700.00</oos:max></oos:valueRange></oos:rangeSet></oos:value><oos:value><oos:OKEI><oos:code>003</oos:code><oos:name>Миллиметр</oos:name></oos:OKEI><oos:valueFormat>A</oos:valueFormat><oos:rangeSet><oos:valueRange><oos:minMathNotation>greaterOrEqual</oos:minMathNotation><oos:min>600.000</oos:min><oos:maxMathNotation>less</oos:maxMathNotation><oos:max>650.00</oos:max></oos:valueRange></oos:rangeSet></oos:value><oos:value><oos:OKEI><oos:code>003</oos:code><oos:name>Миллиметр</oos:name></oos:OKEI><oos:valueFormat>A</oos:valueFormat><oos:rangeSet><oos:valueRange><oos:minMathNotation>greaterOrEqual</oos:minMathNotation><oos:min>550.000</oos:min><oos:maxMathNotation>less</oos:maxMathNotation><oos:max>600.00</oos:max></oos:valueRange></oos:rangeSet></oos:value><oos:value><oos:OKEI><oos:code>003</oos:code><oos:name>Миллиметр</oos:name></oos:OKEI><oos:valueFormat>A</oos:valueFormat><oos:rangeSet><oos:valueRange><oos:minMathNotation>greaterOrEqual</oos:minMathNotation><oos:min>500.000</oos:min><oos:maxMathNotation>less</oos:maxMathNotation><oos:max>550.00</oos:max></oos:valueRange></oos:rangeSet></oos:value><oos:value><oos:OKEI><oos:code>003</oos:code><oos:name>Миллиметр</oos:name></oos:OKEI><oos:valueFormat>A</oos:valueFormat><oos:rangeSet><oos:valueRange><oos:minMathNotation>greaterOrEqual</oos:minMathNotation><oos:min>450.000</oos:min><oos:maxMathNotation>less</oos:maxMathNotation><oos:max>500.00</oos:max></oos:valueRange></oos:rangeSet></oos:value><oos:value><oos:OKEI><oos:code>003</oos:code><oos:name>Миллиметр</oos:name></oos:OKEI><oos:valueFormat>A</oos:valueFormat><oos:rangeSet><oos:valueRange><oos:minMathNotation>greaterOrEqual</oos:minMathNotation><oos:min>400.000</oos:min><oos:maxMathNotation>less</oos:maxMathNotation><oos:max>450.00</oos:max></oos:valueRange></oos:rangeSet></oos:value><oos:value><oos:OKEI><oos:code>003</oos:code><oos:name>Миллиметр</oos:name></oos:OKEI><oos:valueFormat>A</oos:valueFormat><oos:rangeSet><oos:valueRange><oos:minMathNotation>greaterOrEqual</oos:minMathNotation><oos:min>350.000</oos:min><oos:maxMathNotation>less</oos:maxMathNotation><oos:max>400.00</oos:max></oos:valueRange></oos:rangeSet></oos:value><oos:value><oos:OKEI><oos:code>003</oos:code><oos:name>Миллиметр</oos:name></oos:OKEI><oos:valueFormat>A</oos:valueFormat><oos:rangeSet><oos:valueRange><oos:minMathNotation>greaterOrEqual</oos:minMathNotation><oos:min>300.000</oos:min><oos:maxMathNotation>less</oos:maxMathNotation><oos:max>350.00</oos:max></oos:valueRange></oos:rangeSet></oos:value><oos:value><oos:OKEI><oos:code>003</oos:code><oos:name>Миллиметр</oos:name></oos:OKEI><oos:valueFormat>A</oos:valueFormat><oos:rangeSet><oos:valueRange><oos:minMathNotation>greaterOrEqual</oos:minMathNotation><oos:min>250.000</oos:min><oos:maxMathNotation>less</oos:maxMathNotation><oos:max>300.00</oos:max></oos:valueRange></oos:rangeSet></oos:value><oos:value><oos:OKEI><oos:code>003</oos:code><oos:name>Миллиметр</oos:name></oos:OKEI><oos:valueFormat>A</oos:valueFormat><oos:rangeSet><oos:valueRange><oos:minMathNotation>greaterOrEqual</oos:minMathNotation><oos:min>150.000</oos:min><oos:maxMathNotation>less</oos:maxMathNotation><oos:max>200.00</oos:max></oos:valueRange></oos:rangeSet></oos:value><oos:value><oos:OKEI><oos:code>003</oos:code><oos:name>Миллиметр</oos:name></oos:OKEI><oos:valueFormat>A</oos:valueFormat><oos:rangeSet><oos:valueRange><oos:minMathNotation>greaterOrEqual</oos:minMathNotation><oos:min>100.000</oos:min><oos:maxMathNotation>less</oos:maxMathNotation><oos:max>150.00</oos:max></oos:valueRange></oos:rangeSet></oos:value></oos:values></oos:characteristic><oos:characteristic><oos:code>61ccb2f8-f</oos:code><oos:name>Количество листов в пачке</oos:name><oos:type>2</oos:type><oos:kind>2</oos:kind><oos:actual>true</oos:actual><oos:isRequired>false</oos:isRequired><oos:choiceType>2</oos:choiceType><oos:values><oos:value><oos:OKEI><oos:code>796</oos:code><oos:name>Штука</oos:name></oos:OKEI><oos:valueFormat>A</oos:valueFormat><oos:rangeSet><oos:valueRange><oos:minMathNotation>greaterOrEqual</oos:minMathNotation><oos:min>1000.000</oos:min></oos:valueRange></oos:rangeSet></oos:value><oos:value><oos:OKEI><oos:code>796</oos:code><oos:name>Штука</oos:name></oos:OKEI><oos:valueFormat>A</oos:valueFormat><oos:rangeSet><oos:valueRange><oos:minMathNotation>greaterOrEqual</oos:minMathNotation><oos:min>700.000</oos:min><oos:maxMathNotation>less</oos:maxMathNotation><oos:max>1000.00</oos:max></oos:valueRange></oos:rangeSet></oos:value><oos:value><oos:OKEI><oos:code>796</oos:code><oos:name>Штука</oos:name></oos:OKEI><oos:valueFormat>A</oos:valueFormat><oos:rangeSet><oos:valueRange><oos:minMathNotation>greaterOrEqual</oos:minMathNotation><oos:min>500.000</oos:min><oos:maxMathNotation>less</oos:maxMathNotation><oos:max>700.00</oos:max></oos:valueRange></oos:rangeSet></oos:value><oos:value><oos:OKEI><oos:code>796</oos:code><oos:name>Штука</oos:name></oos:OKEI><oos:valueFormat>A</oos:valueFormat><oos:rangeSet><oos:valueRange><oos:minMathNotation>greaterOrEqual</oos:minMathNotation><oos:min>300.000</oos:min><oos:maxMathNotation>less</oos:maxMathNotation><oos:max>500.00</oos:max></oos:valueRange></oos:rangeSet></oos:value><oos:value><oos:OKEI><oos:code>796</oos:code><oos:name>Штука</oos:name></oos:OKEI><oos:valueFormat>A</oos:valueFormat><oos:rangeSet><oos:valueRange><oos:minMathNotation>greaterOrEqual</oos:minMathNotation><oos:min>200.000</oos:min><oos:maxMathNotation>less</oos:maxMathNotation><oos:max>300.00</oos:max></oos:valueRange></oos:rangeSet></oos:value><oos:value><oos:OKEI><oos:code>796</oos:code><oos:name>Штука</oos:name></oos:OKEI><oos:valueFormat>A</oos:valueFormat><oos:rangeSet><oos:valueRange><oos:minMathNotation>greaterOrEqual</oos:minMathNotation><oos:min>100.000</oos:min><oos:maxMathNotation>less</oos:maxMathNotation><oos:max>200.00</oos:max></oos:valueRange></oos:rangeSet></oos:value><oos:value><oos:OKEI><oos:code>796</oos:code><oos:name>Штука</oos:name></oos:OKEI><oos:valueFormat>A</oos:valueFormat><oos:rangeSet><oos:valueRange><oos:minMathNotation>greaterOrEqual</oos:minMathNotation><oos:min>50.000</oos:min><oos:maxMathNotation>less</oos:maxMathNotation><oos:max>100.00</oos:max></oos:valueRange></oos:rangeSet></oos:value><oos:value><oos:OKEI><oos:code>796</oos:code><oos:name>Штука</oos:name></oos:OKEI><oos:valueFormat>A</oos:valueFormat><oos:rangeSet><oos:valueRange><oos:minMathNotation>greaterOrEqual</oos:minMathNotation><oos:min>40.000</oos:min><oos:maxMathNotation>less</oos:maxMathNotation><oos:max>50.00</oos:max></oos:valueRange></oos:rangeSet></oos:value><oos:value><oos:OKEI><oos:code>796</oos:code><oos:name>Штука</oos:name></oos:OKEI><oos:valueFormat>A</oos:valueFormat><oos:rangeSet><oos:valueRange><oos:minMathNotation>greaterOrEqual</oos:minMathNotation><oos:min>30.000</oos:min><oos:maxMathNotation>less</oos:maxMathNotation><oos:max>40.00</oos:max></oos:valueRange></oos:rangeSet></oos:value><oos:value><oos:OKEI><oos:code>796</oos:code><oos:name>Штука</oos:name></oos:OKEI><oos:valueFormat>A</oos:valueFormat><oos:rangeSet><oos:valueRange><oos:minMathNotation>greaterOrEqual</oos:minMathNotation><oos:min>20.000</oos:min><oos:maxMathNotation>less</oos:maxMathNotation><oos:max>30.00</oos:max></oos:valueRange></oos:rangeSet></oos:value><oos:value><oos:OKEI><oos:code>796</oos:code><oos:name>Штука</oos:name></oos:OKEI><oos:valueFormat>A</oos:valueFormat><oos:rangeSet><oos:valueRange><oos:minMathNotation>greaterOrEqual</oos:minMathNotation><oos:min>10.000</oos:min><oos:maxMathNotation>less</oos:maxMathNotation><oos:max>20.00</oos:max></oos:valueRange></oos:rangeSet></oos:value><oos:value><oos:OKEI><oos:code>796</oos:code><oos:name>Штука</oos:name></oos:OKEI><oos:valueFormat>A</oos:valueFormat><oos:rangeSet><oos:valueRange><oos:maxMathNotation>less</oos:maxMathNotation><oos:max>10.00</oos:max></oos:valueRange></oos:rangeSet></oos:value></oos:values></oos:characteristic><oos:characteristic><oos:code>be0cc3b9-f</oos:code><oos:name>Форма выпуска</oos:name><oos:type>1</oos:type><oos:kind>1</oos:kind><oos:actual>true</oos:actual><oos:isRequired>true</oos:isRequired><oos:choiceType>1</oos:choiceType><oos:values><oos:value><oos:qualityDescription>Лист</oos:qualityDescription></oos:value></oos:values></oos:characteristic></oos:characteristics><oos:rubricators><oos:rubricatorInfo><oos:name>Бумага и канцелярские товары</oos:name></oos:rubricatorInfo></oos:rubricators><oos:isTemplate>false</oos:isTemplate><oos:parentPositionInfo><oos:code>17.12.41.120-00000003</oos:code><oos:version>1</oos:version></oos:parentPositionInfo><oos:noNewFeatures>false</oos:noNewFeatures></oos:data></oos:position><oos:position><oos:data><oos:code>17.12.41.120-00000001</oos:code><oos:version>1</oos:version><oos:inclusionDate>2021-04-05T15:32:10+03:00</oos:inclusionDate><oos:publishDate>2021-04-05T15:32:10+03:00</oos:publishDate><oos:name>Крафт-бумага</oos:name><oos:OKPD2><oos:code>17.12.41.120</oos:code><oos:name>Крафт-бумага мешочная крепированная или гофрированная</oos:name></oos:OKPD2><oos:actual>true</oos:actual><oos:applicationDateStart>2021-06-15T00:00:00+03:00</oos:applicationDateStart><oos:OKEIs><oos:OKEI><oos:code>736</oos:code><oos:name>Рулон</oos:name></oos:OKEI></oos:OKEIs><oos:NSI><oos:standarts><oos:standart><oos:docName>ГОСТ 8273-75 Бумага оберточная. Технические условия (с Изменениями N 1, 2, 3)</oos:docName></oos:standart><oos:standart><oos:docName>ТР ТС 005/2011 Технический регламент Таможенного союза &quot;О безопасности упаковки&quot; (с изменениями на 18 октября 2016 года)</oos:docName></oos:standart><oos:standart><oos:docName>ГОСТ 2228-81 Бумага мешочная. Технические условия (с Изменениями N 1, 2, 3)</oos:docName></oos:standart></oos:standarts><oos:classifiers><oos:classifier><oos:name>Общероссийский классификатор продукции по видам экономической деятельности (ОКПД2)</oos:name><oos:values><oos:value><oos:code>17.12.41.120</oos:code><oos:name>Крафт-бумага мешочная крепированная или гофрированная</oos:name></oos:value></oos:values></oos:classifier></oos:classifiers></oos:NSI><oos:characteristics><oos:characteristic><oos:code>1ca699c4-1</oos:code><oos:name>Вид бумаги</oos:name><oos:type>1</oos:type><oos:kind>2</oos:kind><oos:actual>true</oos:actual><oos:isRequired>false</oos:isRequired><oos:choiceType>2</oos:choiceType><oos:values><oos:value><oos:qualityDescription>Оберточная</oos:qualityDescription></oos:value><oos:value><oos:qualityDescription>Мешочная</oos:qualityDescription></oos:value></oos:values></oos:characteristic><oos:characteristic><oos:code>6696fe39-3</oos:code><oos:name>Тип бумаги</oos:name><oos:type>1</oos:type><oos:kind>2</oos:kind><oos:actual>true</oos:actual><oos:isRequired>false</oos:isRequired><oos:choiceType>2</oos:choiceType><oos:values><oos:value><oos:qualityDescription>Гофрированная</oos:qualityDescription></oos:value><oos:value><oos:qualityDescription>Крепированная</oos:qualityDescription></oos:value><oos:value><oos:qualityDescription>Гладкая</oos:qualityDescription></oos:value></oos:values></oos:characteristic><oos:characteristic><oos:code>b76a548f-5</oos:code><oos:name>Тип обработки бумаги</oos:name><oos:type>1</oos:type><oos:kind>3</oos:kind><oos:actual>true</oos:actual><oos:isRequired>false</oos:isRequired><oos:choiceType>2</oos:choiceType><oos:values><oos:value><oos:qualityDescription>Ламинированная</oos:qualityDescription></oos:value><oos:value><oos:qualityDescription>Битумированная</oos:qualityDescription></oos:value><oos:value><oos:qualityDescription>Влагопрочная</oos:qualityDescription></oos:value><oos:value><oos:qualityDescription>Непропитанная</oos:qualityDescription></oos:value></oos:values></oos:characteristic><oos:characteristic><oos:code>7936e60f-8</oos:code><oos:name>Масса бумаги площадью 1м2</oos:name><oos:type>2</oos:type><oos:kind>2</oos:kind><oos:actual>true</oos:actual><oos:isRequired>true</oos:isRequired><oos:choiceType>2</oos:choiceType><oos:values><oos:value><oos:OKEI><oos:code>163</oos:code><oos:name>Грамм</oos:name></oos:OKEI><oos:valueFormat>A</oos:valueFormat><oos:rangeSet><oos:valueRange><oos:minMathNotation>greaterOrEqual</oos:minMathNotation><oos:min>160.000</oos:min></oos:valueRange></oos:rangeSet></oos:value><oos:value><oos:OKEI><oos:code>163</oos:code><oos:name>Грамм</oos:name></oos:OKEI><oos:valueFormat>A</oos:valueFormat><oos:rangeSet><oos:valueRange><oos:minMathNotation>greaterOrEqual</oos:minMathNotation><oos:min>150.000</oos:min><oos:maxMathNotation>less</oos:maxMathNotation><oos:max>160.00</oos:max></oos:valueRange></oos:rangeSet></oos:value><oos:value><oos:OKEI><oos:code>163</oos:code><oos:name>Грамм</oos:name></oos:OKEI><oos:valueFormat>A</oos:valueFormat><oos:rangeSet><oos:valueRange><oos:minMathNotation>greaterOrEqual</oos:minMathNotation><oos:min>140.000</oos:min><oos:maxMathNotation>less</oos:maxMathNotation><oos:max>150.00</oos:max></oos:valueRange></oos:rangeSet></oos:value><oos:value><oos:OKEI><oos:code>163</oos:code><oos:name>Грамм</oos:name></oos:OKEI><oos:valueFormat>A</oos:valueFormat><oos:rangeSet><oos:valueRange><oos:minMathNotation>greaterOrEqual</oos:minMathNotation><oos:min>130.000</oos:min><oos:maxMathNotation>less</oos:maxMathNotation><oos:max>140.00</oos:max></oos:valueRange></oos:rangeSet></oos:value><oos:value><oos:OKEI><oos:code>163</oos:code><oos:name>Грамм</oos:name></oos:OKEI><oos:valueFormat>A</oos:valueFormat><oos:rangeSet><oos:valueRange><oos:minMathNotation>greaterOrEqual</oos:minMathNotation><oos:min>125.000</oos:min><oos:maxMathNotation>less</oos:maxMathNotation><oos:max>130.00</oos:max></oos:valueRange></oos:rangeSet></oos:value><oos:value><oos:OKEI><oos:code>163</oos:code><oos:name>Грамм</oos:name></oos:OKEI><oos:valueFormat>A</oos:valueFormat><oos:rangeSet><oos:valueRange><oos:minMathNotation>greaterOrEqual</oos:minMathNotation><oos:min>120.000</oos:min><oos:maxMathNotation>less</oos:maxMathNotation><oos:max>125.00</oos:max></oos:valueRange></oos:rangeSet></oos:value><oos:value><oos:OKEI><oos:code>163</oos:code><oos:name>Грамм</oos:name></oos:OKEI><oos:valueFormat>A</oos:valueFormat><oos:rangeSet><oos:valueRange><oos:minMathNotation>greaterOrEqual</oos:minMathNotation><oos:min>115.000</oos:min><oos:maxMathNotation>less</oos:maxMathNotation><oos:max>120.00</oos:max></oos:valueRange></oos:rangeSet></oos:value><oos:value><oos:OKEI><oos:code>163</oos:code><oos:name>Грамм</oos:name></oos:OKEI><oos:valueFormat>A</oos:valueFormat><oos:rangeSet><oos:valueRange><oos:minMathNotation>greaterOrEqual</oos:minMathNotation><oos:min>110.000</oos:min><oos:maxMathNotation>less</oos:maxMathNotation><oos:max>115.00</oos:max></oos:valueRange></oos:rangeSet></oos:value><oos:value><oos:OKEI><oos:code>163</oos:code><oos:name>Грамм</oos:name></oos:OKEI><oos:valueFormat>A</oos:valueFormat><oos:rangeSet><oos:valueRange><oos:minMathNotation>greaterOrEqual</oos:minMathNotation><oos:min>105.000</oos:min><oos:maxMathNotation>less</oos:maxMathNotation><oos:max>110.00</oos:max></oos:valueRange></oos:rangeSet></oos:value><oos:value><oos:OKEI><oos:code>163</oos:code><oos:name>Грамм</oos:name></oos:OKEI><oos:valueFormat>A</oos:valueFormat><oos:rangeSet><oos:valueRange><oos:minMathNotation>greaterOrEqual</oos:minMathNotation><oos:min>100.000</oos:min><oos:maxMathNotation>less</oos:maxMathNotation><oos:max>105.00</oos:max></oos:valueRange></oos:rangeSet></oos:value><oos:value><oos:OKEI><oos:code>163</oos:code><oos:name>Грамм</oos:name></oos:OKEI><oos:valueFormat>A</oos:valueFormat><oos:rangeSet><oos:valueRange><oos:minMathNotation>greaterOrEqual</oos:minMathNotation><oos:min>95.000</oos:min><oos:maxMathNotation>less</oos:maxMathNotation><oos:max>100.00</oos:max></oos:valueRange></oos:rangeSet></oos:value><oos:value><oos:OKEI><oos:code>163</oos:code><oos:name>Грамм</oos:name></oos:OKEI><oos:valueFormat>A</oos:valueFormat><oos:rangeSet><oos:valueRange><oos:minMathNotation>greaterOrEqual</oos:minMathNotation><oos:min>90.000</oos:min><oos:maxMathNotation>less</oos:maxMathNotation><oos:max>95.00</oos:max></oos:valueRange></oos:rangeSet></oos:value><oos:value><oos:OKEI><oos:code>163</oos:code><oos:name>Грамм</oos:name></oos:OKEI><oos:valueFormat>A</oos:valueFormat><oos:rangeSet><oos:valueRange><oos:minMathNotation>greaterOrEqual</oos:minMathNotation><oos:min>80.000</oos:min><oos:maxMathNotation>less</oos:maxMathNotation><oos:max>85.00</oos:max></oos:valueRange></oos:rangeSet></oos:value><oos:value><oos:OKEI><oos:code>163</oos:code><oos:name>Грамм</oos:name></oos:OKEI><oos:valueFormat>A</oos:valueFormat><oos:rangeSet><oos:valueRange><oos:minMathNotation>greaterOrEqual</oos:minMathNotation><oos:min>75.000</oos:min><oos:maxMathNotation>less</oos:maxMathNotation><oos:max>80.00</oos:max></oos:valueRange></oos:rangeSet></oos:value><oos:value><oos:OKEI><oos:code>163</oos:code><oos:name>Грамм</oos:name></oos:OKEI><oos:valueFormat>A</oos:valueFormat><oos:rangeSet><oos:valueRange><oos:minMathNotation>greaterOrEqual</oos:minMathNotation><oos:min>70.000</oos:min><oos:maxMathNotation>less</oos:maxMathNotation><oos:max>75.00</oos:max></oos:valueRange></oos:rangeSet></oos:value><oos:value><oos:OKEI><oos:code>163</oos:code><oos:name>Грамм</oos:name></oos:OKEI><oos:valueFormat>A</oos:valueFormat><oos:rangeSet><oos:valueRange><oos:minMathNotation>greaterOrEqual</oos:minMathNotation><oos:min>65.000</oos:min><oos:maxMathNotation>less</oos:maxMathNotation><oos:max>70.00</oos:max></oos:valueRange></oos:rangeSet></oos:value><oos:value><oos:OKEI><oos:code>163</oos:code><oos:name>Грамм</oos:name></oos:OKEI><oos:valueFormat>A</oos:valueFormat><oos:rangeSet><oos:valueRange><oos:minMathNotation>greaterOrEqual</oos:minMathNotation><oos:min>60.000</oos:min><oos:maxMathNotation>less</oos:maxMathNotation><oos:max>65.00</oos:max></oos:valueRange></oos:rangeSet></oos:value><oos:value><oos:OKEI><oos:code>163</oos:code><oos:name>Грамм</oos:name></oos:OKEI><oos:valueFormat>A</oos:valueFormat><oos:rangeSet><oos:valueRange><oos:minMathNotation>greaterOrEqual</oos:minMathNotation><oos:min>55.000</oos:min><oos:maxMathNotation>less</oos:maxMathNotation><oos:max>60.00</oos:max></oos:valueRange></oos:rangeSet></oos:value><oos:value><oos:OKEI><oos:code>163</oos:code><oos:name>Грамм</oos:name></oos:OKEI><oos:valueFormat>A</oos:valueFormat><oos:rangeSet><oos:valueRange><oos:minMathNotation>greaterOrEqual</oos:minMathNotation><oos:min>50.000</oos:min><oos:maxMathNotation>less</oos:maxMathNotation><oos:max>55.00</oos:max></oos:valueRange></oos:rangeSet></oos:value><oos:value><oos:OKEI><oos:code>163</oos:code><oos:name>Грамм</oos:name></oos:OKEI><oos:valueFormat>A</oos:valueFormat><oos:rangeSet><oos:valueRange><oos:minMathNotation>greaterOrEqual</oos:minMathNotation><oos:min>45.000</oos:min><oos:maxMathNotation>less</oos:maxMathNotation><oos:max>50.00</oos:max></oos:valueRange></oos:rangeSet></oos:value><oos:value><oos:OKEI><oos:code>163</oos:code><oos:name>Грамм</oos:name></oos:OKEI><oos:valueFormat>A</oos:valueFormat><oos:rangeSet><oos:valueRange><oos:minMathNotation>greaterOrEqual</oos:minMathNotation><oos:min>40.000</oos:min><oos:maxMathNotation>less</oos:maxMathNotation><oos:max>45.00</oos:max></oos:valueRange></oos:rangeSet></oos:value><oos:value><oos:OKEI><oos:code>163</oos:code><oos:name>Грамм</oos:name></oos:OKEI><oos:valueFormat>A</oos:valueFormat><oos:rangeSet><oos:valueRange><oos:minMathNotation>greaterOrEqual</oos:minMathNotation><oos:min>35.000</oos:min><oos:maxMathNotation>less</oos:maxMathNotation><oos:max>40.00</oos:max></oos:valueRange></oos:rangeSet></oos:value><oos:value><oos:OKEI><oos:code>163</oos:code><oos:name>Грамм</oos:name></oos:OKEI><oos:valueFormat>A</oos:valueFormat><oos:rangeSet><oos:valueRange><oos:minMathNotation>greaterOrEqual</oos:minMathNotation><oos:min>30.000</oos:min><oos:maxMathNotation>less</oos:maxMathNotation><oos:max>35.00</oos:max></oos:valueRange></oos:rangeSet></oos:value><oos:value><oos:OKEI><oos:code>163</oos:code><oos:name>Грамм</oos:name></oos:OKEI><oos:valueFormat>A</oos:valueFormat><oos:rangeSet><oos:valueRange><oos:minMathNotation>greaterOrEqual</oos:minMathNotation><oos:min>25.000</oos:min><oos:maxMathNotation>less</oos:maxMathNotation><oos:max>30.00</oos:max></oos:valueRange></oos:rangeSet></oos:value><oos:value><oos:OKEI><oos:code>163</oos:code><oos:name>Грамм</oos:name></oos:OKEI><oos:valueFormat>A</oos:valueFormat><oos:rangeSet><oos:valueRange><oos:minMathNotation>greaterOrEqual</oos:minMathNotation><oos:min>20.000</oos:min><oos:maxMathNotation>less</oos:maxMathNotation><oos:max>25.00</oos:max></oos:valueRange></oos:rangeSet></oos:value></oos:values></oos:characteristic><oos:characteristic><oos:code>52cc625a-9</oos:code><oos:name>Влажность</oos:name><oos:type>2</oos:type><oos:kind>2</oos:kind><oos:actual>true</oos:actual><oos:isRequired>false</oos:isRequired><oos:choiceType>2</oos:choiceType><oos:values><oos:value><oos:OKEI><oos:code>744</oos:code><oos:name>Процент</oos:name></oos:OKEI><oos:valueFormat>A</oos:valueFormat><oos:rangeSet><oos:valueRange><oos:minMathNotation>greaterOrEqual</oos:minMathNotation><oos:min>15.000</oos:min></oos:valueRange></oos:rangeSet></oos:value><oos:value><oos:OKEI><oos:code>744</oos:code><oos:name>Процент</oos:name></oos:OKEI><oos:valueFormat>A</oos:valueFormat><oos:rangeSet><oos:valueRange><oos:minMathNotation>greaterOrEqual</oos:minMathNotation><oos:min>14.000</oos:min></oos:valueRange></oos:rangeSet></oos:value><oos:value><oos:OKEI><oos:code>744</oos:code><oos:name>Процент</oos:name></oos:OKEI><oos:valueFormat>A</oos:valueFormat><oos:rangeSet><oos:valueRange><oos:minMathNotation>greaterOrEqual</oos:minMathNotation><oos:min>13.000</oos:min></oos:valueRange></oos:rangeSet></oos:value><oos:value><oos:OKEI><oos:code>744</oos:code><oos:name>Процент</oos:name></oos:OKEI><oos:valueFormat>A</oos:valueFormat><oos:rangeSet><oos:valueRange><oos:minMathNotation>greaterOrEqual</oos:minMathNotation><oos:min>12.000</oos:min></oos:valueRange></oos:rangeSet></oos:value><oos:value><oos:OKEI><oos:code>744</oos:code><oos:name>Процент</oos:name></oos:OKEI><oos:valueFormat>A</oos:valueFormat><oos:rangeSet><oos:valueRange><oos:minMathNotation>greaterOrEqual</oos:minMathNotation><oos:min>11.000</oos:min></oos:valueRange></oos:rangeSet></oos:value><oos:value><oos:OKEI><oos:code>744</oos:code><oos:name>Процент</oos:name></oos:OKEI><oos:valueFormat>A</oos:valueFormat><oos:rangeSet><oos:valueRange><oos:minMathNotation>greaterOrEqual</oos:minMathNotation><oos:min>10.000</oos:min></oos:valueRange></oos:rangeSet></oos:value><oos:value><oos:OKEI><oos:code>744</oos:code><oos:name>Процент</oos:name></oos:OKEI><oos:valueFormat>A</oos:valueFormat><oos:rangeSet><oos:valueRange><oos:minMathNotation>greaterOrEqual</oos:minMathNotation><oos:min>9.000</oos:min></oos:valueRange></oos:rangeSet></oos:value><oos:value><oos:OKEI><oos:code>744</oos:code><oos:name>Процент</oos:name></oos:OKEI><oos:valueFormat>A</oos:valueFormat><oos:rangeSet><oos:valueRange><oos:minMathNotation>greaterOrEqual</oos:minMathNotation><oos:min>8.000</oos:min></oos:valueRange></oos:rangeSet></oos:value><oos:value><oos:OKEI><oos:code>744</oos:code><oos:name>Процент</oos:name></oos:OKEI><oos:valueFormat>A</oos:valueFormat><oos:rangeSet><oos:valueRange><oos:minMathNotation>greaterOrEqual</oos:minMathNotation><oos:min>7.000</oos:min></oos:valueRange></oos:rangeSet></oos:value><oos:value><oos:OKEI><oos:code>744</oos:code><oos:name>Процент</oos:name></oos:OKEI><oos:valueFormat>A</oos:valueFormat><oos:rangeSet><oos:valueRange><oos:minMathNotation>greaterOrEqual</oos:minMathNotation><oos:min>6.000</oos:min></oos:valueRange></oos:rangeSet></oos:value></oos:values></oos:characteristic><oos:characteristic><oos:code>396a8885-2</oos:code><oos:name>Ширина рулона</oos:name><oos:type>2</oos:type><oos:kind>2</oos:kind><oos:actual>true</oos:actual><oos:isRequired>false</oos:isRequired><oos:choiceType>2</oos:choiceType><oos:values><oos:value><oos:OKEI><oos:code>003</oos:code><oos:name>Миллиметр</oos:name></oos:OKEI><oos:valueFormat>A</oos:valueFormat><oos:rangeSet><oos:valueRange><oos:minMathNotation>greaterOrEqual</oos:minMathNotation><oos:min>1500.000</oos:min></oos:valueRange></oos:rangeSet></oos:value><oos:value><oos:OKEI><oos:code>003</oos:code><oos:name>Миллиметр</oos:name></oos:OKEI><oos:valueFormat>A</oos:valueFormat><oos:rangeSet><oos:valueRange><oos:minMathNotation>greaterOrEqual</oos:minMathNotation><oos:min>1400.000</oos:min><oos:maxMathNotation>less</oos:maxMathNotation><oos:max>1500.00</oos:max></oos:valueRange></oos:rangeSet></oos:value><oos:value><oos:OKEI><oos:code>003</oos:code><oos:name>Миллиметр</oos:name></oos:OKEI><oos:valueFormat>A</oos:valueFormat><oos:rangeSet><oos:valueRange><oos:minMathNotation>greaterOrEqual</oos:minMathNotation><oos:min>1300.000</oos:min><oos:maxMathNotation>less</oos:maxMathNotation><oos:max>1400.00</oos:max></oos:valueRange></oos:rangeSet></oos:value><oos:value><oos:OKEI><oos:code>003</oos:code><oos:name>Миллиметр</oos:name></oos:OKEI><oos:valueFormat>A</oos:valueFormat><oos:rangeSet><oos:valueRange><oos:minMathNotation>greaterOrEqual</oos:minMathNotation><oos:min>1200.000</oos:min><oos:maxMathNotation>less</oos:maxMathNotation><oos:max>1300.00</oos:max></oos:valueRange></oos:rangeSet></oos:value><oos:value><oos:OKEI><oos:code>003</oos:code><oos:name>Миллиметр</oos:name></oos:OKEI><oos:valueFormat>A</oos:valueFormat><oos:rangeSet><oos:valueRange><oos:minMathNotation>greaterOrEqual</oos:minMathNotation><oos:min>1100.000</oos:min><oos:maxMathNotation>less</oos:maxMathNotation><oos:max>1200.00</oos:max></oos:valueRange></oos:rangeSet></oos:value><oos:value><oos:OKEI><oos:code>003</oos:code><oos:name>Миллиметр</oos:name></oos:OKEI><oos:valueFormat>A</oos:valueFormat><oos:rangeSet><oos:valueRange><oos:minMathNotation>greaterOrEqual</oos:minMathNotation><oos:min>1000.000</oos:min><oos:maxMathNotation>less</oos:maxMathNotation><oos:max>1100.00</oos:max></oos:valueRange></oos:rangeSet></oos:value><oos:value><oos:OKEI><oos:code>003</oos:code><oos:name>Миллиметр</oos:name></oos:OKEI><oos:valueFormat>A</oos:valueFormat><oos:rangeSet><oos:valueRange><oos:minMathNotation>greaterOrEqual</oos:minMathNotation><oos:min>900.000</oos:min><oos:maxMathNotation>less</oos:maxMathNotation><oos:max>1000.00</oos:max></oos:valueRange></oos:rangeSet></oos:value><oos:value><oos:OKEI><oos:code>003</oos:code><oos:name>Миллиметр</oos:name></oos:OKEI><oos:valueFormat>A</oos:valueFormat><oos:rangeSet><oos:valueRange><oos:maxMathNotation>less</oos:maxMathNotation><oos:max>900.00</oos:max></oos:valueRange></oos:rangeSet></oos:value></oos:values></oos:characteristic><oos:characteristic><oos:code>ec6558a9-5</oos:code><oos:name>Длина рулона</oos:name><oos:type>2</oos:type><oos:kind>2</oos:kind><oos:actual>true</oos:actual><oos:isRequired>false</oos:isRequired><oos:choiceType>2</oos:choiceType><oos:values><oos:value><oos:OKEI><oos:code>006</oos:code><oos:name>Метр</oos:name></oos:OKEI><oos:valueFormat>A</oos:valueFormat><oos:rangeSet><oos:valueRange><oos:minMathNotation>greaterOrEqual</oos:minMathNotation><oos:min>150.000</oos:min></oos:valueRange></oos:rangeSet></oos:value><oos:value><oos:OKEI><oos:code>006</oos:code><oos:name>Метр</oos:name></oos:OKEI><oos:valueFormat>A</oos:valueFormat><oos:rangeSet><oos:valueRange><oos:minMathNotation>greaterOrEqual</oos:minMathNotation><oos:min>100.000</oos:min><oos:maxMathNotation>less</oos:maxMathNotation><oos:max>150.00</oos:max></oos:valueRange></oos:rangeSet></oos:value><oos:value><oos:OKEI><oos:code>006</oos:code><oos:name>Метр</oos:name></oos:OKEI><oos:valueFormat>A</oos:valueFormat><oos:rangeSet><oos:valueRange><oos:minMathNotation>greaterOrEqual</oos:minMathNotation><oos:min>50.000</oos:min><oos:maxMathNotation>less</oos:maxMathNotation><oos:max>100.00</oos:max></oos:valueRange></oos:rangeSet></oos:value><oos:value><oos:OKEI><oos:code>006</oos:code><oos:name>Метр</oos:name></oos:OKEI><oos:valueFormat>A</oos:valueFormat><oos:rangeSet><oos:valueRange><oos:maxMathNotation>less</oos:maxMathNotation><oos:max>50.00</oos:max></oos:valueRange></oos:rangeSet></oos:value></oos:values></oos:characteristic><oos:characteristic><oos:code>be0cc3b9-f</oos:code><oos:name>Форма выпуска</oos:name><oos:type>1</oos:type><oos:kind>1</oos:kind><oos:actual>true</oos:actual><oos:isRequired>true</oos:isRequired><oos:choiceType>1</oos:choiceType><oos:values><oos:value><oos:qualityDescription>Рулон</oos:qualityDescription></oos:value></oos:values></oos:characteristic></oos:characteristics><oos:rubricators><oos:rubricatorInfo><oos:name>Бумага и канцелярские товары</oos:name></oos:rubricatorInfo></oos:rubricators><oos:isTemplate>false</oos:isTemplate><oos:parentPositionInfo><oos:code>17.12.41.120-00000003</oos:code><oos:version>1</oos:version></oos:parentPositionInfo><oos:noNewFeatures>false</oos:noNewFeatures></oos:data></oos:position></nsiKTRUs></export>