<?xml version="1.0" encoding="UTF-8"?><export xmlns:xsi="http://www.w3.org/2001/XMLSchema-instance" xmlns="http://zakupki.gov.ru/oos/export/1" xmlns:oos="http://zakupki.gov.ru/oos/types/1"><nsiEATaxesList><nsiEATaxes><oos:code>1</oos:code><oos:name>Налог на доходы физических лиц</oos:name><oos:updateDate>2021-04-03T01:24:49.000000</oos:updateDate><oos:isActual>true</oos:isActual></nsiEATaxes><nsiEATaxes><oos:code>2</oos:code><oos:name>Страховые взносы на обязательное пенсионное страхование</oos:name><oos:updateDate>2021-04-03T01:24:49.000000</oos:updateDate><oos:isActual>true</oos:isActual></nsiEATaxes><nsiEATaxes><oos:code>3</oos:code><oos:name>Страховые взносы на обязательное медицинское страхование</oos:name><oos:updateDate>2021-04-03T01:24:49.000000</oos:updateDate><oos:isActual>true</oos:isActual></nsiEATaxes><nsiEATaxes><oos:code>4</oos:code><oos:name>Страховые взносы на обязательное социальное страхование</oos:name><oos:updateDate>2021-04-03T01:24:49.000000</oos:updateDate><oos:isActual>true</oos:isActual></nsiEATaxes><nsiEATaxes><oos:code>5</oos:code><oos:name>Другие налоги / взносы</oos:name><oos:updateDate>2021-04-03T01:24:49.000000</oos:updateDate><oos:isActual>true</oos:isActual></nsiEATaxes></nsiEATaxesList></export>